month,dow,hour,member,bike,n,sum_min
1,1,0,member,electric_bike,49,313.0
1,1,0,casual,electric_bike,33,222.0
1,1,0,member,classic_bike,10,119.3
1,1,0,casual,classic_bike,3,23.6
1,1,1,member,electric_bike,27,224.3
1,1,1,casual,classic_bike,5,1104.9
1,1,1,member,classic_bike,4,29.6
1,1,1,casual,electric_bike,6,35.6
1,1,2,casual,classic_bike,2,8.3
1,1,2,member,electric_bike,9,74.8
1,1,2,casual,electric_bike,2,14.3
1,1,2,member,classic_bike,2,56.1
1,1,3,casual,electric_bike,12,128.4
1,1,3,member,classic_bike,7,74.1
1,1,3,casual,classic_bike,3,26.1
1,1,3,member,electric_bike,15,163.0
1,1,4,member,electric_bike,22,210.0
1,1,4,member,classic_bike,10,110.4
1,1,4,casual,classic_bike,4,16.3
1,1,4,casual,electric_bike,6,28.3
1,1,5,casual,electric_bike,20,106.9
1,1,5,member,classic_bike,90,832.7
1,1,5,member,electric_bike,125,831.6
1,1,5,casual,classic_bike,3,91.8
1,1,6,casual,electric_bike,54,398.1
1,1,6,member,classic_bike,239,2303.5
1,1,6,member,electric_bike,394,2939.6
1,1,6,casual,classic_bike,11,307.8
1,1,7,casual,electric_bike,106,658.4
1,1,7,member,electric_bike,660,4971.1
1,1,7,casual,classic_bike,29,220.8
1,1,7,member,classic_bike,410,4386.6
1,1,8,casual,electric_bike,109,710.0
1,1,8,member,classic_bike,513,5356.4
1,1,8,casual,classic_bike,42,616.1
1,1,8,member,electric_bike,805,6335.6
1,1,9,casual,classic_bike,25,312.6
1,1,9,member,electric_bike,439,3564.9
1,1,9,casual,electric_bike,78,967.5
1,1,9,member,classic_bike,271,2684.1
1,1,10,member,classic_bike,218,1840.7
1,1,10,casual,classic_bike,24,534.1
1,1,10,casual,electric_bike,66,446.4
1,1,10,member,electric_bike,295,2970.3
1,1,11,member,electric_bike,360,3508.5
1,1,11,casual,electric_bike,85,660.7
1,1,11,member,classic_bike,254,2466.0
1,1,11,casual,classic_bike,34,500.8
1,1,12,casual,electric_bike,89,691.3
1,1,12,member,classic_bike,286,2741.8
1,1,12,member,electric_bike,406,2716.0
1,1,12,casual,classic_bike,48,744.4
1,1,13,member,classic_bike,303,3034.1
1,1,13,casual,classic_bike,44,1490.3
1,1,13,member,electric_bike,435,3093.4
1,1,13,casual,electric_bike,106,765.3
1,1,14,casual,electric_bike,132,1262.1
1,1,14,member,electric_bike,415,3847.3
1,1,14,member,classic_bike,276,2793.7
1,1,14,casual,classic_bike,28,443.2
1,1,15,member,classic_bike,353,3619.7
1,1,15,casual,classic_bike,37,670.8
1,1,15,member,electric_bike,609,5830.6
1,1,15,casual,electric_bike,130,932.0
1,1,16,casual,classic_bike,39,2271.3
1,1,16,casual,electric_bike,189,1626.9
1,1,16,member,classic_bike,468,4946.7
1,1,16,member,electric_bike,930,8724.0
1,1,17,member,classic_bike,573,6408.5
1,1,17,casual,electric_bike,133,1019.8
1,1,17,member,electric_bike,980,10061.0
1,1,17,casual,classic_bike,53,494.5
1,1,18,casual,classic_bike,39,1964.9
1,1,18,member,electric_bike,628,5453.7
1,1,18,member,classic_bike,410,4038.8
1,1,18,casual,electric_bike,116,857.8
1,1,19,casual,electric_bike,88,597.5
1,1,19,member,classic_bike,237,2250.0
1,1,19,casual,classic_bike,31,303.6
1,1,19,member,electric_bike,405,3300.2
1,1,20,member,classic_bike,180,1792.5
1,1,20,casual,electric_bike,68,500.1
1,1,20,casual,classic_bike,17,247.0
1,1,20,member,electric_bike,251,1918.0
1,1,21,casual,classic_bike,7,55.4
1,1,21,member,electric_bike,228,1977.0
1,1,21,casual,electric_bike,56,410.7
1,1,21,member,classic_bike,134,1908.8
1,1,22,casual,classic_bike,21,260.6
1,1,22,member,electric_bike,140,1032.1
1,1,22,casual,electric_bike,32,265.0
1,1,22,member,classic_bike,89,648.5
1,1,23,member,electric_bike,82,661.5
1,1,23,member,classic_bike,44,351.9
1,1,23,casual,classic_bike,7,45.0
1,1,23,casual,electric_bike,36,463.3
1,2,0,member,electric_bike,47,424.5
1,2,0,casual,electric_bike,21,311.4
1,2,0,member,classic_bike,11,133.0
1,2,0,casual,classic_bike,2,29.0
1,2,1,member,electric_bike,25,185.4
1,2,1,casual,electric_bike,16,121.5
1,2,1,member,classic_bike,3,10.5
1,2,2,casual,electric_bike,9,74.6
1,2,2,member,classic_bike,5,46.2
1,2,2,member,electric_bike,9,59.0
1,2,2,casual,classic_bike,1,4.4
1,2,3,member,electric_bike,17,167.5
1,2,3,member,classic_bike,6,41.5
1,2,3,casual,electric_bike,5,51.3
1,2,4,member,classic_bike,16,115.6
1,2,4,member,electric_bike,37,233.5
1,2,4,casual,electric_bike,15,71.1
1,2,4,casual,classic_bike,3,20.6
1,2,5,member,electric_bike,138,1013.9
1,2,5,casual,electric_bike,16,90.5
1,2,5,member,classic_bike,101,899.9
1,2,5,casual,classic_bike,10,65.1
1,2,6,member,electric_bike,401,3283.5
1,2,6,member,classic_bike,265,2540.3
1,2,6,casual,electric_bike,60,471.8
1,2,6,casual,classic_bike,13,111.3
1,2,7,member,electric_bike,768,6873.4
1,2,7,casual,electric_bike,121,803.4
1,2,7,member,classic_bike,489,5657.2
1,2,7,casual,classic_bike,27,187.8
1,2,8,casual,electric_bike,140,1484.3
1,2,8,casual,classic_bike,56,810.9
1,2,8,member,classic_bike,642,6756.9
1,2,8,member,electric_bike,974,8511.4
1,2,9,member,electric_bike,462,3600.5
1,2,9,casual,electric_bike,83,521.0
1,2,9,member,classic_bike,327,3152.4
1,2,9,casual,classic_bike,42,1135.6
1,2,10,member,electric_bike,333,3871.4
1,2,10,member,classic_bike,227,1881.8
1,2,10,casual,classic_bike,33,448.0
1,2,10,casual,electric_bike,69,569.3
1,2,11,casual,electric_bike,89,806.6
1,2,11,member,classic_bike,252,2315.7
1,2,11,casual,classic_bike,40,960.1
1,2,11,member,electric_bike,349,3982.1
1,2,12,member,electric_bike,419,3336.7
1,2,12,casual,classic_bike,45,867.1
1,2,12,member,classic_bike,301,2827.7
1,2,12,casual,electric_bike,98,984.4
1,2,13,casual,classic_bike,40,858.8
1,2,13,member,electric_bike,402,3413.4
1,2,13,member,classic_bike,292,2773.9
1,2,13,casual,electric_bike,75,707.1
1,2,14,casual,classic_bike,42,631.5
1,2,14,member,classic_bike,251,2516.3
1,2,14,casual,electric_bike,130,985.7
1,2,14,member,electric_bike,404,3447.2
1,2,15,member,classic_bike,401,4408.4
1,2,15,casual,classic_bike,63,1422.4
1,2,15,member,electric_bike,660,6020.2
1,2,15,casual,electric_bike,145,1311.3
1,2,16,member,classic_bike,630,9190.7
1,2,16,casual,classic_bike,80,1240.0
1,2,16,member,electric_bike,1096,10800.8
1,2,16,casual,electric_bike,198,1703.8
1,2,17,member,classic_bike,753,9814.6
1,2,17,casual,classic_bike,87,2487.8
1,2,17,member,electric_bike,1216,12182.3
1,2,17,casual,electric_bike,215,1835.3
1,2,18,casual,electric_bike,133,1056.4
1,2,18,member,classic_bike,519,5090.3
1,2,18,casual,classic_bike,47,1376.9
1,2,18,member,electric_bike,766,6978.7
1,2,19,casual,classic_bike,28,317.5
1,2,19,member,classic_bike,350,5585.0
1,2,19,casual,electric_bike,74,600.9
1,2,19,member,electric_bike,474,3923.3
1,2,20,member,classic_bike,190,2560.0
1,2,20,member,electric_bike,308,2247.1
1,2,20,casual,electric_bike,59,460.0
1,2,20,casual,classic_bike,29,1036.1
1,2,21,casual,electric_bike,47,336.3
1,2,21,member,electric_bike,225,1700.4
1,2,21,casual,classic_bike,20,130.9
1,2,21,member,classic_bike,146,1409.3
1,2,22,member,classic_bike,75,760.1
1,2,22,casual,classic_bike,15,1387.6
1,2,22,member,electric_bike,127,1027.8
1,2,22,casual,electric_bike,36,326.0
1,2,23,casual,electric_bike,53,1095.8
1,2,23,member,electric_bike,86,968.3
1,2,23,casual,classic_bike,25,1625.8
1,2,23,member,classic_bike,45,1361.9
1,3,0,member,electric_bike,148,1399.1
1,3,0,member,classic_bike,52,806.5
1,3,0,casual,electric_bike,151,1746.7
1,3,0,casual,classic_bike,68,2033.9
1,3,1,member,electric_bike,142,1467.9
1,3,1,casual,classic_bike,108,1594.8
1,3,1,member,classic_bike,54,716.8
1,3,1,casual,electric_bike,169,2014.2
1,3,2,casual,electric_bike,89,950.9
1,3,2,member,electric_bike,81,960.3
1,3,2,casual,classic_bike,54,988.3
1,3,2,member,classic_bike,26,297.7
1,3,3,casual,electric_bike,22,139.3
1,3,3,member,electric_bike,43,617.7
1,3,3,member,classic_bike,18,228.5
1,3,3,casual,classic_bike,10,95.1
1,3,4,casual,electric_bike,19,150.4
1,3,4,member,electric_bike,32,229.9
1,3,4,member,classic_bike,20,173.2
1,3,4,casual,classic_bike,8,109.0
1,3,5,casual,electric_bike,30,167.9
1,3,5,casual,classic_bike,11,607.8
1,3,5,member,electric_bike,170,1235.7
1,3,5,member,classic_bike,128,1038.6
1,3,6,member,classic_bike,301,3045.6
1,3,6,casual,electric_bike,71,410.4
1,3,6,member,electric_bike,474,3638.5
1,3,6,casual,classic_bike,21,218.0
1,3,7,casual,electric_bike,147,954.4
1,3,7,casual,classic_bike,60,617.9
1,3,7,member,electric_bike,860,7122.1
1,3,7,member,classic_bike,589,9392.3
1,3,8,casual,classic_bike,67,550.6
1,3,8,member,electric_bike,1189,10996.8
1,3,8,casual,electric_bike,187,1418.6
1,3,8,member,classic_bike,763,9290.3
1,3,9,member,electric_bike,610,5034.2
1,3,9,member,classic_bike,418,4724.6
1,3,9,casual,electric_bike,117,818.4
1,3,9,casual,classic_bike,50,975.3
1,3,10,casual,electric_bike,98,795.8
1,3,10,casual,classic_bike,50,1329.3
1,3,10,member,electric_bike,402,3755.7
1,3,10,member,classic_bike,344,3377.4
1,3,11,casual,classic_bike,75,1000.0
1,3,11,casual,electric_bike,148,1516.8
1,3,11,member,electric_bike,538,5061.1
1,3,11,member,classic_bike,392,3852.2
1,3,12,casual,classic_bike,69,1415.3
1,3,12,member,classic_bike,368,4125.8
1,3,12,casual,electric_bike,169,1675.1
1,3,12,member,electric_bike,620,5294.3
1,3,13,member,electric_bike,634,4889.6
1,3,13,casual,electric_bike,152,1533.6
1,3,13,casual,classic_bike,65,1255.1
1,3,13,member,classic_bike,353,3547.9
1,3,14,casual,classic_bike,82,1473.9
1,3,14,member,classic_bike,377,4657.4
1,3,14,casual,electric_bike,174,2014.9
1,3,14,member,electric_bike,670,5301.1
1,3,15,member,classic_bike,482,5384.2
1,3,15,member,electric_bike,905,7681.1
1,3,15,casual,electric_bike,250,2245.4
1,3,15,casual,classic_bike,100,2425.0
1,3,16,casual,electric_bike,326,2715.9
1,3,16,member,classic_bike,763,8772.2
1,3,16,casual,classic_bike,100,1826.2
1,3,16,member,electric_bike,1399,14099.1
1,3,17,member,classic_bike,918,10056.5
1,3,17,member,electric_bike,1470,13892.8
1,3,17,casual,electric_bike,301,2496.6
1,3,17,casual,classic_bike,109,3125.2
1,3,18,member,classic_bike,580,6216.8
1,3,18,member,electric_bike,1035,8839.9
1,3,18,casual,electric_bike,219,1828.7
1,3,18,casual,classic_bike,82,874.8
1,3,19,casual,classic_bike,69,972.3
1,3,19,casual,electric_bike,125,950.1
1,3,19,member,electric_bike,653,5083.8
1,3,19,member,classic_bike,390,4034.4
1,3,20,member,classic_bike,292,3068.5
1,3,20,casual,electric_bike,107,1134.0
1,3,20,casual,classic_bike,36,442.5
1,3,20,member,electric_bike,397,3219.9
1,3,21,member,classic_bike,186,1687.9
1,3,21,casual,classic_bike,39,614.1
1,3,21,casual,electric_bike,90,721.6
1,3,21,member,electric_bike,350,2780.2
1,3,22,member,electric_bike,220,1787.3
1,3,22,casual,classic_bike,23,276.8
1,3,22,member,classic_bike,111,1125.1
1,3,22,casual,electric_bike,56,404.8
1,3,23,member,electric_bike,122,1087.5
1,3,23,member,classic_bike,39,414.4
1,3,23,casual,electric_bike,63,503.2
1,3,23,casual,classic_bike,18,420.7
1,4,0,casual,electric_bike,35,209.1
1,4,0,member,classic_bike,26,297.8
1,4,0,casual,classic_bike,10,88.6
1,4,0,member,electric_bike,53,664.6
1,4,1,casual,classic_bike,6,113.7
1,4,1,casual,electric_bike,26,228.9
1,4,1,member,electric_bike,32,247.2
1,4,1,member,classic_bike,16,200.5
1,4,2,member,electric_bike,13,82.1
1,4,2,casual,classic_bike,11,385.4
1,4,2,member,classic_bike,4,16.7
1,4,2,casual,electric_bike,18,155.2
1,4,3,casual,classic_bike,1,11.4
1,4,3,member,classic_bike,4,13.7
1,4,3,member,electric_bike,19,146.1
1,4,3,casual,electric_bike,15,119.1
1,4,4,casual,electric_bike,18,151.9
1,4,4,member,electric_bike,50,336.2
1,4,4,casual,classic_bike,5,42.3
1,4,4,member,classic_bike,14,156.8
1,4,5,member,classic_bike,112,1127.8
1,4,5,casual,classic_bike,11,100.0
1,4,5,member,electric_bike,192,1242.8
1,4,5,casual,electric_bike,35,231.5
1,4,6,member,classic_bike,283,3903.8
1,4,6,casual,classic_bike,19,150.6
1,4,6,member,electric_bike,609,5236.7
1,4,6,casual,electric_bike,102,594.4
1,4,7,member,electric_bike,1148,9759.5
1,4,7,casual,classic_bike,56,538.6
1,4,7,casual,electric_bike,197,1345.3
1,4,7,member,classic_bike,680,7369.5
1,4,8,casual,electric_bike,226,1791.0
1,4,8,member,classic_bike,934,9832.0
1,4,8,member,electric_bike,1555,13774.5
1,4,8,casual,classic_bike,84,911.9
1,4,9,member,electric_bike,818,6670.1
1,4,9,casual,electric_bike,198,1546.8
1,4,9,member,classic_bike,539,5285.5
1,4,9,casual,classic_bike,58,1281.4
1,4,10,member,classic_bike,329,3536.8
1,4,10,member,electric_bike,569,6128.9
1,4,10,casual,electric_bike,153,1299.6
1,4,10,casual,classic_bike,56,642.9
1,4,11,member,electric_bike,672,7218.5
1,4,11,casual,electric_bike,183,1462.3
1,4,11,member,classic_bike,419,3708.1
1,4,11,casual,classic_bike,80,1261.4
1,4,12,member,classic_bike,478,4548.5
1,4,12,member,electric_bike,787,5523.2
1,4,12,casual,classic_bike,96,2216.0
1,4,12,casual,electric_bike,191,1701.9
1,4,13,member,classic_bike,480,4886.0
1,4,13,casual,classic_bike,88,1441.4
1,4,13,casual,electric_bike,230,2072.4
1,4,13,member,electric_bike,754,7226.2
1,4,14,casual,electric_bike,216,2062.1
1,4,14,member,electric_bike,758,6488.4
1,4,14,member,classic_bike,470,5384.3
1,4,14,casual,classic_bike,88,2003.9
1,4,15,member,electric_bike,1084,10530.8
1,4,15,member,classic_bike,630,7454.5
1,4,15,casual,classic_bike,96,1576.9
1,4,15,casual,electric_bike,286,2394.9
1,4,16,casual,electric_bike,363,3159.3
1,4,16,casual,classic_bike,115,2004.3
1,4,16,member,classic_bike,945,10741.8
1,4,16,member,electric_bike,1719,16161.7
1,4,17,casual,classic_bike,135,2050.0
1,4,17,member,classic_bike,904,10366.6
1,4,17,casual,electric_bike,333,3150.2
1,4,17,member,electric_bike,1595,16295.0
1,4,18,member,classic_bike,569,5904.0
1,4,18,casual,electric_bike,182,1465.3
1,4,18,casual,classic_bike,82,3082.2
1,4,18,member,electric_bike,989,8690.4
1,4,19,member,electric_bike,644,5499.7
1,4,19,casual,classic_bike,45,586.4
1,4,19,member,classic_bike,388,4151.4
1,4,19,casual,electric_bike,100,877.0
1,4,20,casual,electric_bike,105,1259.1
1,4,20,member,classic_bike,273,2865.5
1,4,20,casual,classic_bike,35,404.7
1,4,20,member,electric_bike,377,2921.5
1,4,21,member,classic_bike,188,1821.5
1,4,21,casual,classic_bike,18,178.8
1,4,21,member,electric_bike,300,2156.9
1,4,21,casual,electric_bike,94,825.2
1,4,22,member,classic_bike,103,1028.9
1,4,22,casual,classic_bike,17,171.2
1,4,22,member,electric_bike,241,1955.2
1,4,22,casual,electric_bike,84,752.8
1,4,23,member,electric_bike,133,1257.8
1,4,23,casual,electric_bike,56,440.5
1,4,23,member,classic_bike,43,602.3
1,4,23,casual,classic_bike,5,22.8
1,5,0,casual,classic_bike,12,126.5
1,5,0,member,electric_bike,89,606.0
1,5,0,casual,electric_bike,43,302.9
1,5,0,member,classic_bike,37,447.5
1,5,1,member,electric_bike,42,238.5
1,5,1,member,classic_bike,11,153.2
1,5,1,casual,classic_bike,11,614.2
1,5,1,casual,electric_bike,43,290.2
1,5,2,casual,electric_bike,28,225.4
1,5,2,member,classic_bike,9,110.5
1,5,2,member,electric_bike,30,258.9
1,5,2,casual,classic_bike,5,81.7
1,5,3,casual,electric_bike,10,83.9
1,5,3,member,classic_bike,12,156.8
1,5,3,casual,classic_bike,3,28.9
1,5,3,member,electric_bike,28,356.5
1,5,4,member,electric_bike,49,349.1
1,5,4,casual,electric_bike,27,159.1
1,5,4,casual,classic_bike,6,38.5
1,5,4,member,classic_bike,16,188.0
1,5,5,casual,classic_bike,5,47.7
1,5,5,member,classic_bike,105,1109.3
1,5,5,casual,electric_bike,34,239.0
1,5,5,member,electric_bike,178,1191.8
1,5,6,casual,electric_bike,75,480.3
1,5,6,casual,classic_bike,14,92.5
1,5,6,member,electric_bike,475,3937.6
1,5,6,member,classic_bike,211,2005.8
1,5,7,casual,classic_bike,26,212.6
1,5,7,member,electric_bike,733,5628.1
1,5,7,member,classic_bike,374,4241.0
1,5,7,casual,electric_bike,127,854.0
1,5,8,member,electric_bike,749,5889.8
1,5,8,member,classic_bike,408,4295.0
1,5,8,casual,electric_bike,122,870.3
1,5,8,casual,classic_bike,39,740.8
1,5,9,casual,electric_bike,97,756.6
1,5,9,member,electric_bike,524,4531.4
1,5,9,casual,classic_bike,50,453.9
1,5,9,member,classic_bike,310,3743.4
1,5,10,casual,classic_bike,29,518.6
1,5,10,member,electric_bike,395,4055.0
1,5,10,casual,electric_bike,83,616.7
1,5,10,member,classic_bike,242,2156.5
1,5,11,member,electric_bike,503,5559.3
1,5,11,casual,electric_bike,123,1210.9
1,5,11,casual,classic_bike,37,1339.4
1,5,11,member,classic_bike,272,3009.8
1,5,12,casual,classic_bike,53,1282.5
1,5,12,casual,electric_bike,143,1236.0
1,5,12,member,classic_bike,338,3481.3
1,5,12,member,electric_bike,580,4786.0
1,5,13,member,classic_bike,349,3281.4
1,5,13,casual,classic_bike,62,1351.7
1,5,13,casual,electric_bike,170,1527.8
1,5,13,member,electric_bike,594,5602.5
1,5,14,casual,classic_bike,79,1735.5
1,5,14,casual,electric_bike,174,1752.5
1,5,14,member,electric_bike,636,6684.0
1,5,14,member,classic_bike,369,3626.1
1,5,15,casual,classic_bike,91,1249.5
1,5,15,casual,electric_bike,255,2391.8
1,5,15,member,electric_bike,877,8271.6
1,5,15,member,classic_bike,454,4787.1
1,5,16,member,classic_bike,659,7196.8
1,5,16,casual,electric_bike,287,2667.4
1,5,16,casual,classic_bike,84,1746.1
1,5,16,member,electric_bike,1201,12556.2
1,5,17,casual,classic_bike,99,1923.6
1,5,17,member,electric_bike,1143,12428.2
1,5,17,casual,electric_bike,258,2710.7
1,5,17,member,classic_bike,674,8497.1
1,5,18,casual,electric_bike,233,1893.4
1,5,18,member,electric_bike,882,8200.8
1,5,18,member,classic_bike,542,5826.4
1,5,18,casual,classic_bike,76,1254.2
1,5,19,casual,classic_bike,55,860.6
1,5,19,member,classic_bike,329,3562.0
1,5,19,member,electric_bike,550,4960.6
1,5,19,casual,electric_bike,141,1555.2
1,5,20,member,classic_bike,170,1822.8
1,5,20,casual,electric_bike,101,800.5
1,5,20,member,electric_bike,358,3266.5
1,5,20,casual,classic_bike,49,1944.2
1,5,21,member,classic_bike,178,1938.2
1,5,21,casual,electric_bike,129,1017.1
1,5,21,member,electric_bike,305,2380.2
1,5,21,casual,classic_bike,46,603.8
1,5,22,member,classic_bike,110,2248.8
1,5,22,casual,classic_bike,28,290.9
1,5,22,member,electric_bike,248,1933.6
1,5,22,casual,electric_bike,104,993.1
1,5,23,casual,electric_bike,116,966.2
1,5,23,member,electric_bike,214,1814.1
1,5,23,member,classic_bike,98,957.4
1,5,23,casual,classic_bike,33,388.9
1,6,0,member,electric_bike,142,1132.1
1,6,0,member,classic_bike,45,482.6
1,6,0,casual,electric_bike,92,1195.0
1,6,0,casual,classic_bike,15,155.5
1,6,1,member,electric_bike,92,826.1
1,6,1,member,classic_bike,29,262.3
1,6,1,casual,classic_bike,20,1005.9
1,6,1,casual,electric_bike,60,708.8
1,6,2,member,electric_bike,67,797.9
1,6,2,casual,electric_bike,40,424.3
1,6,2,casual,classic_bike,13,177.2
1,6,2,member,classic_bike,17,178.1
1,6,3,member,classic_bike,8,46.0
1,6,3,casual,classic_bike,6,98.7
1,6,3,member,electric_bike,27,221.1
1,6,3,casual,electric_bike,32,271.5
1,6,4,member,electric_bike,24,265.4
1,6,4,member,classic_bike,2,19.6
1,6,4,casual,electric_bike,12,104.7
1,6,4,casual,classic_bike,8,64.0
1,6,5,casual,electric_bike,11,111.9
1,6,5,member,electric_bike,39,276.2
1,6,5,member,classic_bike,15,257.3
1,6,5,casual,classic_bike,2,13.8
1,6,6,casual,classic_bike,7,61.3
1,6,6,member,electric_bike,126,953.8
1,6,6,casual,electric_bike,22,168.4
1,6,6,member,classic_bike,46,501.4
1,6,7,member,electric_bike,204,1305.2
1,6,7,casual,classic_bike,13,128.3
1,6,7,casual,electric_bike,33,207.8
1,6,7,member,classic_bike,88,1283.2
1,6,8,casual,classic_bike,30,371.6
1,6,8,member,classic_bike,179,1749.5
1,6,8,member,electric_bike,289,2516.9
1,6,8,casual,electric_bike,102,704.5
1,6,9,member,electric_bike,424,3661.5
1,6,9,casual,electric_bike,91,783.3
1,6,9,member,classic_bike,293,2995.9
1,6,9,casual,classic_bike,41,629.8
1,6,10,member,classic_bike,357,3642.2
1,6,10,member,electric_bike,449,4433.4
1,6,10,casual,electric_bike,141,1410.7
1,6,10,casual,classic_bike,63,1345.7
1,6,11,member,classic_bike,422,4574.6
1,6,11,casual,electric_bike,160,1714.1
1,6,11,casual,classic_bike,71,1984.7
1,6,11,member,electric_bike,553,5557.1
1,6,12,member,classic_bike,448,5125.6
1,6,12,member,electric_bike,543,4945.2
1,6,12,casual,electric_bike,167,1626.5
1,6,12,casual,classic_bike,92,2212.6
1,6,13,member,electric_bike,586,5385.6
1,6,13,casual,electric_bike,212,2354.5
1,6,13,casual,classic_bike,92,2293.7
1,6,13,member,classic_bike,481,5697.8
1,6,14,casual,classic_bike,123,2524.4
1,6,14,casual,electric_bike,177,1893.9
1,6,14,member,classic_bike,480,5380.9
1,6,14,member,electric_bike,639,6457.3
1,6,15,member,classic_bike,428,5062.6
1,6,15,casual,classic_bike,99,1912.5
1,6,15,member,electric_bike,624,6859.3
1,6,15,casual,electric_bike,214,2590.1
1,6,16,member,classic_bike,402,5956.8
1,6,16,casual,classic_bike,96,2658.1
1,6,16,member,electric_bike,581,6158.0
1,6,16,casual,electric_bike,206,2133.9
1,6,17,casual,classic_bike,83,1368.2
1,6,17,member,classic_bike,320,3392.7
1,6,17,casual,electric_bike,167,1514.2
1,6,17,member,electric_bike,560,5389.8
1,6,18,casual,electric_bike,133,1044.4
1,6,18,casual,classic_bike,47,734.8
1,6,18,member,classic_bike,253,2753.1
1,6,18,member,electric_bike,446,4663.0
1,6,19,member,electric_bike,366,3052.6
1,6,19,member,classic_bike,182,1757.3
1,6,19,casual,classic_bike,50,1947.2
1,6,19,casual,electric_bike,86,730.9
1,6,20,member,electric_bike,261,2064.0
1,6,20,member,classic_bike,144,1477.5
1,6,20,casual,electric_bike,95,781.1
1,6,20,casual,classic_bike,37,369.6
1,6,21,casual,classic_bike,33,471.4
1,6,21,member,electric_bike,212,1675.4
1,6,21,casual,electric_bike,95,925.1
1,6,21,member,classic_bike,99,1965.2
1,6,22,member,classic_bike,92,1046.2
1,6,22,member,electric_bike,235,2033.9
1,6,22,casual,electric_bike,97,817.9
1,6,22,casual,classic_bike,29,343.1
1,6,23,member,electric_bike,159,1704.1
1,6,23,member,classic_bike,67,611.3
1,6,23,casual,electric_bike,94,728.5
1,6,23,casual,classic_bike,31,347.0
1,7,0,casual,classic_bike,14,162.6
1,7,0,member,electric_bike,156,1186.0
1,7,0,member,classic_bike,47,705.0
1,7,0,casual,electric_bike,103,752.6
1,7,1,member,classic_bike,28,303.4
1,7,1,casual,classic_bike,16,279.7
1,7,1,member,electric_bike,99,568.4
1,7,1,casual,electric_bike,47,418.3
1,7,2,casual,classic_bike,16,201.5
1,7,2,member,classic_bike,14,115.5
1,7,2,member,electric_bike,86,509.4
1,7,2,casual,electric_bike,36,357.5
1,7,3,member,electric_bike,46,319.5
1,7,3,casual,electric_bike,26,236.2
1,7,3,member,classic_bike,13,120.4
1,7,3,casual,classic_bike,2,11.5
1,7,4,member,electric_bike,45,260.9
1,7,4,casual,classic_bike,7,88.9
1,7,4,casual,electric_bike,7,58.9
1,7,4,member,classic_bike,4,56.4
1,7,5,casual,classic_bike,2,8.4
1,7,5,casual,electric_bike,8,47.5
1,7,5,member,electric_bike,52,248.3
1,7,5,member,classic_bike,13,201.0
1,7,6,member,electric_bike,83,612.4
1,7,6,casual,classic_bike,12,121.5
1,7,6,member,classic_bike,22,178.5
1,7,6,casual,electric_bike,24,206.2
1,7,7,member,electric_bike,147,758.1
1,7,7,casual,electric_bike,21,174.0
1,7,7,member,classic_bike,71,978.0
1,7,7,casual,classic_bike,7,146.4
1,7,8,member,electric_bike,196,1717.0
1,7,8,casual,electric_bike,53,396.2
1,7,8,member,classic_bike,129,1370.9
1,7,8,casual,classic_bike,13,145.0
1,7,9,member,electric_bike,302,2189.7
1,7,9,casual,classic_bike,19,234.6
1,7,9,member,classic_bike,171,1844.8
1,7,9,casual,electric_bike,70,576.3
1,7,10,casual,electric_bike,91,636.5
1,7,10,member,electric_bike,341,3554.7
1,7,10,member,classic_bike,257,2462.7
1,7,10,casual,classic_bike,33,450.4
1,7,11,casual,electric_bike,128,923.3
1,7,11,member,classic_bike,265,4392.3
1,7,11,casual,classic_bike,45,781.0
1,7,11,member,electric_bike,412,3932.2
1,7,12,member,classic_bike,286,3275.0
1,7,12,casual,electric_bike,109,886.6
1,7,12,member,electric_bike,404,3665.1
1,7,12,casual,classic_bike,64,3093.5
1,7,13,casual,electric_bike,112,1101.7
1,7,13,casual,classic_bike,55,1129.2
1,7,13,member,classic_bike,309,3396.2
1,7,13,member,electric_bike,471,4422.9
1,7,14,casual,classic_bike,60,917.4
1,7,14,casual,electric_bike,120,921.3
1,7,14,member,classic_bike,303,3467.0
1,7,14,member,electric_bike,425,4400.7
1,7,15,member,classic_bike,294,3413.8
1,7,15,member,electric_bike,477,5082.4
1,7,15,casual,electric_bike,135,1021.2
1,7,15,casual,classic_bike,50,990.3
1,7,16,casual,classic_bike,41,766.2
1,7,16,member,classic_bike,259,3382.2
1,7,16,casual,electric_bike,109,924.4
1,7,16,member,electric_bike,466,5072.2
1,7,17,casual,classic_bike,40,532.9
1,7,17,member,classic_bike,228,2692.6
1,7,17,member,electric_bike,397,4877.5
1,7,17,casual,electric_bike,119,1180.8
1,7,18,casual,electric_bike,88,668.8
1,7,18,member,classic_bike,184,1844.3
1,7,18,member,electric_bike,378,3834.4
1,7,18,casual,classic_bike,35,479.3
1,7,19,casual,classic_bike,24,225.1
1,7,19,member,classic_bike,141,2598.9
1,7,19,casual,electric_bike,64,536.5
1,7,19,member,electric_bike,258,1804.6
1,7,20,member,electric_bike,215,1506.0
1,7,20,casual,electric_bike,70,645.6
1,7,20,member,classic_bike,103,1119.6
1,7,20,casual,classic_bike,19,291.0
1,7,21,casual,classic_bike,15,200.1
1,7,21,member,electric_bike,156,1120.5
1,7,21,casual,electric_bike,47,382.9
1,7,21,member,classic_bike,92,1002.8
1,7,22,member,classic_bike,46,420.4
1,7,22,member,electric_bike,127,1011.5
1,7,22,casual,electric_bike,53,420.1
1,7,22,casual,classic_bike,6,60.3
1,7,23,member,electric_bike,56,429.1
1,7,23,casual,electric_bike,31,226.6
1,7,23,casual,classic_bike,4,32.6
1,7,23,member,classic_bike,36,480.9
2,1,0,casual,electric_bike,27,266.6
2,1,0,member,classic_bike,10,88.3
2,1,0,member,electric_bike,70,784.6
2,1,0,casual,classic_bike,8,761.2
2,1,1,casual,classic_bike,11,94.4
2,1,1,member,classic_bike,10,97.9
2,1,1,member,electric_bike,34,329.3
2,1,1,casual,electric_bike,19,144.1
2,1,2,member,electric_bike,19,163.8
2,1,2,casual,electric_bike,18,145.9
2,1,2,casual,classic_bike,1,5.1
2,1,3,member,electric_bike,26,273.3
2,1,3,casual,electric_bike,19,173.2
2,1,3,casual,classic_bike,1,19.2
2,1,3,member,classic_bike,6,73.1
2,1,4,member,electric_bike,31,223.5
2,1,4,member,classic_bike,17,166.6
2,1,4,casual,classic_bike,5,90.6
2,1,4,casual,electric_bike,21,153.5
2,1,5,member,electric_bike,153,1047.1
2,1,5,casual,electric_bike,25,158.5
2,1,5,member,classic_bike,95,1056.6
2,1,5,casual,classic_bike,10,73.7
2,1,6,member,classic_bike,279,2661.5
2,1,6,member,electric_bike,468,4054.5
2,1,6,casual,classic_bike,25,220.3
2,1,6,casual,electric_bike,58,333.5
2,1,7,member,classic_bike,578,6095.6
2,1,7,casual,classic_bike,47,606.9
2,1,7,casual,electric_bike,153,936.0
2,1,7,member,electric_bike,966,8192.3
2,1,8,casual,electric_bike,168,1144.1
2,1,8,member,electric_bike,1143,9586.2
2,1,8,member,classic_bike,730,7612.5
2,1,8,casual,classic_bike,55,773.6
2,1,9,member,electric_bike,595,4888.1
2,1,9,casual,classic_bike,50,1418.1
2,1,9,casual,electric_bike,119,977.7
2,1,9,member,classic_bike,413,4048.0
2,1,10,member,electric_bike,402,3643.6
2,1,10,member,classic_bike,264,2463.8
2,1,10,casual,electric_bike,97,870.1
2,1,10,casual,classic_bike,38,621.1
2,1,11,member,electric_bike,495,4473.8
2,1,11,casual,electric_bike,142,1176.2
2,1,11,member,classic_bike,338,3009.3
2,1,11,casual,classic_bike,63,3146.6
2,1,12,member,electric_bike,618,5973.5
2,1,12,casual,electric_bike,142,1328.6
2,1,12,member,classic_bike,450,4384.2
2,1,12,casual,classic_bike,57,2332.6
2,1,13,member,electric_bike,636,4779.0
2,1,13,casual,electric_bike,136,1424.7
2,1,13,casual,classic_bike,73,1115.3
2,1,13,member,classic_bike,355,3854.2
2,1,14,casual,electric_bike,172,1823.0
2,1,14,member,electric_bike,543,4936.6
2,1,14,member,classic_bike,368,6080.2
2,1,14,casual,classic_bike,44,952.4
2,1,15,casual,electric_bike,201,1966.2
2,1,15,member,classic_bike,469,5142.8
2,1,15,casual,classic_bike,61,934.1
2,1,15,member,electric_bike,862,8967.8
2,1,16,casual,classic_bike,77,1698.4
2,1,16,casual,electric_bike,314,2764.8
2,1,16,member,classic_bike,713,8060.4
2,1,16,member,electric_bike,1298,12373.4
2,1,17,member,classic_bike,864,10688.8
2,1,17,casual,electric_bike,279,2470.4
2,1,17,member,electric_bike,1484,14986.2
2,1,17,casual,classic_bike,100,1755.7
2,1,18,casual,electric_bike,198,1710.7
2,1,18,casual,classic_bike,73,928.7
2,1,18,member,classic_bike,587,6072.4
2,1,18,member,electric_bike,973,8789.5
2,1,19,casual,classic_bike,49,597.6
2,1,19,member,classic_bike,390,3851.6
2,1,19,casual,electric_bike,130,1063.5
2,1,19,member,electric_bike,627,5264.7
2,1,20,member,electric_bike,391,3430.8
2,1,20,casual,classic_bike,48,620.8
2,1,20,casual,electric_bike,86,731.3
2,1,20,member,classic_bike,276,2632.6
2,1,21,casual,electric_bike,83,726.1
2,1,21,casual,classic_bike,31,275.1
2,1,21,member,classic_bike,176,1752.3
2,1,21,member,electric_bike,348,2837.4
2,1,22,casual,electric_bike,70,746.4
2,1,22,member,classic_bike,93,865.8
2,1,22,member,electric_bike,158,1287.2
2,1,22,casual,classic_bike,19,774.9
2,1,23,member,classic_bike,31,424.8
2,1,23,casual,electric_bike,43,288.3
2,1,23,member,electric_bike,92,845.4
2,1,23,casual,classic_bike,6,194.8
2,2,0,casual,classic_bike,4,32.4
2,2,0,member,electric_bike,51,356.4
2,2,0,casual,electric_bike,21,145.7
2,2,0,member,classic_bike,11,96.3
2,2,1,member,electric_bike,29,227.9
2,2,1,casual,electric_bike,17,144.8
2,2,1,casual,classic_bike,2,14.0
2,2,1,member,classic_bike,10,66.5
2,2,2,casual,classic_bike,2,26.8
2,2,2,casual,electric_bike,15,114.4
2,2,2,member,electric_bike,13,120.9
2,2,2,member,classic_bike,5,50.2
2,2,3,casual,classic_bike,3,775.8
2,2,3,member,electric_bike,12,108.2
2,2,3,casual,electric_bike,6,42.5
2,2,3,member,classic_bike,3,32.6
2,2,4,casual,electric_bike,20,137.8
2,2,4,casual,classic_bike,10,84.2
2,2,4,member,classic_bike,18,146.4
2,2,4,member,electric_bike,27,229.8
2,2,5,member,classic_bike,100,1124.1
2,2,5,member,electric_bike,170,1115.5
2,2,5,casual,electric_bike,35,217.2
2,2,5,casual,classic_bike,15,172.2
2,2,6,member,electric_bike,527,4783.9
2,2,6,member,classic_bike,317,3899.4
2,2,6,casual,classic_bike,17,201.4
2,2,6,casual,electric_bike,77,510.0
2,2,7,casual,electric_bike,145,1034.6
2,2,7,member,electric_bike,1073,9124.8
2,2,7,casual,classic_bike,44,370.6
2,2,7,member,classic_bike,700,8199.5
2,2,8,casual,electric_bike,240,2500.3
2,2,8,member,classic_bike,905,9818.5
2,2,8,casual,classic_bike,86,804.8
2,2,8,member,electric_bike,1282,11686.7
2,2,9,member,classic_bike,480,4900.9
2,2,9,member,electric_bike,625,4935.1
2,2,9,casual,electric_bike,118,1119.7
2,2,9,casual,classic_bike,52,571.1
2,2,10,casual,classic_bike,39,1779.4
2,2,10,casual,electric_bike,106,965.9
2,2,10,member,classic_bike,305,2941.5
2,2,10,member,electric_bike,416,4810.2
2,2,11,member,electric_bike,500,4880.4
2,2,11,casual,electric_bike,114,1234.3
2,2,11,member,classic_bike,349,3464.8
2,2,11,casual,classic_bike,57,850.7
2,2,12,member,electric_bike,617,5592.7
2,2,12,member,classic_bike,419,3884.7
2,2,12,casual,classic_bike,65,1093.2
2,2,12,casual,electric_bike,171,1708.0
2,2,13,member,classic_bike,343,3404.1
2,2,13,casual,electric_bike,161,1338.1
2,2,13,member,electric_bike,570,4753.3
2,2,13,casual,classic_bike,55,1134.3
2,2,14,member,electric_bike,557,5290.4
2,2,14,member,classic_bike,344,3617.4
2,2,14,casual,electric_bike,174,2369.4
2,2,14,casual,classic_bike,63,3087.8
2,2,15,casual,electric_bike,240,2449.9
2,2,15,member,electric_bike,881,8179.9
2,2,15,member,classic_bike,506,5765.2
2,2,15,casual,classic_bike,88,1802.0
2,2,16,casual,electric_bike,317,2891.6
2,2,16,casual,classic_bike,100,1718.5
2,2,16,member,classic_bike,821,10698.4
2,2,16,member,electric_bike,1549,14561.1
2,2,17,member,electric_bike,1661,16276.9
2,2,17,casual,classic_bike,156,2317.2
2,2,17,member,classic_bike,978,11585.1
2,2,17,casual,electric_bike,358,3316.1
2,2,18,member,classic_bike,670,6865.0
2,2,18,casual,classic_bike,67,1018.4
2,2,18,member,electric_bike,1058,9647.6
2,2,18,casual,electric_bike,208,1777.1
2,2,19,member,electric_bike,608,4867.9
2,2,19,casual,classic_bike,51,602.3
2,2,19,member,classic_bike,398,3760.3
2,2,19,casual,electric_bike,116,1019.7
2,2,20,member,electric_bike,377,2825.0
2,2,20,member,classic_bike,250,2545.8
2,2,20,casual,classic_bike,39,345.8
2,2,20,casual,electric_bike,95,895.9
2,2,21,casual,classic_bike,26,311.0
2,2,21,casual,electric_bike,76,572.8
2,2,21,member,electric_bike,309,2521.8
2,2,21,member,classic_bike,166,1671.3
2,2,22,casual,electric_bike,74,623.4
2,2,22,member,classic_bike,87,831.8
2,2,22,casual,classic_bike,24,226.0
2,2,22,member,electric_bike,222,1778.1
2,2,23,member,classic_bike,46,587.1
2,2,23,member,electric_bike,114,998.9
2,2,23,casual,classic_bike,4,18.2
2,2,23,casual,electric_bike,42,417.2
2,3,0,casual,classic_bike,5,35.7
2,3,0,member,electric_bike,50,459.2
2,3,0,casual,electric_bike,31,267.4
2,3,0,member,classic_bike,20,161.9
2,3,1,casual,classic_bike,6,39.3
2,3,1,member,electric_bike,23,155.5
2,3,1,member,classic_bike,3,26.5
2,3,1,casual,electric_bike,21,115.0
2,3,2,member,electric_bike,15,115.8
2,3,2,casual,classic_bike,3,14.4
2,3,2,casual,electric_bike,12,66.8
2,3,2,member,classic_bike,5,86.5
2,3,3,member,classic_bike,3,33.3
2,3,3,member,electric_bike,15,193.5
2,3,3,casual,electric_bike,11,61.1
2,3,4,member,classic_bike,12,108.6
2,3,4,casual,electric_bike,17,78.1
2,3,4,casual,classic_bike,2,20.6
2,3,4,member,electric_bike,40,270.7
2,3,5,member,electric_bike,173,1291.8
2,3,5,casual,classic_bike,10,122.6
2,3,5,casual,electric_bike,28,251.8
2,3,5,member,classic_bike,84,846.3
2,3,6,casual,electric_bike,78,451.4
2,3,6,member,classic_bike,276,2558.0
2,3,6,member,electric_bike,555,4596.7
2,3,6,casual,classic_bike,15,94.2
2,3,7,casual,electric_bike,149,1009.7
2,3,7,member,classic_bike,456,5150.2
2,3,7,casual,classic_bike,38,328.0
2,3,7,member,electric_bike,950,7552.8
2,3,8,casual,classic_bike,59,537.6
2,3,8,member,electric_bike,1285,11003.9
2,3,8,casual,electric_bike,224,1755.8
2,3,8,member,classic_bike,669,7767.0
2,3,9,casual,classic_bike,42,686.3
2,3,9,member,classic_bike,398,4026.8
2,3,9,member,electric_bike,751,5926.1
2,3,9,casual,electric_bike,125,794.0
2,3,10,member,electric_bike,472,4447.9
2,3,10,member,classic_bike,308,3157.3
2,3,10,casual,electric_bike,104,725.0
2,3,10,casual,classic_bike,32,353.2
2,3,11,member,classic_bike,281,2509.6
2,3,11,casual,electric_bike,140,1046.8
2,3,11,member,electric_bike,448,3523.1
2,3,11,casual,classic_bike,46,629.4
2,3,12,member,electric_bike,578,4361.2
2,3,12,casual,classic_bike,41,497.2
2,3,12,casual,electric_bike,121,949.8
2,3,12,member,classic_bike,344,2969.4
2,3,13,casual,classic_bike,48,773.2
2,3,13,casual,electric_bike,98,726.8
2,3,13,member,electric_bike,495,3840.7
2,3,13,member,classic_bike,285,2663.5
2,3,14,member,classic_bike,296,2687.3
2,3,14,member,electric_bike,521,4849.3
2,3,14,casual,classic_bike,44,515.3
2,3,14,casual,electric_bike,138,1127.7
2,3,15,casual,classic_bike,51,634.5
2,3,15,member,electric_bike,780,7054.0
2,3,15,member,classic_bike,388,4106.8
2,3,15,casual,electric_bike,198,1848.7
2,3,16,casual,classic_bike,77,1099.3
2,3,16,casual,electric_bike,274,2636.8
2,3,16,member,electric_bike,1219,11608.5
2,3,16,member,classic_bike,614,7012.3
2,3,17,casual,classic_bike,93,1131.5
2,3,17,member,electric_bike,1300,12749.3
2,3,17,member,classic_bike,825,9756.6
2,3,17,casual,electric_bike,292,2616.8
2,3,18,casual,electric_bike,167,1225.5
2,3,18,casual,classic_bike,60,658.4
2,3,18,member,classic_bike,496,5196.8
2,3,18,member,electric_bike,929,8721.1
2,3,19,casual,electric_bike,125,1077.7
2,3,19,casual,classic_bike,52,840.6
2,3,19,member,classic_bike,329,3540.2
2,3,19,member,electric_bike,515,4383.8
2,3,20,member,classic_bike,240,2326.6
2,3,20,casual,classic_bike,25,238.3
2,3,20,member,electric_bike,342,2661.6
2,3,20,casual,electric_bike,111,815.0
2,3,21,casual,electric_bike,84,641.2
2,3,21,member,electric_bike,294,2372.8
2,3,21,member,classic_bike,165,1888.5
2,3,21,casual,classic_bike,25,494.0
2,3,22,casual,electric_bike,58,427.7
2,3,22,casual,classic_bike,14,197.6
2,3,22,member,electric_bike,159,1189.7
2,3,22,member,classic_bike,66,655.3
2,3,23,member,electric_bike,88,884.5
2,3,23,casual,electric_bike,37,288.3
2,3,23,casual,classic_bike,8,86.3
2,3,23,member,classic_bike,26,387.4
2,4,0,casual,classic_bike,2,25.9
2,4,0,casual,electric_bike,22,184.7
2,4,0,member,electric_bike,34,227.1
2,4,0,member,classic_bike,13,123.7
2,4,1,member,electric_bike,24,154.2
2,4,1,member,classic_bike,10,154.6
2,4,1,casual,classic_bike,1,3.3
2,4,1,casual,electric_bike,6,61.8
2,4,2,member,electric_bike,9,113.1
2,4,2,casual,electric_bike,21,185.0
2,4,2,member,classic_bike,4,31.8
2,4,2,casual,classic_bike,1,6.6
2,4,3,casual,electric_bike,12,90.2
2,4,3,casual,classic_bike,2,107.6
2,4,3,member,classic_bike,6,173.7
2,4,3,member,electric_bike,14,138.2
2,4,4,casual,classic_bike,3,23.9
2,4,4,member,electric_bike,40,391.5
2,4,4,member,classic_bike,6,38.4
2,4,4,casual,electric_bike,17,82.3
2,4,5,casual,classic_bike,6,99.5
2,4,5,member,classic_bike,51,609.1
2,4,5,casual,electric_bike,25,197.3
2,4,5,member,electric_bike,122,798.1
2,4,6,member,classic_bike,194,1740.8
2,4,6,casual,electric_bike,65,392.0
2,4,6,casual,classic_bike,14,123.7
2,4,6,member,electric_bike,422,3240.3
2,4,7,member,classic_bike,487,5902.7
2,4,7,member,electric_bike,941,8026.3
2,4,7,casual,classic_bike,25,242.9
2,4,7,casual,electric_bike,182,1347.1
2,4,8,member,classic_bike,653,6854.7
2,4,8,casual,classic_bike,63,663.3
2,4,8,member,electric_bike,1098,9664.7
2,4,8,casual,electric_bike,185,1489.7
2,4,9,casual,electric_bike,147,1195.8
2,4,9,casual,classic_bike,35,496.0
2,4,9,member,classic_bike,414,3776.7
2,4,9,member,electric_bike,684,5457.5
2,4,10,member,classic_bike,260,2559.6
2,4,10,casual,electric_bike,115,1211.9
2,4,10,member,electric_bike,395,4671.8
2,4,10,casual,classic_bike,38,618.7
2,4,11,casual,electric_bike,136,1041.7
2,4,11,member,classic_bike,292,4002.1
2,4,11,member,electric_bike,496,5231.4
2,4,11,casual,classic_bike,37,389.2
2,4,12,member,classic_bike,333,3051.3
2,4,12,member,electric_bike,615,4560.6
2,4,12,casual,classic_bike,59,1005.2
2,4,12,casual,electric_bike,164,1205.2
2,4,13,member,electric_bike,599,4775.5
2,4,13,casual,classic_bike,62,1135.8
2,4,13,casual,electric_bike,138,1220.4
2,4,13,member,classic_bike,347,3393.2
2,4,14,member,electric_bike,581,5747.1
2,4,14,casual,classic_bike,55,1086.1
2,4,14,casual,electric_bike,187,1784.6
2,4,14,member,classic_bike,304,3130.5
2,4,15,member,classic_bike,471,5105.0
2,4,15,casual,electric_bike,247,2746.2
2,4,15,member,electric_bike,952,8691.4
2,4,15,casual,classic_bike,74,1318.1
2,4,16,casual,classic_bike,114,2315.4
2,4,16,member,classic_bike,725,8903.1
2,4,16,member,electric_bike,1425,14168.5
2,4,16,casual,electric_bike,350,3259.6
2,4,17,member,electric_bike,1620,16456.2
2,4,17,casual,electric_bike,340,3120.5
2,4,17,member,classic_bike,939,10795.9
2,4,17,casual,classic_bike,138,3694.5
2,4,18,member,classic_bike,563,5561.4
2,4,18,member,electric_bike,1029,9761.0
2,4,18,casual,electric_bike,213,1744.3
2,4,18,casual,classic_bike,75,1084.1
2,4,19,member,classic_bike,354,3773.9
2,4,19,member,electric_bike,645,5487.4
2,4,19,casual,classic_bike,62,585.8
2,4,19,casual,electric_bike,133,1005.2
2,4,20,casual,electric_bike,118,920.0
2,4,20,member,classic_bike,244,2601.6
2,4,20,member,electric_bike,432,3505.5
2,4,20,casual,classic_bike,26,346.6
2,4,21,casual,electric_bike,106,953.2
2,4,21,casual,classic_bike,22,455.9
2,4,21,member,electric_bike,337,2657.0
2,4,21,member,classic_bike,175,2003.2
2,4,22,member,classic_bike,131,1230.0
2,4,22,member,electric_bike,248,1744.8
2,4,22,casual,electric_bike,84,779.2
2,4,22,casual,classic_bike,30,436.0
2,4,23,casual,classic_bike,20,1206.0
2,4,23,casual,electric_bike,73,574.2
2,4,23,member,electric_bike,152,1269.2
2,4,23,member,classic_bike,67,1284.6
2,5,0,member,electric_bike,99,737.7
2,5,0,member,classic_bike,32,384.4
2,5,0,casual,electric_bike,46,404.9
2,5,0,casual,classic_bike,17,218.6
2,5,1,casual,classic_bike,10,97.4
2,5,1,member,electric_bike,47,335.0
2,5,1,casual,electric_bike,32,251.1
2,5,1,member,classic_bike,15,198.1
2,5,2,casual,electric_bike,30,168.1
2,5,2,member,classic_bike,12,143.0
2,5,2,member,electric_bike,15,89.5
2,5,2,casual,classic_bike,4,22.1
2,5,3,casual,classic_bike,1,68.9
2,5,3,member,electric_bike,28,269.6
2,5,3,member,classic_bike,3,13.5
2,5,3,casual,electric_bike,14,128.3
2,5,4,casual,classic_bike,4,35.2
2,5,4,member,electric_bike,38,242.8
2,5,4,casual,electric_bike,12,104.7
2,5,4,member,classic_bike,11,122.9
2,5,5,casual,electric_bike,39,214.5
2,5,5,casual,classic_bike,13,107.6
2,5,5,member,electric_bike,128,862.4
2,5,5,member,classic_bike,79,852.2
2,5,6,casual,electric_bike,68,429.9
2,5,6,member,electric_bike,410,2851.2
2,5,6,member,classic_bike,180,1898.6
2,5,6,casual,classic_bike,6,31.3
2,5,7,casual,classic_bike,35,404.2
2,5,7,casual,electric_bike,149,986.6
2,5,7,member,classic_bike,353,3644.8
2,5,7,member,electric_bike,770,5973.4
2,5,8,member,classic_bike,468,5304.9
2,5,8,casual,classic_bike,41,446.5
2,5,8,member,electric_bike,887,7996.9
2,5,8,casual,electric_bike,159,1164.8
2,5,9,member,electric_bike,610,4813.2
2,5,9,casual,electric_bike,157,1368.6
2,5,9,member,classic_bike,359,3388.9
2,5,9,casual,classic_bike,49,805.1
2,5,10,member,classic_bike,279,2624.1
2,5,10,member,electric_bike,468,4993.2
2,5,10,casual,classic_bike,36,816.8
2,5,10,casual,electric_bike,133,1279.9
2,5,11,casual,electric_bike,193,1695.0
2,5,11,casual,classic_bike,78,1584.7
2,5,11,member,classic_bike,317,3483.3
2,5,11,member,electric_bike,617,5756.7
2,5,12,casual,classic_bike,78,2220.8
2,5,12,casual,electric_bike,179,1723.6
2,5,12,member,electric_bike,758,6584.5
2,5,12,member,classic_bike,407,4490.1
2,5,13,member,electric_bike,731,5639.4
2,5,13,member,classic_bike,430,4423.8
2,5,13,casual,electric_bike,234,2583.0
2,5,13,casual,classic_bike,84,1585.3
2,5,14,casual,classic_bike,99,1727.5
2,5,14,member,classic_bike,383,5456.3
2,5,14,member,electric_bike,768,7191.9
2,5,14,casual,electric_bike,284,2787.1
2,5,15,casual,classic_bike,116,2590.8
2,5,15,member,electric_bike,1014,9929.9
2,5,15,casual,electric_bike,367,3808.9
2,5,15,member,classic_bike,528,6074.0
2,5,16,member,classic_bike,675,7774.2
2,5,16,casual,electric_bike,373,3507.0
2,5,16,member,electric_bike,1305,13675.5
2,5,16,casual,classic_bike,132,2359.4
2,5,17,member,classic_bike,672,8995.8
2,5,17,casual,classic_bike,156,3897.7
2,5,17,casual,electric_bike,393,3852.3
2,5,17,member,electric_bike,1310,13422.1
2,5,18,member,classic_bike,436,5584.0
2,5,18,casual,classic_bike,98,1854.4
2,5,18,member,electric_bike,929,9494.9
2,5,18,casual,electric_bike,246,2317.8
2,5,19,member,classic_bike,265,3811.2
2,5,19,member,electric_bike,586,5278.7
2,5,19,casual,electric_bike,174,1527.2
2,5,19,casual,classic_bike,55,757.9
2,5,20,casual,electric_bike,110,1061.3
2,5,20,casual,classic_bike,28,302.0
2,5,20,member,classic_bike,169,1727.0
2,5,20,member,electric_bike,331,2907.2
2,5,21,member,electric_bike,326,2937.4
2,5,21,member,classic_bike,153,1545.1
2,5,21,casual,electric_bike,91,710.6
2,5,21,casual,classic_bike,30,493.1
2,5,22,member,classic_bike,98,1163.2
2,5,22,casual,electric_bike,120,1276.0
2,5,22,member,electric_bike,234,2155.0
2,5,22,casual,classic_bike,23,481.8
2,5,23,member,classic_bike,81,834.7
2,5,23,casual,classic_bike,13,203.4
2,5,23,casual,electric_bike,101,874.2
2,5,23,member,electric_bike,166,1332.0
2,6,0,casual,classic_bike,28,250.6
2,6,0,member,classic_bike,56,626.4
2,6,0,member,electric_bike,151,1364.1
2,6,0,casual,electric_bike,89,747.7
2,6,1,member,classic_bike,39,418.7
2,6,1,casual,classic_bike,29,869.3
2,6,1,member,electric_bike,113,1055.5
2,6,1,casual,electric_bike,69,716.7
2,6,2,member,classic_bike,29,841.1
2,6,2,member,electric_bike,47,341.2
2,6,2,casual,classic_bike,9,70.1
2,6,2,casual,electric_bike,66,470.1
2,6,3,casual,electric_bike,25,187.8
2,6,3,member,classic_bike,13,124.9
2,6,3,member,electric_bike,46,375.5
2,6,3,casual,classic_bike,12,143.9
2,6,4,member,classic_bike,4,61.7
2,6,4,casual,electric_bike,22,207.4
2,6,4,casual,classic_bike,5,41.9
2,6,4,member,electric_bike,23,192.7
2,6,5,casual,electric_bike,12,47.9
2,6,5,casual,classic_bike,3,42.1
2,6,5,member,classic_bike,13,220.6
2,6,5,member,electric_bike,37,290.1
2,6,6,member,electric_bike,124,897.8
2,6,6,casual,electric_bike,21,119.4
2,6,6,member,classic_bike,36,395.0
2,6,6,casual,classic_bike,5,44.2
2,6,7,member,electric_bike,250,1991.0
2,6,7,casual,electric_bike,48,333.3
2,6,7,member,classic_bike,102,959.2
2,6,7,casual,classic_bike,15,367.6
2,6,8,member,electric_bike,340,2960.9
2,6,8,member,classic_bike,188,2144.3
2,6,8,casual,electric_bike,104,793.4
2,6,8,casual,classic_bike,39,448.0
2,6,9,member,electric_bike,460,4051.9
2,6,9,member,classic_bike,324,3234.4
2,6,9,casual,electric_bike,105,1066.3
2,6,9,casual,classic_bike,55,708.0
2,6,10,casual,classic_bike,86,1177.2
2,6,10,member,electric_bike,566,5165.9
2,6,10,casual,electric_bike,176,1662.0
2,6,10,member,classic_bike,364,3824.3
2,6,11,casual,classic_bike,74,3132.4
2,6,11,member,electric_bike,577,6371.4
2,6,11,casual,electric_bike,193,1734.3
2,6,11,member,classic_bike,396,4294.0
2,6,12,casual,classic_bike,96,2263.2
2,6,12,member,electric_bike,588,4844.2
2,6,12,member,classic_bike,434,4951.0
2,6,12,casual,electric_bike,170,1869.8
2,6,13,casual,electric_bike,178,1799.7
2,6,13,member,classic_bike,414,4725.6
2,6,13,member,electric_bike,612,5539.3
2,6,13,casual,classic_bike,92,1856.5
2,6,14,member,classic_bike,350,3953.4
2,6,14,casual,classic_bike,117,3426.2
2,6,14,member,electric_bike,543,6115.3
2,6,14,casual,electric_bike,178,2195.4
2,6,15,casual,classic_bike,117,2727.2
2,6,15,member,electric_bike,531,5202.9
2,6,15,casual,electric_bike,230,3038.6
2,6,15,member,classic_bike,369,4363.1
2,6,16,casual,electric_bike,187,2083.6
2,6,16,member,electric_bike,576,6653.5
2,6,16,member,classic_bike,361,4365.1
2,6,16,casual,classic_bike,87,1730.7
2,6,17,member,classic_bike,302,3507.1
2,6,17,member,electric_bike,506,5267.3
2,6,17,casual,electric_bike,174,2154.6
2,6,17,casual,classic_bike,72,1525.1
2,6,18,member,electric_bike,454,4277.4
2,6,18,casual,electric_bike,114,1207.5
2,6,18,casual,classic_bike,59,943.4
2,6,18,member,classic_bike,257,2685.6
2,6,19,member,classic_bike,196,2273.4
2,6,19,casual,classic_bike,39,771.1
2,6,19,casual,electric_bike,112,1162.2
2,6,19,member,electric_bike,370,3655.6
2,6,20,casual,classic_bike,26,302.0
2,6,20,casual,electric_bike,95,933.9
2,6,20,member,electric_bike,318,2881.4
2,6,20,member,classic_bike,149,1374.6
2,6,21,member,electric_bike,218,1773.4
2,6,21,casual,classic_bike,31,486.6
2,6,21,casual,electric_bike,88,610.9
2,6,21,member,classic_bike,122,1290.4
2,6,22,member,classic_bike,104,981.5
2,6,22,member,electric_bike,240,2380.2
2,6,22,casual,classic_bike,36,622.5
2,6,22,casual,electric_bike,90,873.3
2,6,23,member,electric_bike,232,1894.9
2,6,23,casual,electric_bike,105,1029.4
2,6,23,casual,classic_bike,27,328.7
2,6,23,member,classic_bike,91,970.1
2,7,0,member,electric_bike,165,1114.5
2,7,0,casual,classic_bike,27,296.7
2,7,0,member,classic_bike,74,681.7
2,7,0,casual,electric_bike,88,864.0
2,7,1,member,electric_bike,92,1003.2
2,7,1,member,classic_bike,53,1320.9
2,7,1,casual,electric_bike,68,592.8
2,7,1,casual,classic_bike,29,329.3
2,7,2,casual,classic_bike,19,268.2
2,7,2,member,electric_bike,91,815.9
2,7,2,casual,electric_bike,72,516.8
2,7,2,member,classic_bike,27,295.2
2,7,3,member,electric_bike,46,473.6
2,7,3,casual,classic_bike,6,52.0
2,7,3,casual,electric_bike,35,269.7
2,7,3,member,classic_bike,8,76.9
2,7,4,casual,classic_bike,7,769.0
2,7,4,casual,electric_bike,21,125.4
2,7,4,member,classic_bike,12,144.1
2,7,4,member,electric_bike,43,260.8
2,7,5,member,classic_bike,16,230.9
2,7,5,member,electric_bike,44,294.2
2,7,5,casual,classic_bike,3,13.8
2,7,5,casual,electric_bike,13,103.0
2,7,6,casual,electric_bike,15,118.1
2,7,6,casual,classic_bike,2,16.5
2,7,6,member,classic_bike,30,319.8
2,7,6,member,electric_bike,83,665.7
2,7,7,casual,classic_bike,10,322.5
2,7,7,casual,electric_bike,25,283.2
2,7,7,member,electric_bike,126,743.1
2,7,7,member,classic_bike,71,974.8
2,7,8,casual,electric_bike,62,458.4
2,7,8,casual,classic_bike,38,848.9
2,7,8,member,classic_bike,145,1408.2
2,7,8,member,electric_bike,230,1981.9
2,7,9,member,electric_bike,386,3308.3
2,7,9,casual,classic_bike,55,1208.9
2,7,9,member,classic_bike,249,2375.7
2,7,9,casual,electric_bike,108,939.3
2,7,10,member,electric_bike,461,4535.7
2,7,10,member,classic_bike,349,4483.2
2,7,10,casual,classic_bike,76,1507.9
2,7,10,casual,electric_bike,148,1565.4
2,7,11,casual,classic_bike,77,1549.6
2,7,11,member,electric_bike,553,6247.9
2,7,11,member,classic_bike,384,4115.1
2,7,11,casual,electric_bike,170,1793.8
2,7,12,member,electric_bike,556,5190.0
2,7,12,member,classic_bike,402,4340.7
2,7,12,casual,classic_bike,105,2744.6
2,7,12,casual,electric_bike,221,2539.1
2,7,13,casual,classic_bike,128,3259.8
2,7,13,member,electric_bike,601,5850.5
2,7,13,casual,electric_bike,176,2107.4
2,7,13,member,classic_bike,450,4774.0
2,7,14,casual,classic_bike,111,5276.2
2,7,14,member,electric_bike,639,5714.4
2,7,14,casual,electric_bike,235,2496.7
2,7,14,member,classic_bike,482,5306.4
2,7,15,casual,electric_bike,215,2461.6
2,7,15,casual,classic_bike,115,3466.7
2,7,15,member,classic_bike,416,4971.6
2,7,15,member,electric_bike,646,7409.5
2,7,16,member,electric_bike,673,7282.5
2,7,16,member,classic_bike,449,5036.4
2,7,16,casual,electric_bike,210,2189.8
2,7,16,casual,classic_bike,119,5058.0
2,7,17,member,electric_bike,649,6379.3
2,7,17,member,classic_bike,393,4143.0
2,7,17,casual,classic_bike,123,2615.2
2,7,17,casual,electric_bike,222,2258.0
2,7,18,member,electric_bike,465,4496.5
2,7,18,casual,electric_bike,127,1252.9
2,7,18,casual,classic_bike,55,916.7
2,7,18,member,classic_bike,280,3013.7
2,7,19,member,electric_bike,331,3666.2
2,7,19,member,classic_bike,197,1922.6
2,7,19,casual,classic_bike,33,472.1
2,7,19,casual,electric_bike,84,785.7
2,7,20,member,electric_bike,265,2473.0
2,7,20,casual,electric_bike,85,670.1
2,7,20,casual,classic_bike,31,520.5
2,7,20,member,classic_bike,131,1075.5
2,7,21,member,electric_bike,255,2193.5
2,7,21,member,classic_bike,118,1390.3
2,7,21,casual,classic_bike,25,1316.4
2,7,21,casual,electric_bike,77,717.2
2,7,22,member,classic_bike,69,756.6
2,7,22,casual,electric_bike,73,699.4
2,7,22,member,electric_bike,182,1708.9
2,7,22,casual,classic_bike,17,133.1
2,7,23,member,electric_bike,107,1008.5
2,7,23,casual,electric_bike,47,338.0
2,7,23,casual,classic_bike,6,105.8
2,7,23,member,classic_bike,35,446.3
3,1,0,member,electric_bike,104,825.3
3,1,0,casual,electric_bike,67,555.2
3,1,0,member,classic_bike,45,357.1
3,1,0,casual,classic_bike,26,382.4
3,1,1,member,electric_bike,65,397.0
3,1,1,casual,electric_bike,47,351.0
3,1,1,member,classic_bike,14,167.4
3,1,1,casual,classic_bike,17,277.9
3,1,2,member,classic_bike,8,111.0
3,1,2,member,electric_bike,45,376.1
3,1,2,casual,classic_bike,5,99.4
3,1,2,casual,electric_bike,39,279.9
3,1,3,casual,electric_bike,33,305.3
3,1,3,member,classic_bike,5,40.2
3,1,3,member,electric_bike,32,299.6
3,1,3,casual,classic_bike,6,131.7
3,1,4,casual,classic_bike,6,111.7
3,1,4,casual,electric_bike,22,145.7
3,1,4,member,electric_bike,66,514.3
3,1,4,member,classic_bike,17,291.6
3,1,5,casual,electric_bike,65,469.0
3,1,5,casual,classic_bike,22,353.8
3,1,5,member,electric_bike,239,1586.7
3,1,5,member,classic_bike,129,1424.1
3,1,6,member,electric_bike,794,7292.1
3,1,6,casual,classic_bike,36,332.8
3,1,6,member,classic_bike,466,4501.8
3,1,6,casual,electric_bike,185,1357.4
3,1,7,member,classic_bike,926,10356.4
3,1,7,casual,classic_bike,103,1280.7
3,1,7,casual,electric_bike,271,2115.6
3,1,7,member,electric_bike,1457,12837.3
3,1,8,member,electric_bike,1902,17064.3
3,1,8,member,classic_bike,1255,14201.4
3,1,8,casual,classic_bike,131,1488.5
3,1,8,casual,electric_bike,377,2857.9
3,1,9,member,classic_bike,651,6433.3
3,1,9,casual,electric_bike,262,2168.9
3,1,9,member,electric_bike,1048,8607.0
3,1,9,casual,classic_bike,113,2479.1
3,1,10,member,electric_bike,683,6877.6
3,1,10,casual,classic_bike,108,2518.5
3,1,10,casual,electric_bike,209,2438.0
3,1,10,member,classic_bike,445,4108.7
3,1,11,casual,electric_bike,327,3615.7
3,1,11,member,classic_bike,540,5622.7
3,1,11,member,electric_bike,798,9446.5
3,1,11,casual,classic_bike,161,3432.8
3,1,12,member,classic_bike,679,7461.9
3,1,12,casual,electric_bike,352,3812.3
3,1,12,member,electric_bike,981,8998.7
3,1,12,casual,classic_bike,230,7218.3
3,1,13,member,electric_bike,977,8788.9
3,1,13,casual,classic_bike,248,6308.7
3,1,13,member,classic_bike,604,6468.3
3,1,13,casual,electric_bike,390,5638.9
3,1,14,member,electric_bike,1044,10525.7
3,1,14,casual,classic_bike,313,7478.4
3,1,14,casual,electric_bike,497,6207.1
3,1,14,member,classic_bike,665,8456.5
3,1,15,casual,classic_bike,324,7599.1
3,1,15,casual,electric_bike,650,7995.4
3,1,15,member,electric_bike,1614,17182.7
3,1,15,member,classic_bike,968,12495.9
3,1,16,casual,electric_bike,871,10874.0
3,1,16,casual,classic_bike,441,10443.9
3,1,16,member,classic_bike,1542,19554.3
3,1,16,member,electric_bike,2551,26233.8
3,1,17,casual,classic_bike,576,12351.6
3,1,17,member,classic_bike,2060,27922.0
3,1,17,casual,electric_bike,990,12382.1
3,1,17,member,electric_bike,2987,31597.4
3,1,18,member,electric_bike,2082,21634.2
3,1,18,casual,classic_bike,431,10809.5
3,1,18,casual,electric_bike,724,8519.4
3,1,18,member,classic_bike,1433,17460.9
3,1,19,member,electric_bike,1369,12362.5
3,1,19,casual,electric_bike,416,4568.1
3,1,19,member,classic_bike,850,10627.9
3,1,19,casual,classic_bike,213,5787.2
3,1,20,member,electric_bike,856,8198.1
3,1,20,casual,electric_bike,307,3618.0
3,1,20,member,classic_bike,511,5391.1
3,1,20,casual,classic_bike,122,2240.9
3,1,21,casual,electric_bike,266,3210.6
3,1,21,member,classic_bike,358,3600.5
3,1,21,member,electric_bike,569,5696.7
3,1,21,casual,classic_bike,125,2856.8
3,1,22,member,classic_bike,179,1827.1
3,1,22,casual,classic_bike,77,1821.2
3,1,22,casual,electric_bike,188,2125.0
3,1,22,member,electric_bike,388,3829.7
3,1,23,casual,classic_bike,49,2593.7
3,1,23,member,electric_bike,201,1981.2
3,1,23,member,classic_bike,90,967.8
3,1,23,casual,electric_bike,130,1329.5
3,2,0,member,electric_bike,106,1031.1
3,2,0,casual,electric_bike,72,693.2
3,2,0,member,classic_bike,36,483.8
3,2,0,casual,classic_bike,19,320.6
3,2,1,member,classic_bike,12,86.6
3,2,1,member,electric_bike,67,622.2
3,2,1,casual,electric_bike,37,369.4
3,2,1,casual,classic_bike,14,177.1
3,2,2,member,electric_bike,32,290.2
3,2,2,casual,electric_bike,39,291.5
3,2,2,member,classic_bike,8,37.3
3,2,2,casual,classic_bike,5,152.4
3,2,3,casual,electric_bike,16,165.9
3,2,3,member,electric_bike,30,335.5
3,2,3,casual,classic_bike,4,22.8
3,2,3,member,classic_bike,2,9.8
3,2,4,casual,classic_bike,14,220.3
3,2,4,member,classic_bike,24,300.0
3,2,4,member,electric_bike,54,508.9
3,2,4,casual,electric_bike,51,357.0
3,2,5,casual,classic_bike,13,259.0
3,2,5,casual,electric_bike,55,388.6
3,2,5,member,classic_bike,116,1470.3
3,2,5,member,electric_bike,249,1634.1
3,2,6,casual,classic_bike,43,549.3
3,2,6,member,classic_bike,341,3429.8
3,2,6,member,electric_bike,706,6211.5
3,2,6,casual,electric_bike,139,958.1
3,2,7,member,classic_bike,893,10334.3
3,2,7,member,electric_bike,1520,14125.1
3,2,7,casual,electric_bike,300,2331.1
3,2,7,casual,classic_bike,90,1506.6
3,2,8,casual,classic_bike,167,2092.2
3,2,8,casual,electric_bike,460,4255.2
3,2,8,member,classic_bike,1280,14817.8
3,2,8,member,electric_bike,2067,19672.0
3,2,9,member,classic_bike,625,6454.2
3,2,9,casual,classic_bike,108,2252.7
3,2,9,casual,electric_bike,271,2395.7
3,2,9,member,electric_bike,967,8373.6
3,2,10,casual,electric_bike,196,2439.0
3,2,10,member,classic_bike,407,4219.0
3,2,10,casual,classic_bike,92,3889.8
3,2,10,member,electric_bike,617,6324.8
3,2,11,casual,electric_bike,235,2881.3
3,2,11,member,electric_bike,730,7389.7
3,2,11,member,classic_bike,481,4655.5
3,2,11,casual,classic_bike,147,3956.1
3,2,12,member,electric_bike,781,6196.2
3,2,12,casual,electric_bike,259,2834.8
3,2,12,member,classic_bike,489,4748.4
3,2,12,casual,classic_bike,155,4411.3
3,2,13,member,classic_bike,438,4295.7
3,2,13,member,electric_bike,699,6001.3
3,2,13,casual,classic_bike,152,2915.7
3,2,13,casual,electric_bike,284,3894.8
3,2,14,casual,classic_bike,178,4950.0
3,2,14,member,electric_bike,731,6966.2
3,2,14,member,classic_bike,437,5070.9
3,2,14,casual,electric_bike,319,4492.7
3,2,15,member,classic_bike,685,8972.2
3,2,15,casual,electric_bike,451,5916.9
3,2,15,member,electric_bike,1227,12601.5
3,2,15,casual,classic_bike,272,6467.6
3,2,16,member,classic_bike,1257,16351.1
3,2,16,member,electric_bike,2209,24532.6
3,2,16,casual,electric_bike,647,7049.5
3,2,16,casual,classic_bike,324,9300.1
3,2,17,member,electric_bike,2444,27192.5
3,2,17,member,classic_bike,1619,21913.3
3,2,17,casual,electric_bike,754,9199.9
3,2,17,casual,classic_bike,383,10901.3
3,2,18,member,classic_bike,1074,13582.0
3,2,18,member,electric_bike,1757,17735.9
3,2,18,casual,electric_bike,592,7260.2
3,2,18,casual,classic_bike,294,7904.0
3,2,19,member,electric_bike,1008,9803.0
3,2,19,casual,classic_bike,193,4641.3
3,2,19,member,classic_bike,642,6989.6
3,2,19,casual,electric_bike,341,3466.8
3,2,20,casual,classic_bike,98,2107.5
3,2,20,member,classic_bike,350,3935.2
3,2,20,member,electric_bike,550,4678.1
3,2,20,casual,electric_bike,214,1912.9
3,2,21,casual,electric_bike,196,2031.6
3,2,21,member,classic_bike,270,2635.9
3,2,21,casual,classic_bike,67,1429.6
3,2,21,member,electric_bike,456,3933.7
3,2,22,member,classic_bike,151,2276.1
3,2,22,member,electric_bike,334,2952.0
3,2,22,casual,classic_bike,57,889.6
3,2,22,casual,electric_bike,153,1456.4
3,2,23,member,electric_bike,194,1617.0
3,2,23,member,classic_bike,65,802.4
3,2,23,casual,electric_bike,103,707.6
3,2,23,casual,classic_bike,32,771.1
3,3,0,member,electric_bike,101,894.8
3,3,0,member,classic_bike,33,398.7
3,3,0,casual,classic_bike,22,425.8
3,3,0,casual,electric_bike,74,560.8
3,3,1,casual,electric_bike,37,330.6
3,3,1,casual,classic_bike,11,171.4
3,3,1,member,electric_bike,61,437.3
3,3,1,member,classic_bike,10,116.3
3,3,2,member,electric_bike,23,182.4
3,3,2,member,classic_bike,10,82.0
3,3,2,casual,classic_bike,4,66.0
3,3,2,casual,electric_bike,27,130.8
3,3,3,member,electric_bike,49,401.1
3,3,3,member,classic_bike,4,68.5
3,3,3,casual,electric_bike,19,161.3
3,3,3,casual,classic_bike,10,112.9
3,3,4,casual,classic_bike,5,38.7
3,3,4,casual,electric_bike,32,471.7
3,3,4,member,electric_bike,31,312.8
3,3,4,member,classic_bike,22,139.3
3,3,5,member,electric_bike,254,1763.7
3,3,5,member,classic_bike,105,1095.1
3,3,5,casual,classic_bike,8,90.3
3,3,5,casual,electric_bike,50,324.1
3,3,6,member,electric_bike,747,6766.5
3,3,6,member,classic_bike,422,4228.8
3,3,6,casual,classic_bike,43,625.9
3,3,6,casual,electric_bike,146,1064.7
3,3,7,member,electric_bike,1575,15205.8
3,3,7,casual,classic_bike,67,796.3
3,3,7,member,classic_bike,913,10095.4
3,3,7,casual,electric_bike,337,2608.3
3,3,8,member,classic_bike,1235,14130.3
3,3,8,casual,electric_bike,448,3662.2
3,3,8,casual,classic_bike,137,1694.4
3,3,8,member,electric_bike,2033,19324.7
3,3,9,casual,classic_bike,125,3651.1
3,3,9,member,electric_bike,1074,8809.8
3,3,9,member,classic_bike,610,6419.4
3,3,9,casual,electric_bike,260,2110.0
3,3,10,member,classic_bike,421,4489.7
3,3,10,casual,classic_bike,111,1871.8
3,3,10,member,electric_bike,633,5930.4
3,3,10,casual,electric_bike,207,2041.6
3,3,11,casual,classic_bike,144,2989.3
3,3,11,casual,electric_bike,220,2575.7
3,3,11,member,electric_bike,708,6611.4
3,3,11,member,classic_bike,508,5551.4
3,3,12,member,electric_bike,810,6020.4
3,3,12,member,classic_bike,568,5865.6
3,3,12,casual,electric_bike,251,2413.1
3,3,12,casual,classic_bike,140,2597.7
3,3,13,member,electric_bike,693,5525.6
3,3,13,member,classic_bike,431,4917.5
3,3,13,casual,classic_bike,101,1643.2
3,3,13,casual,electric_bike,184,1886.3
3,3,14,casual,electric_bike,257,2885.7
3,3,14,member,classic_bike,414,4089.1
3,3,14,casual,classic_bike,143,2635.4
3,3,14,member,electric_bike,711,6460.1
3,3,15,casual,electric_bike,309,3255.9
3,3,15,member,electric_bike,964,8641.4
3,3,15,member,classic_bike,505,5468.0
3,3,15,casual,classic_bike,121,2222.9
3,3,16,casual,electric_bike,495,5114.4
3,3,16,member,classic_bike,874,11467.5
3,3,16,member,electric_bike,1723,16801.4
3,3,16,casual,classic_bike,165,3536.7
3,3,17,member,electric_bike,1870,19448.1
3,3,17,casual,electric_bike,448,4842.6
3,3,17,member,classic_bike,1144,14168.0
3,3,17,casual,classic_bike,220,3764.5
3,3,18,member,electric_bike,1205,11403.1
3,3,18,casual,electric_bike,350,3164.4
3,3,18,casual,classic_bike,170,2556.2
3,3,18,member,classic_bike,655,7823.7
3,3,19,member,classic_bike,457,5381.9
3,3,19,casual,electric_bike,260,2091.5
3,3,19,casual,classic_bike,83,1882.7
3,3,19,member,electric_bike,818,7075.9
3,3,20,casual,classic_bike,76,1030.8
3,3,20,casual,electric_bike,155,1603.2
3,3,20,member,classic_bike,325,3394.0
3,3,20,member,electric_bike,536,4769.5
3,3,21,member,electric_bike,420,3674.8
3,3,21,casual,electric_bike,148,1153.1
3,3,21,member,classic_bike,209,2124.7
3,3,21,casual,classic_bike,67,830.6
3,3,22,member,classic_bike,137,1347.5
3,3,22,casual,electric_bike,131,1187.9
3,3,22,member,electric_bike,292,2317.9
3,3,22,casual,classic_bike,39,562.3
3,3,23,member,electric_bike,164,1309.1
3,3,23,member,classic_bike,64,593.8
3,3,23,casual,electric_bike,76,530.6
3,3,23,casual,classic_bike,25,324.3
3,4,0,member,classic_bike,48,340.2
3,4,0,casual,classic_bike,26,481.3
3,4,0,casual,electric_bike,63,552.1
3,4,0,member,electric_bike,83,658.4
3,4,1,casual,electric_bike,28,255.8
3,4,1,casual,classic_bike,10,87.5
3,4,1,member,electric_bike,51,452.3
3,4,1,member,classic_bike,14,195.7
3,4,2,casual,electric_bike,29,311.6
3,4,2,member,electric_bike,30,371.5
3,4,2,member,classic_bike,13,228.6
3,4,2,casual,classic_bike,3,21.7
3,4,3,member,electric_bike,26,281.6
3,4,3,casual,classic_bike,2,56.5
3,4,3,member,classic_bike,4,22.6
3,4,3,casual,electric_bike,16,145.1
3,4,4,member,electric_bike,34,293.7
3,4,4,casual,electric_bike,29,310.1
3,4,4,member,classic_bike,15,117.1
3,4,4,casual,classic_bike,8,420.2
3,4,5,casual,electric_bike,56,503.0
3,4,5,member,classic_bike,81,847.7
3,4,5,member,electric_bike,199,1326.2
3,4,5,casual,classic_bike,8,70.3
3,4,6,casual,classic_bike,22,233.5
3,4,6,member,electric_bike,591,4751.9
3,4,6,casual,electric_bike,126,799.4
3,4,6,member,classic_bike,296,2856.4
3,4,7,member,classic_bike,658,8502.2
3,4,7,member,electric_bike,1231,12015.5
3,4,7,casual,electric_bike,203,1689.5
3,4,7,casual,classic_bike,62,540.0
3,4,8,casual,electric_bike,329,2505.0
3,4,8,member,classic_bike,983,10348.4
3,4,8,casual,classic_bike,105,1214.0
3,4,8,member,electric_bike,1731,15961.8
3,4,9,member,classic_bike,539,5658.4
3,4,9,member,electric_bike,902,8393.7
3,4,9,casual,classic_bike,103,1795.9
3,4,9,casual,electric_bike,219,1728.4
3,4,10,member,classic_bike,395,4426.5
3,4,10,casual,electric_bike,190,2007.4
3,4,10,casual,classic_bike,78,1771.0
3,4,10,member,electric_bike,576,5363.6
3,4,11,casual,electric_bike,252,2685.5
3,4,11,casual,classic_bike,120,2838.9
3,4,11,member,classic_bike,416,4226.4
3,4,11,member,electric_bike,702,7199.3
3,4,12,casual,electric_bike,314,3623.6
3,4,12,casual,classic_bike,128,2738.5
3,4,12,member,electric_bike,846,7702.3
3,4,12,member,classic_bike,571,5926.7
3,4,13,casual,electric_bike,308,4393.3
3,4,13,member,electric_bike,819,7587.4
3,4,13,casual,classic_bike,146,3675.2
3,4,13,member,classic_bike,506,5420.4
3,4,14,casual,electric_bike,301,3724.7
3,4,14,member,electric_bike,851,8165.5
3,4,14,member,classic_bike,496,5657.1
3,4,14,casual,classic_bike,196,3883.5
3,4,15,casual,classic_bike,221,5748.1
3,4,15,member,classic_bike,744,9744.3
3,4,15,member,electric_bike,1281,13365.3
3,4,15,casual,electric_bike,446,5458.9
3,4,16,casual,classic_bike,257,8417.1
3,4,16,casual,electric_bike,618,6985.5
3,4,16,member,electric_bike,2104,22026.5
3,4,16,member,classic_bike,1117,13866.3
3,4,17,member,electric_bike,2494,26505.1
3,4,17,member,classic_bike,1448,17870.6
3,4,17,casual,electric_bike,755,7919.9
3,4,17,casual,classic_bike,302,6744.7
3,4,18,casual,classic_bike,251,3742.1
3,4,18,member,classic_bike,985,12356.4
3,4,18,casual,electric_bike,556,5876.7
3,4,18,member,electric_bike,1747,17826.5
3,4,19,casual,classic_bike,189,4110.2
3,4,19,member,electric_bike,1105,10553.4
3,4,19,casual,electric_bike,337,3338.2
3,4,19,member,classic_bike,554,6912.4
3,4,20,member,electric_bike,710,7098.5
3,4,20,casual,classic_bike,95,2214.1
3,4,20,member,classic_bike,375,3900.1
3,4,20,casual,electric_bike,241,2180.7
3,4,21,member,electric_bike,567,5226.9
3,4,21,casual,electric_bike,211,2151.8
3,4,21,member,classic_bike,308,3144.2
3,4,21,casual,classic_bike,111,4015.0
3,4,22,member,classic_bike,245,2566.0
3,4,22,casual,electric_bike,200,2022.1
3,4,22,member,electric_bike,438,3762.8
3,4,22,casual,classic_bike,86,1178.9
3,4,23,member,classic_bike,103,2039.8
3,4,23,casual,electric_bike,174,1829.6
3,4,23,member,electric_bike,264,2627.2
3,4,23,casual,classic_bike,58,1073.2
3,5,0,casual,electric_bike,126,1080.1
3,5,0,member,electric_bike,196,1596.8
3,5,0,casual,classic_bike,45,567.4
3,5,0,member,classic_bike,74,831.2
3,5,1,casual,electric_bike,64,468.7
3,5,1,member,classic_bike,31,357.1
3,5,1,casual,classic_bike,25,331.1
3,5,1,member,electric_bike,99,811.6
3,5,2,member,electric_bike,40,311.2
3,5,2,member,classic_bike,11,174.7
3,5,2,casual,electric_bike,69,783.1
3,5,2,casual,classic_bike,15,188.7
3,5,3,casual,electric_bike,33,312.0
3,5,3,member,electric_bike,36,447.0
3,5,3,member,classic_bike,8,93.5
3,5,3,casual,classic_bike,8,231.6
3,5,4,casual,electric_bike,24,177.3
3,5,4,member,electric_bike,39,438.7
3,5,4,member,classic_bike,16,120.1
3,5,4,casual,classic_bike,3,25.2
3,5,5,casual,electric_bike,44,351.1
3,5,5,member,classic_bike,83,926.7
3,5,5,member,electric_bike,191,1408.2
3,5,5,casual,classic_bike,8,713.6
3,5,6,casual,electric_bike,115,728.1
3,5,6,casual,classic_bike,20,188.6
3,5,6,member,electric_bike,577,5388.4
3,5,6,member,classic_bike,245,2507.8
3,5,7,casual,classic_bike,57,1241.6
3,5,7,member,electric_bike,1041,9782.6
3,5,7,member,classic_bike,631,7274.4
3,5,7,casual,electric_bike,238,1979.8
3,5,8,casual,electric_bike,297,2244.2
3,5,8,member,electric_bike,1357,11997.8
3,5,8,casual,classic_bike,108,2320.5
3,5,8,member,classic_bike,766,8421.8
3,5,9,member,classic_bike,579,6581.8
3,5,9,casual,classic_bike,153,4935.4
3,5,9,member,electric_bike,863,8365.9
3,5,9,casual,electric_bike,258,2397.0
3,5,10,member,electric_bike,742,8200.6
3,5,10,member,classic_bike,392,3732.6
3,5,10,casual,classic_bike,176,5262.9
3,5,10,casual,electric_bike,320,4478.6
3,5,11,member,electric_bike,914,9931.0
3,5,11,member,classic_bike,496,6714.4
3,5,11,casual,classic_bike,332,12231.8
3,5,11,casual,electric_bike,378,6300.6
3,5,12,member,classic_bike,638,7687.9
3,5,12,casual,electric_bike,595,9087.3
3,5,12,member,electric_bike,1029,10580.6
3,5,12,casual,classic_bike,461,16355.3
3,5,13,casual,electric_bike,700,12293.5
3,5,13,member,electric_bike,1079,11443.6
3,5,13,member,classic_bike,705,9108.2
3,5,13,casual,classic_bike,511,15575.9
3,5,14,member,classic_bike,741,9913.2
3,5,14,casual,classic_bike,532,17093.3
3,5,14,member,electric_bike,1330,15345.5
3,5,14,casual,electric_bike,847,14815.7
3,5,15,casual,electric_bike,1025,17842.8
3,5,15,casual,classic_bike,690,21445.4
3,5,15,member,electric_bike,1616,19444.5
3,5,15,member,classic_bike,946,13018.2
3,5,16,casual,classic_bike,781,20340.3
3,5,16,member,electric_bike,2160,26883.1
3,5,16,member,classic_bike,1183,15978.3
3,5,16,casual,electric_bike,1271,18305.3
3,5,17,member,classic_bike,1426,22185.5
3,5,17,casual,electric_bike,1286,18586.5
3,5,17,member,electric_bike,2296,29270.5
3,5,17,casual,classic_bike,850,28909.5
3,5,18,casual,electric_bike,1144,15883.7
3,5,18,casual,classic_bike,794,21484.1
3,5,18,member,electric_bike,1897,21896.4
3,5,18,member,classic_bike,1171,17163.0
3,5,19,member,classic_bike,780,10825.5
3,5,19,member,electric_bike,1226,13930.9
3,5,19,casual,electric_bike,800,10217.6
3,5,19,casual,classic_bike,496,14113.8
3,5,20,casual,classic_bike,310,6556.7
3,5,20,member,electric_bike,915,9888.0
3,5,20,member,classic_bike,463,5873.1
3,5,20,casual,electric_bike,531,7469.6
3,5,21,member,electric_bike,675,7276.5
3,5,21,casual,electric_bike,429,5642.9
3,5,21,casual,classic_bike,219,5592.7
3,5,21,member,classic_bike,351,4495.2
3,5,22,casual,classic_bike,244,7148.4
3,5,22,member,classic_bike,273,3220.8
3,5,22,member,electric_bike,586,6215.4
3,5,22,casual,electric_bike,462,6341.3
3,5,23,casual,classic_bike,229,4703.5
3,5,23,member,electric_bike,513,5453.5
3,5,23,casual,electric_bike,458,6009.1
3,5,23,member,classic_bike,224,2644.5
3,6,0,member,classic_bike,129,1474.4
3,6,0,casual,classic_bike,156,4291.2
3,6,0,casual,electric_bike,403,4605.1
3,6,0,member,electric_bike,360,3216.7
3,6,1,casual,electric_bike,227,2202.5
3,6,1,member,electric_bike,240,2411.2
3,6,1,member,classic_bike,84,1044.2
3,6,1,casual,classic_bike,109,2494.0
3,6,2,casual,classic_bike,44,2889.9
3,6,2,member,classic_bike,42,501.8
3,6,2,casual,electric_bike,145,1723.7
3,6,2,member,electric_bike,151,1517.6
3,6,3,member,electric_bike,89,951.6
3,6,3,casual,electric_bike,86,917.5
3,6,3,casual,classic_bike,20,373.2
3,6,3,member,classic_bike,21,196.0
3,6,4,member,electric_bike,68,836.8
3,6,4,member,classic_bike,21,235.1
3,6,4,casual,electric_bike,55,489.1
3,6,4,casual,classic_bike,13,444.7
3,6,5,casual,electric_bike,29,237.6
3,6,5,member,classic_bike,17,299.7
3,6,5,casual,classic_bike,9,72.5
3,6,5,member,electric_bike,73,576.1
3,6,6,member,classic_bike,89,908.3
3,6,6,casual,classic_bike,25,503.8
3,6,6,casual,electric_bike,76,654.3
3,6,6,member,electric_bike,238,3292.4
3,6,7,casual,classic_bike,91,1947.6
3,6,7,casual,electric_bike,170,1670.4
3,6,7,member,classic_bike,217,2527.8
3,6,7,member,electric_bike,452,3799.5
3,6,8,casual,classic_bike,196,4592.6
3,6,8,casual,electric_bike,333,3376.6
3,6,8,member,classic_bike,405,4994.4
3,6,8,member,electric_bike,791,7569.5
3,6,9,member,electric_bike,1139,11506.7
3,6,9,member,classic_bike,731,9407.3
3,6,9,casual,electric_bike,524,6373.8
3,6,9,casual,classic_bike,385,9826.7
3,6,10,member,classic_bike,866,10129.1
3,6,10,casual,electric_bike,662,8519.8
3,6,10,casual,classic_bike,497,13196.2
3,6,10,member,electric_bike,1283,12681.9
3,6,11,member,classic_bike,888,12541.7
3,6,11,casual,electric_bike,822,11256.9
3,6,11,member,electric_bike,1430,16711.6
3,6,11,casual,classic_bike,671,18322.0
3,6,12,casual,electric_bike,1020,16582.4
3,6,12,member,electric_bike,1468,17008.7
3,6,12,casual,classic_bike,774,20905.0
3,6,12,member,classic_bike,1048,14252.6
3,6,13,casual,classic_bike,926,28378.0
3,6,13,casual,electric_bike,1000,15354.3
3,6,13,member,electric_bike,1481,17436.6
3,6,13,member,classic_bike,1109,15103.2
3,6,14,casual,electric_bike,1087,17413.0
3,6,14,member,electric_bike,1504,18951.6
3,6,14,member,classic_bike,1097,15984.3
3,6,14,casual,classic_bike,1011,30711.6
3,6,15,casual,classic_bike,923,23735.8
3,6,15,casual,electric_bike,1060,17830.7
3,6,15,member,classic_bike,1069,14896.8
3,6,15,member,electric_bike,1424,16609.7
3,6,16,casual,electric_bike,905,13176.1
3,6,16,member,electric_bike,1483,16603.8
3,6,16,member,classic_bike,965,15169.9
3,6,16,casual,classic_bike,846,23944.3
3,6,17,casual,electric_bike,807,10615.8
3,6,17,member,classic_bike,749,9231.1
3,6,17,member,electric_bike,1294,14322.2
3,6,17,casual,classic_bike,555,17497.4
3,6,18,casual,electric_bike,711,8734.9
3,6,18,member,classic_bike,684,8850.1
3,6,18,casual,classic_bike,443,9791.6
3,6,18,member,electric_bike,1213,13271.4
3,6,19,member,electric_bike,981,9924.2
3,6,19,member,classic_bike,438,5391.4
3,6,19,casual,electric_bike,542,6185.7
3,6,19,casual,classic_bike,329,6783.4
3,6,20,member,classic_bike,311,4264.3
3,6,20,member,electric_bike,632,5846.1
3,6,20,casual,electric_bike,328,3629.7
3,6,20,casual,classic_bike,205,5126.8
3,6,21,member,electric_bike,508,4690.7
3,6,21,member,classic_bike,197,2481.5
3,6,21,casual,electric_bike,323,3918.9
3,6,21,casual,classic_bike,167,3302.9
3,6,22,member,classic_bike,185,1828.1
3,6,22,casual,electric_bike,258,2652.5
3,6,22,member,electric_bike,457,4562.5
3,6,22,casual,classic_bike,134,2465.0
3,6,23,member,electric_bike,365,3326.4
3,6,23,member,classic_bike,145,2229.5
3,6,23,casual,electric_bike,214,2395.4
3,6,23,casual,classic_bike,83,1635.8
3,7,0,casual,classic_bike,73,2263.6
3,7,0,casual,electric_bike,205,1927.8
3,7,0,member,electric_bike,288,2415.2
3,7,0,member,classic_bike,99,1966.6
3,7,1,casual,classic_bike,69,817.4
3,7,1,member,electric_bike,187,2142.6
3,7,1,casual,electric_bike,160,2882.7
3,7,1,member,classic_bike,61,906.1
3,7,2,member,classic_bike,40,536.6
3,7,2,member,electric_bike,115,925.7
3,7,2,casual,electric_bike,85,694.1
3,7,2,casual,classic_bike,37,2415.1
3,7,3,member,electric_bike,124,1056.1
3,7,3,casual,electric_bike,119,1209.1
3,7,3,casual,classic_bike,35,1352.9
3,7,3,member,classic_bike,28,341.9
3,7,4,casual,electric_bike,63,574.8
3,7,4,member,classic_bike,27,302.8
3,7,4,member,electric_bike,66,597.9
3,7,4,casual,classic_bike,20,633.8
3,7,5,member,classic_bike,24,341.0
3,7,5,casual,electric_bike,28,304.7
3,7,5,casual,classic_bike,15,165.1
3,7,5,member,electric_bike,65,559.1
3,7,6,casual,classic_bike,27,984.7
3,7,6,casual,electric_bike,67,686.2
3,7,6,member,classic_bike,85,848.2
3,7,6,member,electric_bike,172,3205.8
3,7,7,member,classic_bike,195,2295.7
3,7,7,member,electric_bike,299,2717.3
3,7,7,casual,classic_bike,61,1935.9
3,7,7,casual,electric_bike,118,1003.5
3,7,8,casual,electric_bike,165,1621.1
3,7,8,member,electric_bike,445,3301.3
3,7,8,member,classic_bike,313,4375.4
3,7,8,casual,classic_bike,119,4136.2
3,7,9,member,electric_bike,584,5129.8
3,7,9,member,classic_bike,488,5645.2
3,7,9,casual,classic_bike,156,3055.1
3,7,9,casual,electric_bike,261,2784.8
3,7,10,member,electric_bike,784,7814.4
3,7,10,member,classic_bike,582,6855.6
3,7,10,casual,electric_bike,353,4442.0
3,7,10,casual,classic_bike,223,5169.9
3,7,11,casual,electric_bike,430,5654.9
3,7,11,casual,classic_bike,329,8606.8
3,7,11,member,electric_bike,999,11558.4
3,7,11,member,classic_bike,724,10260.4
3,7,12,member,electric_bike,1092,11646.7
3,7,12,casual,classic_bike,411,10610.1
3,7,12,member,classic_bike,822,10426.2
3,7,12,casual,electric_bike,565,7870.8
3,7,13,casual,electric_bike,602,8873.1
3,7,13,casual,classic_bike,472,13871.4
3,7,13,member,classic_bike,880,12381.7
3,7,13,member,electric_bike,1101,12350.5
3,7,14,member,electric_bike,1064,11639.2
3,7,14,member,classic_bike,812,10917.5
3,7,14,casual,classic_bike,470,15858.9
3,7,14,casual,electric_bike,532,7989.7
3,7,15,casual,electric_bike,480,7514.5
3,7,15,member,electric_bike,864,10690.6
3,7,15,member,classic_bike,673,9200.1
3,7,15,casual,classic_bike,312,9724.4
3,7,16,member,classic_bike,634,9632.6
3,7,16,member,electric_bike,871,10879.1
3,7,16,casual,classic_bike,346,10761.7
3,7,16,casual,electric_bike,431,6439.9
3,7,17,member,classic_bike,599,8137.7
3,7,17,member,electric_bike,926,10930.0
3,7,17,casual,electric_bike,453,6708.7
3,7,17,casual,classic_bike,311,7461.1
3,7,18,casual,classic_bike,223,6482.7
3,7,18,casual,electric_bike,379,5236.2
3,7,18,member,classic_bike,543,7371.2
3,7,18,member,electric_bike,870,9795.8
3,7,19,casual,electric_bike,255,3282.7
3,7,19,member,electric_bike,693,6393.8
3,7,19,casual,classic_bike,147,2757.9
3,7,19,member,classic_bike,379,4444.9
3,7,20,member,electric_bike,490,5245.7
3,7,20,casual,classic_bike,127,2910.8
3,7,20,casual,electric_bike,191,1811.9
3,7,20,member,classic_bike,253,2734.6
3,7,21,casual,classic_bike,69,1192.5
3,7,21,member,classic_bike,206,1879.4
3,7,21,casual,electric_bike,152,1961.2
3,7,21,member,electric_bike,381,3267.8
3,7,22,casual,electric_bike,147,1717.0
3,7,22,member,electric_bike,261,2511.7
3,7,22,casual,classic_bike,45,1003.4
3,7,22,member,classic_bike,125,1281.0
3,7,23,member,classic_bike,60,710.6
3,7,23,casual,electric_bike,94,922.3
3,7,23,casual,classic_bike,34,1354.0
3,7,23,member,electric_bike,169,1416.1
4,1,0,member,electric_bike,111,1079.1
4,1,0,casual,electric_bike,112,1372.3
4,1,0,member,classic_bike,45,489.1
4,1,0,casual,classic_bike,34,1888.1
4,1,1,member,electric_bike,64,666.4
4,1,1,casual,electric_bike,54,895.5
4,1,1,casual,classic_bike,21,1601.1
4,1,1,member,classic_bike,10,147.5
4,1,2,member,electric_bike,50,441.3
4,1,2,member,classic_bike,11,127.7
4,1,2,casual,electric_bike,41,361.6
4,1,2,casual,classic_bike,16,822.0
4,1,3,casual,electric_bike,30,345.9
4,1,3,member,electric_bike,54,784.7
4,1,3,member,classic_bike,12,152.5
4,1,3,casual,classic_bike,8,167.1
4,1,4,casual,electric_bike,37,436.9
4,1,4,member,classic_bike,26,303.9
4,1,4,casual,classic_bike,13,335.6
4,1,4,member,electric_bike,71,689.6
4,1,5,member,classic_bike,168,2078.0
4,1,5,casual,electric_bike,65,570.6
4,1,5,member,electric_bike,281,2367.3
4,1,5,casual,classic_bike,29,320.6
4,1,6,member,classic_bike,528,5563.5
4,1,6,casual,electric_bike,190,1501.9
4,1,6,member,electric_bike,901,8970.2
4,1,6,casual,classic_bike,79,1318.4
4,1,7,member,classic_bike,1055,14487.1
4,1,7,member,electric_bike,1702,16520.8
4,1,7,casual,electric_bike,332,2979.7
4,1,7,casual,classic_bike,107,1528.4
4,1,8,casual,classic_bike,207,3591.1
4,1,8,member,classic_bike,1284,14145.6
4,1,8,casual,electric_bike,461,3947.5
4,1,8,member,electric_bike,1920,19073.7
4,1,9,casual,classic_bike,176,4890.1
4,1,9,casual,electric_bike,288,3533.3
4,1,9,member,electric_bike,1040,9681.7
4,1,9,member,classic_bike,708,7202.0
4,1,10,casual,electric_bike,286,3854.8
4,1,10,casual,classic_bike,213,7252.8
4,1,10,member,electric_bike,661,7058.0
4,1,10,member,classic_bike,469,5470.7
4,1,11,casual,electric_bike,325,4493.4
4,1,11,casual,classic_bike,260,9551.0
4,1,11,member,electric_bike,750,7174.2
4,1,11,member,classic_bike,578,6365.8
4,1,12,casual,classic_bike,328,11728.2
4,1,12,casual,electric_bike,457,6871.5
4,1,12,member,classic_bike,692,7803.0
4,1,12,member,electric_bike,984,8681.2
4,1,13,casual,classic_bike,297,9789.0
4,1,13,casual,electric_bike,467,7400.1
4,1,13,member,electric_bike,926,9125.9
4,1,13,member,classic_bike,628,8400.9
4,1,14,casual,electric_bike,571,8129.3
4,1,14,casual,classic_bike,354,10830.6
4,1,14,member,electric_bike,1084,10765.2
4,1,14,member,classic_bike,660,8017.0
4,1,15,member,electric_bike,1627,16821.2
4,1,15,casual,electric_bike,665,9542.6
4,1,15,member,classic_bike,938,11966.7
4,1,15,casual,classic_bike,442,13347.9
4,1,16,casual,classic_bike,551,17345.8
4,1,16,member,electric_bike,2449,26720.2
4,1,16,casual,electric_bike,881,12357.1
4,1,16,member,classic_bike,1440,19276.0
4,1,17,casual,classic_bike,626,16753.3
4,1,17,member,classic_bike,1940,27886.7
4,1,17,casual,electric_bike,1048,14145.9
4,1,17,member,electric_bike,2915,31722.7
4,1,18,member,electric_bike,2094,22191.7
4,1,18,casual,electric_bike,801,10885.9
4,1,18,casual,classic_bike,570,16407.8
4,1,18,member,classic_bike,1424,19394.6
4,1,19,casual,classic_bike,404,11641.8
4,1,19,member,classic_bike,953,12193.0
4,1,19,member,electric_bike,1354,13539.9
4,1,19,casual,electric_bike,589,7483.3
4,1,20,casual,classic_bike,220,5309.7
4,1,20,member,electric_bike,931,9079.3
4,1,20,member,classic_bike,527,6823.9
4,1,20,casual,electric_bike,375,4957.0
4,1,21,member,classic_bike,353,3875.6
4,1,21,member,electric_bike,674,6718.3
4,1,21,casual,classic_bike,148,3922.8
4,1,21,casual,electric_bike,282,3435.9
4,1,22,member,classic_bike,204,2383.4
4,1,22,casual,electric_bike,246,3497.1
4,1,22,casual,classic_bike,95,3181.2
4,1,22,member,electric_bike,472,4410.6
4,1,23,casual,classic_bike,58,993.0
4,1,23,casual,electric_bike,165,2289.3
4,1,23,member,classic_bike,77,1050.1
4,1,23,member,electric_bike,228,2466.8
4,2,0,member,electric_bike,154,1349.6
4,2,0,member,classic_bike,61,610.7
4,2,0,casual,classic_bike,49,1893.8
4,2,0,casual,electric_bike,134,1488.2
4,2,1,casual,electric_bike,85,840.4
4,2,1,casual,classic_bike,18,278.4
4,2,1,member,classic_bike,18,192.0
4,2,1,member,electric_bike,83,638.4
4,2,2,member,classic_bike,18,225.0
4,2,2,casual,classic_bike,12,234.2
4,2,2,member,electric_bike,60,474.1
4,2,2,casual,electric_bike,69,689.7
4,2,3,member,electric_bike,56,568.0
4,2,3,casual,electric_bike,31,288.4
4,2,3,member,classic_bike,9,198.7
4,2,3,casual,classic_bike,16,651.3
4,2,4,casual,electric_bike,44,373.9
4,2,4,member,electric_bike,73,526.0
4,2,4,casual,classic_bike,9,185.4
4,2,4,member,classic_bike,48,502.6
4,2,5,member,classic_bike,201,2254.1
4,2,5,casual,electric_bike,83,572.0
4,2,5,member,electric_bike,353,2742.6
4,2,5,casual,classic_bike,25,408.8
4,2,6,member,classic_bike,605,6591.8
4,2,6,member,electric_bike,1123,10708.4
4,2,6,casual,electric_bike,237,1830.2
4,2,6,casual,classic_bike,78,1516.9
4,2,7,casual,electric_bike,432,3564.6
4,2,7,member,classic_bike,1443,17153.2
4,2,7,casual,classic_bike,180,2854.3
4,2,7,member,electric_bike,2260,21304.5
4,2,8,member,classic_bike,1784,19631.9
4,2,8,casual,electric_bike,637,5497.3
4,2,8,casual,classic_bike,261,5443.3
4,2,8,member,electric_bike,2930,28860.5
4,2,9,member,electric_bike,1499,13454.3
4,2,9,casual,electric_bike,370,3417.0
4,2,9,member,classic_bike,943,8809.0
4,2,9,casual,classic_bike,209,4552.4
4,2,10,member,classic_bike,618,6767.4
4,2,10,casual,electric_bike,258,2868.7
4,2,10,casual,classic_bike,216,6587.2
4,2,10,member,electric_bike,990,9566.5
4,2,11,casual,classic_bike,285,9184.5
4,2,11,casual,electric_bike,405,4825.0
4,2,11,member,electric_bike,1025,9706.4
4,2,11,member,classic_bike,752,7757.9
4,2,12,member,electric_bike,1310,11171.7
4,2,12,member,classic_bike,891,9140.3
4,2,12,casual,electric_bike,484,5488.8
4,2,12,casual,classic_bike,302,8660.7
4,2,13,member,classic_bike,835,8601.1
4,2,13,casual,classic_bike,340,10851.0
4,2,13,casual,electric_bike,504,6902.0
4,2,13,member,electric_bike,1299,12124.0
4,2,14,member,electric_bike,1363,13498.9
4,2,14,member,classic_bike,740,8943.4
4,2,14,casual,classic_bike,346,9005.3
4,2,14,casual,electric_bike,519,6933.3
4,2,15,member,classic_bike,1127,14566.6
4,2,15,casual,electric_bike,706,8899.4
4,2,15,member,electric_bike,2038,21628.2
4,2,15,casual,classic_bike,415,13151.4
4,2,16,member,classic_bike,2029,27197.4
4,2,16,member,electric_bike,3399,37143.8
4,2,16,casual,classic_bike,529,14240.7
4,2,16,casual,electric_bike,1085,13165.0
4,2,17,casual,electric_bike,1210,14780.5
4,2,17,member,classic_bike,2795,39119.2
4,2,17,member,electric_bike,3921,44740.4
4,2,17,casual,classic_bike,749,23471.8
4,2,18,casual,electric_bike,1005,12396.1
4,2,18,member,classic_bike,1834,23912.3
4,2,18,member,electric_bike,2741,29628.6
4,2,18,casual,classic_bike,625,13838.2
4,2,19,member,electric_bike,1673,16051.3
4,2,19,casual,classic_bike,379,9169.5
4,2,19,member,classic_bike,1217,16255.6
4,2,19,casual,electric_bike,646,6912.3
4,2,20,member,classic_bike,682,9300.6
4,2,20,member,electric_bike,1163,10701.7
4,2,20,casual,classic_bike,252,4744.3
4,2,20,casual,electric_bike,404,4524.9
4,2,21,casual,classic_bike,177,2950.1
4,2,21,member,electric_bike,928,8365.0
4,2,21,member,classic_bike,532,6365.7
4,2,21,casual,electric_bike,361,4262.3
4,2,22,casual,electric_bike,399,4691.8
4,2,22,member,classic_bike,260,2617.2
4,2,22,casual,classic_bike,129,1992.5
4,2,22,member,electric_bike,615,5745.0
4,2,23,member,classic_bike,137,1489.7
4,2,23,member,electric_bike,328,3236.1
4,2,23,casual,electric_bike,143,1240.3
4,2,23,casual,classic_bike,71,2359.0
4,3,0,member,classic_bike,50,1212.0
4,3,0,member,electric_bike,170,1614.1
4,3,0,casual,classic_bike,49,846.4
4,3,0,casual,electric_bike,143,1280.1
4,3,1,member,classic_bike,29,336.0
4,3,1,casual,classic_bike,25,301.4
4,3,1,casual,electric_bike,75,646.5
4,3,1,member,electric_bike,80,672.2
4,3,2,member,electric_bike,46,364.2
4,3,2,casual,electric_bike,45,352.3
4,3,2,casual,classic_bike,16,221.6
4,3,2,member,classic_bike,17,208.0
4,3,3,member,electric_bike,40,411.0
4,3,3,casual,classic_bike,15,215.8
4,3,3,member,classic_bike,17,111.3
4,3,3,casual,electric_bike,34,248.2
4,3,4,member,electric_bike,74,516.3
4,3,4,casual,classic_bike,11,767.4
4,3,4,member,classic_bike,41,418.2
4,3,4,casual,electric_bike,36,270.3
4,3,5,member,electric_bike,313,2274.9
4,3,5,casual,classic_bike,22,1049.2
4,3,5,member,classic_bike,162,1754.3
4,3,5,casual,electric_bike,79,471.9
4,3,6,casual,classic_bike,47,519.4
4,3,6,member,electric_bike,821,8018.0
4,3,6,member,classic_bike,469,4962.3
4,3,6,casual,electric_bike,184,1297.7
4,3,7,member,electric_bike,1710,16206.7
4,3,7,casual,electric_bike,343,2623.8
4,3,7,casual,classic_bike,120,1574.7
4,3,7,member,classic_bike,989,12042.4
4,3,8,casual,classic_bike,210,3277.9
4,3,8,casual,electric_bike,534,4379.2
4,3,8,member,classic_bike,1356,14486.2
4,3,8,member,electric_bike,2259,22074.4
4,3,9,casual,classic_bike,154,2608.8
4,3,9,member,electric_bike,1267,11306.9
4,3,9,member,classic_bike,821,8089.8
4,3,9,casual,electric_bike,350,2934.1
4,3,10,casual,classic_bike,174,4186.0
4,3,10,member,classic_bike,568,7632.2
4,3,10,member,electric_bike,866,8166.5
4,3,10,casual,electric_bike,280,2883.6
4,3,11,member,classic_bike,648,6940.4
4,3,11,casual,electric_bike,348,3793.7
4,3,11,casual,classic_bike,186,5722.5
4,3,11,member,electric_bike,963,9530.2
4,3,12,casual,classic_bike,232,5635.5
4,3,12,member,classic_bike,710,7430.4
4,3,12,casual,electric_bike,410,4611.8
4,3,12,member,electric_bike,1069,8926.2
4,3,13,casual,electric_bike,434,4915.4
4,3,13,member,electric_bike,1211,10102.3
4,3,13,casual,classic_bike,241,6194.3
4,3,13,member,classic_bike,701,7518.1
4,3,14,member,classic_bike,618,7095.1
4,3,14,casual,classic_bike,196,5661.8
4,3,14,member,electric_bike,1185,10981.5
4,3,14,casual,electric_bike,440,5681.8
4,3,15,casual,electric_bike,677,7576.4
4,3,15,member,classic_bike,1001,11463.5
4,3,15,casual,classic_bike,261,7138.3
4,3,15,member,electric_bike,1937,18723.3
4,3,16,member,classic_bike,1630,20096.8
4,3,16,member,electric_bike,2976,31351.5
4,3,16,casual,electric_bike,942,10469.6
4,3,16,casual,classic_bike,386,8408.3
4,3,17,casual,electric_bike,1105,13107.7
4,3,17,member,electric_bike,3231,36214.5
4,3,17,member,classic_bike,2121,29256.1
4,3,17,casual,classic_bike,563,11230.6
4,3,18,member,electric_bike,2416,25588.3
4,3,18,casual,classic_bike,450,12201.1
4,3,18,member,classic_bike,1427,18492.1
4,3,18,casual,electric_bike,756,8396.6
4,3,19,member,classic_bike,1002,11659.3
4,3,19,casual,electric_bike,572,6068.3
4,3,19,member,electric_bike,1567,15364.7
4,3,19,casual,classic_bike,309,6014.7
4,3,20,member,electric_bike,1104,10797.6
4,3,20,casual,classic_bike,213,4456.2
4,3,20,casual,electric_bike,458,4567.8
4,3,20,member,classic_bike,625,7596.2
4,3,21,member,electric_bike,940,8950.6
4,3,21,casual,electric_bike,442,4724.0
4,3,21,member,classic_bike,516,6629.2
4,3,21,casual,classic_bike,173,2246.1
4,3,22,casual,electric_bike,312,2810.5
4,3,22,member,classic_bike,265,4506.5
4,3,22,member,electric_bike,615,5620.2
4,3,22,casual,classic_bike,131,2238.0
4,3,23,member,electric_bike,337,3002.8
4,3,23,casual,electric_bike,224,2175.5
4,3,23,casual,classic_bike,76,1466.4
4,3,23,member,classic_bike,122,1241.7
4,4,0,member,classic_bike,59,727.0
4,4,0,casual,electric_bike,143,2200.3
4,4,0,casual,classic_bike,42,870.5
4,4,0,member,electric_bike,150,1205.4
4,4,1,member,electric_bike,83,816.0
4,4,1,casual,electric_bike,44,653.4
4,4,1,member,classic_bike,23,248.3
4,4,1,casual,classic_bike,11,156.5
4,4,2,casual,electric_bike,42,673.9
4,4,2,member,classic_bike,17,155.5
4,4,2,casual,classic_bike,11,147.1
4,4,2,member,electric_bike,41,385.0
4,4,3,member,electric_bike,37,387.2
4,4,3,casual,classic_bike,8,123.9
4,4,3,casual,electric_bike,40,558.6
4,4,3,member,classic_bike,13,178.3
4,4,4,member,classic_bike,24,281.5
4,4,4,member,electric_bike,48,388.2
4,4,4,casual,classic_bike,10,194.9
4,4,4,casual,electric_bike,27,172.8
4,4,5,casual,classic_bike,16,235.5
4,4,5,casual,electric_bike,73,546.0
4,4,5,member,electric_bike,257,2421.4
4,4,5,member,classic_bike,143,1936.7
4,4,6,member,classic_bike,455,5116.3
4,4,6,casual,classic_bike,59,827.3
4,4,6,member,electric_bike,932,8576.6
4,4,6,casual,electric_bike,217,1488.3
4,4,7,member,electric_bike,1853,18403.2
4,4,7,member,classic_bike,1078,12811.0
4,4,7,casual,classic_bike,125,1371.7
4,4,7,casual,electric_bike,414,3595.5
4,4,8,member,classic_bike,1417,15950.6
4,4,8,casual,classic_bike,167,2458.5
4,4,8,member,electric_bike,2278,23668.3
4,4,8,casual,electric_bike,575,5103.3
4,4,9,member,classic_bike,862,9015.5
4,4,9,casual,classic_bike,216,4669.3
4,4,9,member,electric_bike,1242,11798.5
4,4,9,casual,electric_bike,386,3651.1
4,4,10,member,classic_bike,582,7430.6
4,4,10,casual,classic_bike,214,8005.2
4,4,10,casual,electric_bike,302,4177.2
4,4,10,member,electric_bike,914,8721.7
4,4,11,casual,classic_bike,246,8362.8
4,4,11,casual,electric_bike,383,5130.4
4,4,11,member,classic_bike,643,7034.7
4,4,11,member,electric_bike,992,10073.9
4,4,12,member,classic_bike,693,7725.9
4,4,12,casual,electric_bike,518,6597.4
4,4,12,casual,classic_bike,271,6842.4
4,4,12,member,electric_bike,1165,10646.4
4,4,13,member,classic_bike,614,6934.5
4,4,13,casual,classic_bike,280,7639.8
4,4,13,member,electric_bike,1085,10065.2
4,4,13,casual,electric_bike,466,6743.8
4,4,14,casual,classic_bike,338,11999.5
4,4,14,member,classic_bike,646,7167.8
4,4,14,member,electric_bike,1097,11756.0
4,4,14,casual,electric_bike,534,8195.5
4,4,15,casual,classic_bike,331,10018.8
4,4,15,member,electric_bike,1768,18236.5
4,4,15,casual,electric_bike,681,8184.1
4,4,15,member,classic_bike,888,9978.2
4,4,16,casual,classic_bike,340,7308.2
4,4,16,casual,electric_bike,769,9017.4
4,4,16,member,classic_bike,1186,14254.6
4,4,16,member,electric_bike,2400,24716.6
4,4,17,casual,electric_bike,995,11173.7
4,4,17,member,classic_bike,1674,21184.0
4,4,17,member,electric_bike,2896,32522.6
4,4,17,casual,classic_bike,422,9776.9
4,4,18,casual,electric_bike,745,7923.5
4,4,18,casual,classic_bike,368,7833.8
4,4,18,member,electric_bike,2167,21999.5
4,4,18,member,classic_bike,1217,14378.8
4,4,19,member,electric_bike,1357,12955.8
4,4,19,member,classic_bike,816,9113.7
4,4,19,casual,classic_bike,274,5441.6
4,4,19,casual,electric_bike,525,5180.6
4,4,20,member,electric_bike,854,7898.0
4,4,20,member,classic_bike,493,5799.5
4,4,20,casual,electric_bike,336,3173.5
4,4,20,casual,classic_bike,148,3370.7
4,4,21,member,electric_bike,737,6825.8
4,4,21,casual,electric_bike,325,3636.1
4,4,21,member,classic_bike,364,4379.9
4,4,21,casual,classic_bike,135,2119.2
4,4,22,member,classic_bike,238,2442.7
4,4,22,member,electric_bike,547,4590.5
4,4,22,casual,electric_bike,282,2933.9
4,4,22,casual,classic_bike,117,2379.8
4,4,23,member,electric_bike,341,3276.2
4,4,23,member,classic_bike,142,1524.7
4,4,23,casual,classic_bike,58,693.7
4,4,23,casual,electric_bike,183,2018.2
4,5,0,casual,classic_bike,47,551.4
4,5,0,member,electric_bike,167,1411.3
4,5,0,casual,electric_bike,180,1579.0
4,5,0,member,classic_bike,89,936.7
4,5,1,casual,classic_bike,35,528.6
4,5,1,member,electric_bike,116,1114.5
4,5,1,member,classic_bike,39,464.5
4,5,1,casual,electric_bike,91,790.3
4,5,2,member,electric_bike,61,613.8
4,5,2,casual,classic_bike,27,1751.3
4,5,2,casual,electric_bike,63,517.8
4,5,2,member,classic_bike,17,180.3
4,5,3,member,electric_bike,62,516.7
4,5,3,casual,electric_bike,27,309.2
4,5,3,casual,classic_bike,9,154.0
4,5,3,member,classic_bike,22,251.4
4,5,4,member,electric_bike,64,635.8
4,5,4,casual,electric_bike,33,307.4
4,5,4,casual,classic_bike,14,276.8
4,5,4,member,classic_bike,28,296.3
4,5,5,member,classic_bike,138,1484.7
4,5,5,member,electric_bike,235,1708.0
4,5,5,casual,classic_bike,18,482.9
4,5,5,casual,electric_bike,62,510.2
4,5,6,casual,electric_bike,198,1298.3
4,5,6,casual,classic_bike,58,820.7
4,5,6,member,electric_bike,702,7809.0
4,5,6,member,classic_bike,376,4268.3
4,5,7,casual,electric_bike,321,3184.9
4,5,7,member,electric_bike,1205,11256.5
4,5,7,member,classic_bike,784,8942.6
4,5,7,casual,classic_bike,109,1480.1
4,5,8,member,classic_bike,990,11844.0
4,5,8,member,electric_bike,1551,15558.1
4,5,8,casual,electric_bike,419,4184.8
4,5,8,casual,classic_bike,192,3453.5
4,5,9,casual,electric_bike,369,4129.8
4,5,9,member,electric_bike,1135,10245.2
4,5,9,member,classic_bike,701,7275.6
4,5,9,casual,classic_bike,208,4733.0
4,5,10,member,classic_bike,572,6453.4
4,5,10,casual,classic_bike,280,9098.4
4,5,10,member,electric_bike,871,8738.8
4,5,10,casual,electric_bike,443,6399.4
4,5,11,member,classic_bike,731,8345.8
4,5,11,casual,classic_bike,353,10445.4
4,5,11,member,electric_bike,1117,12025.2
4,5,11,casual,electric_bike,591,8800.8
4,5,12,casual,classic_bike,408,10503.6
4,5,12,casual,electric_bike,697,9578.6
4,5,12,member,classic_bike,791,8824.7
4,5,12,member,electric_bike,1261,12860.4
4,5,13,casual,classic_bike,382,12429.7
4,5,13,casual,electric_bike,576,7362.5
4,5,13,member,classic_bike,661,9348.2
4,5,13,member,electric_bike,1073,10570.3
4,5,14,member,classic_bike,720,9505.0
4,5,14,member,electric_bike,1177,12109.3
4,5,14,casual,classic_bike,433,12530.7
4,5,14,casual,electric_bike,565,8416.6
4,5,15,member,classic_bike,936,11160.9
4,5,15,member,electric_bike,1590,17036.0
4,5,15,casual,classic_bike,400,10255.3
4,5,15,casual,electric_bike,716,9652.9
4,5,16,casual,electric_bike,1021,13351.6
4,5,16,casual,classic_bike,542,15202.5
4,5,16,member,electric_bike,2174,22797.9
4,5,16,member,classic_bike,1099,13213.2
4,5,17,casual,classic_bike,509,19971.7
4,5,17,member,electric_bike,2252,26995.1
4,5,17,member,classic_bike,1221,16312.2
4,5,17,casual,electric_bike,1084,13920.2
4,5,18,casual,electric_bike,838,10327.4
4,5,18,member,classic_bike,1010,13048.6
4,5,18,member,electric_bike,1831,19770.1
4,5,18,casual,classic_bike,448,10796.8
4,5,19,member,electric_bike,1279,13253.6
4,5,19,member,classic_bike,668,8307.4
4,5,19,casual,electric_bike,623,7100.6
4,5,19,casual,classic_bike,325,6413.7
4,5,20,member,electric_bike,815,7775.7
4,5,20,casual,electric_bike,439,5088.1
4,5,20,casual,classic_bike,184,4830.9
4,5,20,member,classic_bike,434,6781.8
4,5,21,member,classic_bike,289,3070.9
4,5,21,casual,electric_bike,349,3256.5
4,5,21,member,electric_bike,667,6972.9
4,5,21,casual,classic_bike,169,4841.7
4,5,22,member,electric_bike,469,4707.1
4,5,22,casual,classic_bike,120,1879.2
4,5,22,casual,electric_bike,324,3761.4
4,5,22,member,classic_bike,199,2460.3
4,5,23,member,electric_bike,331,2961.8
4,5,23,member,classic_bike,132,3176.8
4,5,23,casual,electric_bike,211,1881.0
4,5,23,casual,classic_bike,84,2148.5
4,6,0,member,electric_bike,292,2596.2
4,6,0,casual,electric_bike,260,2453.6
4,6,0,casual,classic_bike,87,2730.5
4,6,0,member,classic_bike,120,2174.0
4,6,1,member,electric_bike,200,1801.4
4,6,1,casual,electric_bike,180,1499.4
4,6,1,member,classic_bike,69,1589.9
4,6,1,casual,classic_bike,50,1894.1
4,6,2,casual,classic_bike,43,1816.9
4,6,2,member,classic_bike,43,476.9
4,6,2,casual,electric_bike,131,1359.4
4,6,2,member,electric_bike,143,1193.2
4,6,3,casual,electric_bike,58,697.6
4,6,3,member,classic_bike,33,346.3
4,6,3,casual,classic_bike,19,388.2
4,6,3,member,electric_bike,105,1089.7
4,6,4,casual,electric_bike,40,347.5
4,6,4,casual,classic_bike,8,135.4
4,6,4,member,electric_bike,50,404.9
4,6,4,member,classic_bike,18,163.3
4,6,5,member,classic_bike,16,446.9
4,6,5,member,electric_bike,62,484.3
4,6,5,casual,classic_bike,8,502.3
4,6,5,casual,electric_bike,35,434.5
4,6,6,member,electric_bike,198,3310.8
4,6,6,casual,electric_bike,72,812.9
4,6,6,member,classic_bike,75,842.2
4,6,6,casual,classic_bike,26,530.0
4,6,7,casual,electric_bike,136,1696.9
4,6,7,member,classic_bike,201,2244.4
4,6,7,casual,classic_bike,69,1529.1
4,6,7,member,electric_bike,322,3175.4
4,6,8,member,electric_bike,565,5716.6
4,6,8,member,classic_bike,407,5994.6
4,6,8,casual,classic_bike,149,3059.0
4,6,8,casual,electric_bike,261,2993.7
4,6,9,casual,classic_bike,251,7472.3
4,6,9,casual,electric_bike,414,5128.9
4,6,9,member,electric_bike,831,7621.3
4,6,9,member,classic_bike,576,6939.4
4,6,10,member,electric_bike,1158,11415.1
4,6,10,member,classic_bike,791,9797.4
4,6,10,casual,electric_bike,559,7473.5
4,6,10,casual,classic_bike,427,13584.3
4,6,11,casual,electric_bike,861,13913.4
4,6,11,member,electric_bike,1340,14799.3
4,6,11,member,classic_bike,891,11379.7
4,6,11,casual,classic_bike,519,16931.8
4,6,12,casual,electric_bike,945,14632.1
4,6,12,member,electric_bike,1379,15948.4
4,6,12,casual,classic_bike,718,21487.8
4,6,12,member,classic_bike,998,14374.5
4,6,13,casual,classic_bike,790,27287.6
4,6,13,member,classic_bike,993,13809.6
4,6,13,member,electric_bike,1407,15888.2
4,6,13,casual,electric_bike,1051,16661.7
4,6,14,member,electric_bike,1447,17443.8
4,6,14,casual,classic_bike,756,21296.4
4,6,14,member,classic_bike,952,13237.9
4,6,14,casual,electric_bike,1003,17090.2
4,6,15,member,electric_bike,1412,15820.9
4,6,15,member,classic_bike,950,12876.2
4,6,15,casual,electric_bike,988,15019.2
4,6,15,casual,classic_bike,771,25555.5
4,6,16,casual,classic_bike,743,21388.7
4,6,16,member,electric_bike,1511,17669.7
4,6,16,member,classic_bike,919,12794.6
4,6,16,casual,electric_bike,1057,15465.9
4,6,17,member,classic_bike,817,13829.6
4,6,17,casual,electric_bike,882,13448.7
4,6,17,member,electric_bike,1368,16874.3
4,6,17,casual,classic_bike,616,19580.3
4,6,18,casual,electric_bike,867,11260.1
4,6,18,member,electric_bike,1201,13716.3
4,6,18,member,classic_bike,825,10828.2
4,6,18,casual,classic_bike,546,14690.7
4,6,19,member,classic_bike,554,6648.8
4,6,19,casual,electric_bike,545,6368.4
4,6,19,member,electric_bike,1014,10008.6
4,6,19,casual,classic_bike,295,5739.1
4,6,20,member,classic_bike,362,4265.6
4,6,20,member,electric_bike,725,7047.4
4,6,20,casual,electric_bike,360,4484.1
4,6,20,casual,classic_bike,184,3629.3
4,6,21,member,classic_bike,266,2864.1
4,6,21,casual,electric_bike,374,4131.0
4,6,21,member,electric_bike,581,5665.2
4,6,21,casual,classic_bike,205,5285.6
4,6,22,member,classic_bike,199,2240.7
4,6,22,member,electric_bike,526,4847.0
4,6,22,casual,classic_bike,146,2333.9
4,6,22,casual,electric_bike,329,3979.6
4,6,23,member,electric_bike,507,4933.0
4,6,23,member,classic_bike,185,1963.4
4,6,23,casual,classic_bike,137,2509.9
4,6,23,casual,electric_bike,368,3811.1
4,7,0,casual,electric_bike,379,4821.1
4,7,0,member,classic_bike,150,1586.6
4,7,0,member,electric_bike,407,4281.6
4,7,0,casual,classic_bike,128,3167.5
4,7,1,member,electric_bike,276,2576.8
4,7,1,casual,electric_bike,217,2211.5
4,7,1,member,classic_bike,98,1397.4
4,7,1,casual,classic_bike,82,1185.8
4,7,2,member,electric_bike,166,1657.6
4,7,2,member,classic_bike,49,439.7
4,7,2,casual,electric_bike,171,1598.5
4,7,2,casual,classic_bike,60,3413.9
4,7,3,member,classic_bike,32,457.8
4,7,3,casual,classic_bike,41,432.9
4,7,3,casual,electric_bike,92,890.5
4,7,3,member,electric_bike,82,627.2
4,7,4,casual,electric_bike,59,594.4
4,7,4,casual,classic_bike,18,312.9
4,7,4,member,electric_bike,61,609.5
4,7,4,member,classic_bike,21,231.3
4,7,5,casual,classic_bike,4,46.1
4,7,5,member,classic_bike,27,395.3
4,7,5,member,electric_bike,60,535.7
4,7,5,casual,electric_bike,42,487.1
4,7,6,casual,classic_bike,40,696.4
4,7,6,member,electric_bike,175,2934.7
4,7,6,member,classic_bike,70,857.3
4,7,6,casual,electric_bike,76,779.7
4,7,7,member,classic_bike,228,2720.2
4,7,7,member,electric_bike,270,2651.3
4,7,7,casual,electric_bike,132,1459.2
4,7,7,casual,classic_bike,71,2072.2
4,7,8,casual,classic_bike,143,4843.2
4,7,8,member,electric_bike,454,4686.2
4,7,8,member,classic_bike,358,4422.5
4,7,8,casual,electric_bike,204,2584.9
4,7,9,member,classic_bike,531,6273.9
4,7,9,casual,electric_bike,372,5074.5
4,7,9,casual,classic_bike,266,7842.4
4,7,9,member,electric_bike,697,7406.9
4,7,10,casual,electric_bike,542,7915.0
4,7,10,member,classic_bike,758,9641.8
4,7,10,member,electric_bike,983,9765.0
4,7,10,casual,classic_bike,424,12923.5
4,7,11,casual,electric_bike,623,9586.7
4,7,11,member,classic_bike,789,11108.3
4,7,11,member,electric_bike,1060,10763.4
4,7,11,casual,classic_bike,563,17925.0
4,7,12,member,classic_bike,922,14072.6
4,7,12,member,electric_bike,1267,15532.4
4,7,12,casual,classic_bike,654,21255.3
4,7,12,casual,electric_bike,784,12100.1
4,7,13,member,electric_bike,1192,14664.3
4,7,13,casual,electric_bike,869,14015.9
4,7,13,member,classic_bike,930,13304.4
4,7,13,casual,classic_bike,709,26594.3
4,7,14,member,classic_bike,850,12206.3
4,7,14,casual,electric_bike,900,14436.4
4,7,14,member,electric_bike,1123,14042.5
4,7,14,casual,classic_bike,663,21438.8
4,7,15,casual,electric_bike,907,15110.3
4,7,15,member,classic_bike,866,13914.3
4,7,15,member,electric_bike,1106,14014.6
4,7,15,casual,classic_bike,714,24839.5
4,7,16,member,electric_bike,1195,14848.9
4,7,16,casual,electric_bike,796,12245.9
4,7,16,member,classic_bike,888,12618.8
4,7,16,casual,classic_bike,598,18825.9
4,7,17,casual,electric_bike,905,13711.8
4,7,17,casual,classic_bike,614,22742.5
4,7,17,member,electric_bike,1189,15960.1
4,7,17,member,classic_bike,870,12811.9
4,7,18,member,electric_bike,1201,13488.2
4,7,18,casual,electric_bike,762,11197.6
4,7,18,member,classic_bike,769,10680.2
4,7,18,casual,classic_bike,568,15665.4
4,7,19,member,classic_bike,551,7872.0
4,7,19,member,electric_bike,868,8871.9
4,7,19,casual,classic_bike,305,6061.6
4,7,19,casual,electric_bike,457,6228.5
4,7,20,member,classic_bike,313,3460.5
4,7,20,member,electric_bike,665,6788.9
4,7,20,casual,electric_bike,341,4522.1
4,7,20,casual,classic_bike,158,3494.7
4,7,21,casual,electric_bike,327,3950.3
4,7,21,member,electric_bike,457,4204.5
4,7,21,casual,classic_bike,137,2907.3
4,7,21,member,classic_bike,207,2351.3
4,7,22,casual,electric_bike,202,2132.0
4,7,22,member,classic_bike,147,1717.2
4,7,22,member,electric_bike,323,3139.7
4,7,22,casual,classic_bike,90,2031.3
4,7,23,casual,classic_bike,42,760.1
4,7,23,member,classic_bike,96,1236.0
4,7,23,casual,electric_bike,130,1633.8
4,7,23,member,electric_bike,166,1566.1
5,1,0,casual,classic_bike,77,2441.0
5,1,0,member,classic_bike,59,655.1
5,1,0,member,electric_bike,218,1889.9
5,1,0,casual,electric_bike,200,1910.1
5,1,1,member,classic_bike,25,211.1
5,1,1,member,electric_bike,127,1168.1
5,1,1,casual,electric_bike,94,905.5
5,1,1,casual,classic_bike,32,941.7
5,1,2,casual,classic_bike,29,541.6
5,1,2,member,classic_bike,20,220.8
5,1,2,casual,electric_bike,87,1099.4
5,1,2,member,electric_bike,67,579.3
5,1,3,member,electric_bike,60,532.7
5,1,3,casual,electric_bike,63,1333.6
5,1,3,casual,classic_bike,18,217.9
5,1,3,member,classic_bike,10,55.3
5,1,4,casual,classic_bike,15,203.3
5,1,4,casual,electric_bike,47,518.9
5,1,4,member,electric_bike,59,526.4
5,1,4,member,classic_bike,33,643.5
5,1,5,casual,classic_bike,35,723.7
5,1,5,casual,electric_bike,99,761.2
5,1,5,member,electric_bike,229,2014.1
5,1,5,member,classic_bike,126,2291.7
5,1,6,casual,classic_bike,63,1091.1
5,1,6,member,classic_bike,420,5097.0
5,1,6,member,electric_bike,776,8617.9
5,1,6,casual,electric_bike,199,1518.1
5,1,7,member,classic_bike,836,10325.3
5,1,7,member,electric_bike,1393,12782.7
5,1,7,casual,electric_bike,359,3766.8
5,1,7,casual,classic_bike,125,2220.2
5,1,8,member,classic_bike,1073,12048.5
5,1,8,casual,electric_bike,424,4311.4
5,1,8,casual,classic_bike,237,5826.7
5,1,8,member,electric_bike,1630,15875.4
5,1,9,casual,classic_bike,283,9859.6
5,1,9,member,electric_bike,993,9152.8
5,1,9,casual,electric_bike,392,4800.7
5,1,9,member,classic_bike,727,8171.7
5,1,10,casual,electric_bike,483,8244.1
5,1,10,member,classic_bike,586,6082.5
5,1,10,member,electric_bike,866,9507.2
5,1,10,casual,classic_bike,395,13123.8
5,1,11,casual,classic_bike,494,18815.2
5,1,11,casual,electric_bike,682,12738.9
5,1,11,member,classic_bike,689,8427.7
5,1,11,member,electric_bike,1035,10865.2
5,1,12,member,electric_bike,1199,12584.5
5,1,12,member,classic_bike,790,9775.7
5,1,12,casual,classic_bike,594,22660.2
5,1,12,casual,electric_bike,869,14750.1
5,1,13,member,electric_bike,1127,11682.1
5,1,13,casual,classic_bike,606,19658.8
5,1,13,casual,electric_bike,811,13871.6
5,1,13,member,classic_bike,769,10369.0
5,1,14,casual,classic_bike,636,20126.1
5,1,14,casual,electric_bike,932,16488.6
5,1,14,member,electric_bike,1235,13295.4
5,1,14,member,classic_bike,857,10921.3
5,1,15,member,classic_bike,978,13421.0
5,1,15,casual,electric_bike,1007,15814.4
5,1,15,casual,classic_bike,677,21223.7
5,1,15,member,electric_bike,1682,19135.6
5,1,16,casual,classic_bike,808,27091.5
5,1,16,casual,electric_bike,1196,18157.6
5,1,16,member,electric_bike,2429,27742.1
5,1,16,member,classic_bike,1461,20138.7
5,1,17,member,electric_bike,2771,31148.8
5,1,17,casual,electric_bike,1305,18806.8
5,1,17,casual,classic_bike,805,20753.3
5,1,17,member,classic_bike,1877,25480.0
5,1,18,member,electric_bike,2056,22044.1
5,1,18,member,classic_bike,1363,17843.3
5,1,18,casual,classic_bike,624,14261.2
5,1,18,casual,electric_bike,1011,14245.3
5,1,19,member,classic_bike,929,11206.2
5,1,19,casual,classic_bike,431,13037.7
5,1,19,member,electric_bike,1384,13253.8
5,1,19,casual,electric_bike,690,9936.3
5,1,20,casual,electric_bike,522,7250.9
5,1,20,member,electric_bike,911,9168.2
5,1,20,member,classic_bike,533,6296.9
5,1,20,casual,classic_bike,225,6750.9
5,1,21,casual,classic_bike,197,6298.1
5,1,21,member,classic_bike,397,5193.1
5,1,21,casual,electric_bike,517,5881.4
5,1,21,member,electric_bike,809,7902.1
5,1,22,member,classic_bike,204,2295.3
5,1,22,casual,electric_bike,294,3235.3
5,1,22,member,electric_bike,500,5011.8
5,1,22,casual,classic_bike,116,3416.2
5,1,23,casual,classic_bike,52,1238.8
5,1,23,member,electric_bike,231,2308.0
5,1,23,member,classic_bike,120,1590.7
5,1,23,casual,electric_bike,194,2223.2
5,2,0,member,electric_bike,116,1185.3
5,2,0,member,classic_bike,51,644.9
5,2,0,casual,classic_bike,42,1090.0
5,2,0,casual,electric_bike,151,2180.5
5,2,1,member,classic_bike,29,551.5
5,2,1,casual,electric_bike,71,886.7
5,2,1,casual,classic_bike,20,394.7
5,2,1,member,electric_bike,82,820.1
5,2,2,casual,electric_bike,73,896.6
5,2,2,member,electric_bike,42,408.5
5,2,2,member,classic_bike,13,158.2
5,2,2,casual,classic_bike,7,91.3
5,2,3,casual,electric_bike,25,197.6
5,2,3,member,classic_bike,8,108.9
5,2,3,member,electric_bike,47,531.9
5,2,3,casual,classic_bike,9,107.7
5,2,4,member,electric_bike,70,674.9
5,2,4,casual,electric_bike,30,261.0
5,2,4,member,classic_bike,34,324.6
5,2,4,casual,classic_bike,11,164.7
5,2,5,casual,classic_bike,22,317.7
5,2,5,casual,electric_bike,100,792.3
5,2,5,member,electric_bike,320,2389.7
5,2,5,member,classic_bike,172,2252.0
5,2,6,member,electric_bike,1001,10300.1
5,2,6,casual,electric_bike,229,1819.3
5,2,6,member,classic_bike,557,5680.0
5,2,6,casual,classic_bike,67,1815.5
5,2,7,casual,classic_bike,199,3110.0
5,2,7,member,electric_bike,1946,19011.7
5,2,7,casual,electric_bike,486,4031.6
5,2,7,member,classic_bike,1229,15320.6
5,2,8,casual,classic_bike,239,3835.8
5,2,8,casual,electric_bike,610,5805.3
5,2,8,member,classic_bike,1554,20025.7
5,2,8,member,electric_bike,2479,25762.8
5,2,9,casual,electric_bike,398,3996.7
5,2,9,member,electric_bike,1190,11516.0
5,2,9,casual,classic_bike,266,7780.7
5,2,9,member,classic_bike,818,9309.8
5,2,10,casual,electric_bike,354,4543.3
5,2,10,member,electric_bike,881,8502.7
5,2,10,casual,classic_bike,229,8796.5
5,2,10,member,classic_bike,539,6299.5
5,2,11,casual,electric_bike,406,5814.8
5,2,11,casual,classic_bike,308,9880.5
5,2,11,member,classic_bike,657,7219.0
5,2,11,member,electric_bike,906,9373.4
5,2,12,member,electric_bike,1091,9822.1
5,2,12,member,classic_bike,709,8253.8
5,2,12,casual,classic_bike,349,9322.8
5,2,12,casual,electric_bike,453,6351.4
5,2,13,member,classic_bike,691,7737.7
5,2,13,casual,classic_bike,321,10545.9
5,2,13,member,electric_bike,1052,9845.7
5,2,13,casual,electric_bike,572,8591.1
5,2,14,casual,electric_bike,677,10636.2
5,2,14,casual,classic_bike,381,11651.7
5,2,14,member,electric_bike,1196,12947.7
5,2,14,member,classic_bike,681,8573.7
5,2,15,member,electric_bike,1793,19453.2
5,2,15,casual,electric_bike,760,10266.6
5,2,15,casual,classic_bike,430,14526.8
5,2,15,member,classic_bike,979,11836.7
5,2,16,casual,electric_bike,1130,14494.8
5,2,16,member,classic_bike,1817,25394.3
5,2,16,casual,classic_bike,603,15407.4
5,2,16,member,electric_bike,3140,36675.8
5,2,17,member,electric_bike,3547,42862.8
5,2,17,member,classic_bike,2326,36254.0
5,2,17,casual,classic_bike,797,23032.6
5,2,17,casual,electric_bike,1382,18278.0
5,2,18,casual,classic_bike,673,18821.8
5,2,18,member,electric_bike,2508,28491.6
5,2,18,casual,electric_bike,1218,15193.1
5,2,18,member,classic_bike,1645,22975.5
5,2,19,casual,electric_bike,856,10639.7
5,2,19,member,classic_bike,1139,15487.3
5,2,19,member,electric_bike,1551,16751.8
5,2,19,casual,classic_bike,567,15350.5
5,2,20,member,classic_bike,727,9173.1
5,2,20,casual,classic_bike,321,8959.8
5,2,20,member,electric_bike,1119,11864.1
5,2,20,casual,electric_bike,643,7864.0
5,2,21,member,electric_bike,1014,10448.7
5,2,21,casual,classic_bike,248,6386.9
5,2,21,member,classic_bike,510,5978.5
5,2,21,casual,electric_bike,621,7275.5
5,2,22,member,electric_bike,694,6700.5
5,2,22,member,classic_bike,300,3460.3
5,2,22,casual,electric_bike,483,5499.8
5,2,22,casual,classic_bike,160,4589.4
5,2,23,casual,classic_bike,101,2223.1
5,2,23,casual,electric_bike,222,2414.4
5,2,23,member,classic_bike,131,1506.0
5,2,23,member,electric_bike,350,3699.1
5,3,0,member,electric_bike,189,1575.9
5,3,0,casual,classic_bike,68,2050.7
5,3,0,casual,electric_bike,192,1951.9
5,3,0,member,classic_bike,54,676.9
5,3,1,casual,classic_bike,45,760.3
5,3,1,casual,electric_bike,92,861.3
5,3,1,member,electric_bike,99,993.7
5,3,1,member,classic_bike,22,300.1
5,3,2,casual,electric_bike,51,697.2
5,3,2,member,classic_bike,15,123.3
5,3,2,casual,classic_bike,21,980.3
5,3,2,member,electric_bike,46,357.5
5,3,3,member,electric_bike,62,505.6
5,3,3,casual,classic_bike,6,223.5
5,3,3,casual,electric_bike,39,358.6
5,3,3,member,classic_bike,11,112.5
5,3,4,casual,classic_bike,17,687.1
5,3,4,member,electric_bike,59,467.1
5,3,4,member,classic_bike,42,395.5
5,3,4,casual,electric_bike,41,376.3
5,3,5,casual,classic_bike,26,476.8
5,3,5,member,electric_bike,334,2839.7
5,3,5,member,classic_bike,204,2606.4
5,3,5,casual,electric_bike,106,775.5
5,3,6,member,classic_bike,573,6520.5
5,3,6,member,electric_bike,1057,10850.2
5,3,6,casual,classic_bike,85,1789.0
5,3,6,casual,electric_bike,253,2013.0
5,3,7,member,electric_bike,2015,19729.5
5,3,7,member,classic_bike,1126,13631.6
5,3,7,casual,classic_bike,175,3086.1
5,3,7,casual,electric_bike,481,3872.9
5,3,8,member,electric_bike,2304,22470.8
5,3,8,member,classic_bike,1373,16185.6
5,3,8,casual,classic_bike,241,3558.4
5,3,8,casual,electric_bike,580,5135.0
5,3,9,member,classic_bike,699,7728.8
5,3,9,casual,electric_bike,300,2823.2
5,3,9,member,electric_bike,1067,9762.7
5,3,9,casual,classic_bike,183,4553.4
5,3,10,member,electric_bike,728,7368.5
5,3,10,casual,classic_bike,163,4395.7
5,3,10,member,classic_bike,400,4769.2
5,3,10,casual,electric_bike,271,3863.9
5,3,11,casual,classic_bike,270,9586.7
5,3,11,member,classic_bike,603,6637.9
5,3,11,casual,electric_bike,333,4282.5
5,3,11,member,electric_bike,953,9550.2
5,3,12,casual,classic_bike,279,6290.5
5,3,12,casual,electric_bike,523,6358.0
5,3,12,member,classic_bike,771,8444.1
5,3,12,member,electric_bike,1117,9913.4
5,3,13,casual,electric_bike,552,6677.8
5,3,13,member,electric_bike,1112,10318.8
5,3,13,member,classic_bike,673,7193.9
5,3,13,casual,classic_bike,320,8456.4
5,3,14,member,electric_bike,1252,12243.8
5,3,14,casual,electric_bike,614,8452.4
5,3,14,casual,classic_bike,289,10864.5
5,3,14,member,classic_bike,785,8922.8
5,3,15,member,classic_bike,1000,12125.7
5,3,15,member,electric_bike,1801,19907.5
5,3,15,casual,classic_bike,371,10994.7
5,3,15,casual,electric_bike,841,11204.8
5,3,16,casual,electric_bike,1244,14573.4
5,3,16,member,electric_bike,3167,35437.1
5,3,16,member,classic_bike,1743,22408.8
5,3,16,casual,classic_bike,527,12861.1
5,3,17,member,classic_bike,2210,30829.0
5,3,17,member,electric_bike,3581,41589.4
5,3,17,casual,electric_bike,1415,17929.6
5,3,17,casual,classic_bike,668,13210.3
5,3,18,casual,electric_bike,1185,14011.4
5,3,18,member,electric_bike,2609,28098.0
5,3,18,member,classic_bike,1601,22973.3
5,3,18,casual,classic_bike,654,18372.5
5,3,19,member,electric_bike,1612,16376.9
5,3,19,member,classic_bike,1068,15053.6
5,3,19,casual,classic_bike,423,9749.5
5,3,19,casual,electric_bike,804,8547.2
5,3,20,casual,electric_bike,641,6922.6
5,3,20,member,classic_bike,759,8898.0
5,3,20,casual,classic_bike,260,5511.7
5,3,20,member,electric_bike,1205,11957.7
5,3,21,member,classic_bike,435,5019.6
5,3,21,casual,electric_bike,580,6689.5
5,3,21,casual,classic_bike,195,4786.8
5,3,21,member,electric_bike,914,9275.1
5,3,22,casual,classic_bike,121,2964.2
5,3,22,member,electric_bike,641,5938.0
5,3,22,member,classic_bike,227,4099.8
5,3,22,casual,electric_bike,344,4227.1
5,3,23,casual,classic_bike,97,3141.9
5,3,23,member,electric_bike,320,2945.4
5,3,23,member,classic_bike,132,1514.6
5,3,23,casual,electric_bike,262,3163.9
5,4,0,casual,electric_bike,203,2133.3
5,4,0,member,classic_bike,84,1048.0
5,4,0,member,electric_bike,208,1705.8
5,4,0,casual,classic_bike,64,1975.4
5,4,1,casual,classic_bike,30,1205.2
5,4,1,member,classic_bike,34,454.0
5,4,1,member,electric_bike,111,797.1
5,4,1,casual,electric_bike,96,1011.0
5,4,2,casual,classic_bike,10,351.2
5,4,2,member,classic_bike,21,156.2
5,4,2,member,electric_bike,70,513.2
5,4,2,casual,electric_bike,75,729.2
5,4,3,casual,electric_bike,45,305.5
5,4,3,member,classic_bike,17,160.1
5,4,3,casual,classic_bike,9,121.0
5,4,3,member,electric_bike,66,528.3
5,4,4,member,classic_bike,51,521.7
5,4,4,casual,electric_bike,53,568.0
5,4,4,member,electric_bike,85,727.7
5,4,4,casual,classic_bike,12,236.9
5,4,5,casual,classic_bike,35,625.6
5,4,5,casual,electric_bike,143,1515.3
5,4,5,member,classic_bike,220,2680.4
5,4,5,member,electric_bike,377,3013.5
5,4,6,member,classic_bike,618,7883.0
5,4,6,casual,classic_bike,106,2133.9
5,4,6,member,electric_bike,1152,11356.4
5,4,6,casual,electric_bike,340,2647.4
5,4,7,member,classic_bike,1335,16323.8
5,4,7,casual,classic_bike,196,3567.3
5,4,7,member,electric_bike,2341,23020.0
5,4,7,casual,electric_bike,577,4936.2
5,4,8,casual,electric_bike,731,6760.3
5,4,8,member,classic_bike,1734,21467.1
5,4,8,casual,classic_bike,293,4549.3
5,4,8,member,electric_bike,3109,30329.4
5,4,9,member,classic_bike,1053,11880.6
5,4,9,member,electric_bike,1654,15686.9
5,4,9,casual,classic_bike,286,6672.8
5,4,9,casual,electric_bike,590,5837.8
5,4,10,casual,classic_bike,312,11955.8
5,4,10,member,classic_bike,750,8732.8
5,4,10,member,electric_bike,1153,11222.2
5,4,10,casual,electric_bike,531,7574.7
5,4,11,member,electric_bike,1362,14250.9
5,4,11,casual,classic_bike,393,10977.0
5,4,11,member,classic_bike,870,10012.8
5,4,11,casual,electric_bike,689,11263.6
5,4,12,member,electric_bike,1693,15630.0
5,4,12,casual,classic_bike,469,15455.2
5,4,12,casual,electric_bike,745,9944.3
5,4,12,member,classic_bike,936,11392.9
5,4,13,casual,classic_bike,500,16560.3
5,4,13,member,electric_bike,1655,15234.1
5,4,13,member,classic_bike,993,11645.1
5,4,13,casual,electric_bike,852,14121.8
5,4,14,casual,electric_bike,898,12868.8
5,4,14,member,classic_bike,922,11602.3
5,4,14,member,electric_bike,1672,18297.0
5,4,14,casual,classic_bike,507,16183.6
5,4,15,member,classic_bike,1294,16277.9
5,4,15,member,electric_bike,2589,28024.1
5,4,15,casual,classic_bike,604,20818.5
5,4,15,casual,electric_bike,1357,19415.1
5,4,16,casual,electric_bike,1738,22941.6
5,4,16,member,electric_bike,4008,46426.4
5,4,16,member,classic_bike,2235,29558.9
5,4,16,casual,classic_bike,743,21681.4
5,4,17,member,electric_bike,4550,54010.6
5,4,17,member,classic_bike,2846,39641.4
5,4,17,casual,classic_bike,1035,28406.2
5,4,17,casual,electric_bike,2197,29582.7
5,4,18,member,classic_bike,1944,27097.1
5,4,18,casual,classic_bike,1012,26473.3
5,4,18,casual,electric_bike,1776,22330.0
5,4,18,member,electric_bike,3473,38175.3
5,4,19,member,electric_bike,2258,22378.0
5,4,19,member,classic_bike,1246,15561.8
5,4,19,casual,classic_bike,586,15940.0
5,4,19,casual,electric_bike,1227,15322.9
5,4,20,casual,classic_bike,337,8464.6
5,4,20,member,electric_bike,1429,14280.2
5,4,20,member,classic_bike,823,10263.6
5,4,20,casual,electric_bike,723,9021.4
5,4,21,casual,electric_bike,699,7561.8
5,4,21,member,classic_bike,617,8156.5
5,4,21,member,electric_bike,1270,12878.7
5,4,21,casual,classic_bike,287,7156.0
5,4,22,member,classic_bike,394,4500.0
5,4,22,casual,classic_bike,205,3893.5
5,4,22,member,electric_bike,926,9219.8
5,4,22,casual,electric_bike,643,7098.5
5,4,23,member,electric_bike,575,5698.0
5,4,23,member,classic_bike,226,2738.1
5,4,23,casual,classic_bike,180,4191.8
5,4,23,casual,electric_bike,486,5862.2
5,5,0,member,electric_bike,319,2774.4
5,5,0,member,classic_bike,109,1227.7
5,5,0,casual,electric_bike,355,3802.3
5,5,0,casual,classic_bike,166,4251.4
5,5,1,casual,electric_bike,267,3363.9
5,5,1,casual,classic_bike,189,5654.8
5,5,1,member,classic_bike,88,2608.3
5,5,1,member,electric_bike,208,2253.2
5,5,2,casual,electric_bike,182,2049.1
5,5,2,casual,classic_bike,54,2901.4
5,5,2,member,electric_bike,135,1255.2
5,5,2,member,classic_bike,35,584.6
5,5,3,casual,classic_bike,19,252.4
5,5,3,member,electric_bike,81,811.7
5,5,3,member,classic_bike,18,170.0
5,5,3,casual,electric_bike,80,968.5
5,5,4,member,classic_bike,53,597.9
5,5,4,casual,electric_bike,62,505.5
5,5,4,member,electric_bike,103,981.2
5,5,4,casual,classic_bike,16,231.7
5,5,5,casual,electric_bike,160,1627.1
5,5,5,casual,classic_bike,49,1319.2
5,5,5,member,classic_bike,247,3672.0
5,5,5,member,electric_bike,386,3592.3
5,5,6,member,classic_bike,629,7268.8
5,5,6,casual,electric_bike,348,3172.8
5,5,6,member,electric_bike,1037,10888.3
5,5,6,casual,classic_bike,101,2108.1
5,5,7,member,classic_bike,1242,14017.0
5,5,7,member,electric_bike,1913,18701.8
5,5,7,casual,electric_bike,601,5905.4
5,5,7,casual,classic_bike,204,5704.1
5,5,8,casual,electric_bike,644,6491.5
5,5,8,member,classic_bike,1310,15250.1
5,5,8,casual,classic_bike,302,7424.6
5,5,8,member,electric_bike,2249,22464.0
5,5,9,member,classic_bike,918,11017.1
5,5,9,casual,classic_bike,366,10844.6
5,5,9,member,electric_bike,1482,13649.8
5,5,9,casual,electric_bike,598,7705.3
5,5,10,casual,classic_bike,547,18483.9
5,5,10,member,classic_bike,830,10079.4
5,5,10,member,electric_bike,1217,12938.9
5,5,10,casual,electric_bike,812,12578.5
5,5,11,casual,electric_bike,1004,16633.2
5,5,11,casual,classic_bike,717,24715.7
5,5,11,member,classic_bike,987,11731.5
5,5,11,member,electric_bike,1647,17598.5
5,5,12,casual,electric_bike,1458,24228.2
5,5,12,member,classic_bike,1280,15733.3
5,5,12,casual,classic_bike,905,30829.7
5,5,12,member,electric_bike,2039,21246.6
5,5,13,member,classic_bike,1164,14982.4
5,5,13,casual,classic_bike,850,29761.3
5,5,13,casual,electric_bike,1415,21561.8
5,5,13,member,electric_bike,2044,21659.1
5,5,14,casual,classic_bike,942,29175.5
5,5,14,casual,electric_bike,1483,23798.3
5,5,14,member,classic_bike,1246,15473.0
5,5,14,member,electric_bike,2144,24512.3
5,5,15,casual,classic_bike,963,26834.9
5,5,15,member,electric_bike,2846,31103.9
5,5,15,casual,electric_bike,1852,27880.1
5,5,15,member,classic_bike,1595,21280.9
5,5,16,member,classic_bike,1843,26669.3
5,5,16,member,electric_bike,3561,39978.3
5,5,16,casual,electric_bike,2295,32755.9
5,5,16,casual,classic_bike,1140,34787.7
5,5,17,member,classic_bike,2093,28309.5
5,5,17,member,electric_bike,3633,43926.6
5,5,17,casual,classic_bike,1281,31570.5
5,5,17,casual,electric_bike,2220,32728.5
5,5,18,casual,electric_bike,1802,25071.3
5,5,18,member,classic_bike,1685,23261.5
5,5,18,member,electric_bike,3004,35019.9
5,5,18,casual,classic_bike,1067,27861.8
5,5,19,member,electric_bike,1813,18624.9
5,5,19,casual,electric_bike,1260,15428.1
5,5,19,member,classic_bike,1018,13009.6
5,5,19,casual,classic_bike,674,18521.5
5,5,20,casual,classic_bike,393,9411.4
5,5,20,member,classic_bike,687,7967.1
5,5,20,member,electric_bike,1309,13328.9
5,5,20,casual,electric_bike,884,10805.0
5,5,21,casual,classic_bike,355,9382.8
5,5,21,casual,electric_bike,685,7705.8
5,5,21,member,electric_bike,1016,10491.7
5,5,21,member,classic_bike,493,6219.1
5,5,22,member,electric_bike,962,10163.8
5,5,22,member,classic_bike,398,4871.5
5,5,22,casual,classic_bike,280,6172.3
5,5,22,casual,electric_bike,641,7599.6
5,5,23,casual,electric_bike,734,9245.5
5,5,23,member,electric_bike,707,7585.9
5,5,23,member,classic_bike,326,4055.5
5,5,23,casual,classic_bike,282,6868.3
5,6,0,casual,electric_bike,736,8217.5
5,6,0,member,classic_bike,238,4438.1
5,6,0,casual,classic_bike,320,11513.2
5,6,0,member,electric_bike,597,6204.7
5,6,1,casual,electric_bike,466,5291.3
5,6,1,member,classic_bike,154,1596.5
5,6,1,member,electric_bike,443,4076.3
5,6,1,casual,classic_bike,182,5125.9
5,6,2,member,classic_bike,67,1089.5
5,6,2,member,electric_bike,206,1932.1
5,6,2,casual,classic_bike,111,2871.1
5,6,2,casual,electric_bike,280,2693.5
5,6,3,member,classic_bike,36,400.1
5,6,3,member,electric_bike,129,1269.8
5,6,3,casual,classic_bike,40,1713.8
5,6,3,casual,electric_bike,180,1850.4
5,6,4,member,electric_bike,96,862.4
5,6,4,casual,classic_bike,22,478.5
5,6,4,casual,electric_bike,80,1081.3
5,6,4,member,classic_bike,52,639.2
5,6,5,member,classic_bike,73,1447.5
5,6,5,member,electric_bike,147,1659.1
5,6,5,casual,electric_bike,84,993.0
5,6,5,casual,classic_bike,36,1294.6
5,6,6,member,electric_bike,321,5319.5
5,6,6,member,classic_bike,153,1872.8
5,6,6,casual,electric_bike,179,2405.8
5,6,6,casual,classic_bike,81,3567.0
5,6,7,member,electric_bike,611,6406.5
5,6,7,casual,electric_bike,329,3908.6
5,6,7,casual,classic_bike,217,5957.7
5,6,7,member,classic_bike,443,6337.9
5,6,8,casual,classic_bike,399,12208.1
5,6,8,member,classic_bike,808,11371.6
5,6,8,member,electric_bike,1101,11236.6
5,6,8,casual,electric_bike,634,7892.6
5,6,9,member,electric_bike,1507,15997.2
5,6,9,member,classic_bike,995,13962.5
5,6,9,casual,electric_bike,991,14516.6
5,6,9,casual,classic_bike,731,25243.2
5,6,10,member,electric_bike,1933,21090.5
5,6,10,casual,classic_bike,1004,36228.7
5,6,10,member,classic_bike,1269,18324.8
5,6,10,casual,electric_bike,1432,22367.9
5,6,11,casual,electric_bike,1746,32389.5
5,6,11,casual,classic_bike,1302,49443.4
5,6,11,member,classic_bike,1309,20496.2
5,6,11,member,electric_bike,2108,24493.9
5,6,12,member,classic_bike,1410,21116.4
5,6,12,member,electric_bike,2139,25227.6
5,6,12,casual,electric_bike,1929,34244.2
5,6,12,casual,classic_bike,1399,46884.0
5,6,13,casual,classic_bike,1568,53548.6
5,6,13,member,electric_bike,2097,25967.3
5,6,13,member,classic_bike,1350,20548.1
5,6,13,casual,electric_bike,1919,34525.9
5,6,14,casual,electric_bike,1873,34426.9
5,6,14,member,classic_bike,1305,24110.2
5,6,14,casual,classic_bike,1477,50304.5
5,6,14,member,electric_bike,2074,24935.4
5,6,15,member,electric_bike,2028,25474.1
5,6,15,member,classic_bike,1298,21637.7
5,6,15,casual,classic_bike,1485,51122.7
5,6,15,casual,electric_bike,2152,37479.1
5,6,16,casual,electric_bike,2112,34690.8
5,6,16,member,electric_bike,2326,29946.8
5,6,16,member,classic_bike,1308,20692.8
5,6,16,casual,classic_bike,1476,53014.5
5,6,17,casual,classic_bike,1303,37042.7
5,6,17,casual,electric_bike,1822,28886.3
5,6,17,member,classic_bike,1291,19124.5
5,6,17,member,electric_bike,2137,26120.9
5,6,18,member,classic_bike,1139,16696.4
5,6,18,casual,classic_bike,1097,29466.0
5,6,18,casual,electric_bike,1727,25361.3
5,6,18,member,electric_bike,2035,24208.2
5,6,19,casual,classic_bike,841,23299.7
5,6,19,member,classic_bike,877,11537.7
5,6,19,member,electric_bike,1629,18324.2
5,6,19,casual,electric_bike,1278,17484.1
5,6,20,casual,electric_bike,874,11640.3
5,6,20,member,electric_bike,1085,11757.3
5,6,20,casual,classic_bike,489,13665.2
5,6,20,member,classic_bike,572,7609.6
5,6,21,casual,electric_bike,810,9785.7
5,6,21,casual,classic_bike,387,8941.9
5,6,21,member,electric_bike,939,9823.3
5,6,21,member,classic_bike,449,5538.9
5,6,22,member,electric_bike,843,8908.5
5,6,22,member,classic_bike,345,4477.8
5,6,22,casual,classic_bike,396,12220.3
5,6,22,casual,electric_bike,754,9545.7
5,6,23,casual,classic_bike,389,11358.6
5,6,23,member,electric_bike,732,8311.6
5,6,23,casual,electric_bike,696,8617.3
5,6,23,member,classic_bike,295,3736.5
5,7,0,casual,electric_bike,580,6633.3
5,7,0,member,electric_bike,521,5056.2
5,7,0,casual,classic_bike,262,7009.6
5,7,0,member,classic_bike,152,3069.7
5,7,1,casual,electric_bike,344,3536.4
5,7,1,member,electric_bike,305,2742.8
5,7,1,casual,classic_bike,156,4866.5
5,7,1,member,classic_bike,92,1732.0
5,7,2,member,electric_bike,190,1567.5
5,7,2,casual,electric_bike,221,2138.8
5,7,2,casual,classic_bike,66,1248.9
5,7,2,member,classic_bike,43,555.4
5,7,3,casual,electric_bike,113,1313.5
5,7,3,member,electric_bike,106,1011.4
5,7,3,casual,classic_bike,24,720.7
5,7,3,member,classic_bike,34,359.0
5,7,4,member,classic_bike,39,481.7
5,7,4,member,electric_bike,65,654.9
5,7,4,casual,classic_bike,19,440.4
5,7,4,casual,electric_bike,74,716.5
5,7,5,casual,electric_bike,81,866.4
5,7,5,casual,classic_bike,34,1338.6
5,7,5,member,electric_bike,107,1240.8
5,7,5,member,classic_bike,57,1046.5
5,7,6,member,classic_bike,122,3028.3
5,7,6,casual,classic_bike,76,4113.0
5,7,6,member,electric_bike,255,3203.5
5,7,6,casual,electric_bike,129,1380.4
5,7,7,casual,classic_bike,168,6972.2
5,7,7,member,electric_bike,351,4014.1
5,7,7,casual,electric_bike,242,5818.5
5,7,7,member,classic_bike,202,2812.6
5,7,8,member,classic_bike,423,5304.7
5,7,8,casual,classic_bike,214,7102.2
5,7,8,casual,electric_bike,366,6169.8
5,7,8,member,electric_bike,551,5896.5
5,7,9,casual,electric_bike,567,7276.0
5,7,9,casual,classic_bike,380,12444.0
5,7,9,member,electric_bike,882,8887.6
5,7,9,member,classic_bike,598,7491.8
5,7,10,casual,classic_bike,607,18051.8
5,7,10,member,classic_bike,822,10844.2
5,7,10,member,electric_bike,1153,13326.6
5,7,10,casual,electric_bike,764,12105.4
5,7,11,member,electric_bike,1239,13757.2
5,7,11,casual,electric_bike,883,15359.0
5,7,11,casual,classic_bike,778,28194.0
5,7,11,member,classic_bike,892,12279.9
5,7,12,casual,electric_bike,1056,20704.3
5,7,12,member,classic_bike,992,13728.8
5,7,12,casual,classic_bike,925,33360.9
5,7,12,member,electric_bike,1447,16416.9
5,7,13,member,electric_bike,1465,18039.9
5,7,13,casual,electric_bike,1233,22597.0
5,7,13,member,classic_bike,1013,14779.9
5,7,13,casual,classic_bike,943,36460.5
5,7,14,casual,electric_bike,1340,23234.6
5,7,14,casual,classic_bike,1107,38165.2
5,7,14,member,classic_bike,960,14129.5
5,7,14,member,electric_bike,1405,17159.4
5,7,15,casual,classic_bike,1058,36254.4
5,7,15,casual,electric_bike,1290,26118.4
5,7,15,member,electric_bike,1350,15427.0
5,7,15,member,classic_bike,911,14517.7
5,7,16,member,electric_bike,1303,16486.5
5,7,16,member,classic_bike,827,15082.7
5,7,16,casual,electric_bike,1134,20672.2
5,7,16,casual,classic_bike,1077,36059.6
5,7,17,casual,electric_bike,1082,19897.2
5,7,17,member,classic_bike,835,12284.6
5,7,17,casual,classic_bike,789,23229.1
5,7,17,member,electric_bike,1267,15401.4
5,7,18,casual,electric_bike,971,14699.1
5,7,18,member,electric_bike,1172,13506.7
5,7,18,member,classic_bike,696,10575.2
5,7,18,casual,classic_bike,699,22041.2
5,7,19,member,electric_bike,898,9836.4
5,7,19,member,classic_bike,566,10083.1
5,7,19,casual,classic_bike,535,16902.3
5,7,19,casual,electric_bike,793,11779.6
5,7,20,casual,electric_bike,518,6724.0
5,7,20,member,electric_bike,642,6435.7
5,7,20,member,classic_bike,386,6024.2
5,7,20,casual,classic_bike,261,6375.6
5,7,21,casual,classic_bike,194,6413.8
5,7,21,casual,electric_bike,343,4229.1
5,7,21,member,electric_bike,539,5287.9
5,7,21,member,classic_bike,251,3657.4
5,7,22,casual,electric_bike,385,4747.8
5,7,22,member,electric_bike,482,4786.5
5,7,22,casual,classic_bike,110,1843.5
5,7,22,member,classic_bike,141,2129.8
5,7,23,member,electric_bike,293,2711.8
5,7,23,member,classic_bike,98,1115.4
5,7,23,casual,electric_bike,283,3857.6
5,7,23,casual,classic_bike,109,1825.2
6,1,0,member,classic_bike,89,1223.4
6,1,0,member,electric_bike,263,3126.2
6,1,0,casual,electric_bike,408,5587.2
6,1,0,casual,classic_bike,213,5563.4
6,1,1,casual,classic_bike,84,2546.4
6,1,1,member,classic_bike,34,587.7
6,1,1,member,electric_bike,191,1841.9
6,1,1,casual,electric_bike,256,3961.7
6,1,2,casual,electric_bike,163,2623.6
6,1,2,casual,classic_bike,73,2074.6
6,1,2,member,electric_bike,92,964.9
6,1,2,member,classic_bike,28,304.4
6,1,3,member,electric_bike,92,959.8
6,1,3,casual,classic_bike,32,790.9
6,1,3,casual,electric_bike,118,1394.0
6,1,3,member,classic_bike,15,257.2
6,1,4,casual,electric_bike,86,1131.2
6,1,4,casual,classic_bike,22,425.2
6,1,4,member,electric_bike,131,1376.2
6,1,4,member,classic_bike,54,894.4
6,1,5,member,electric_bike,443,4057.1
6,1,5,casual,classic_bike,69,1933.9
6,1,5,casual,electric_bike,185,1802.0
6,1,5,member,classic_bike,333,4473.6
6,1,6,casual,electric_bike,414,3624.8
6,1,6,member,electric_bike,1513,15121.6
6,1,6,casual,classic_bike,156,3680.9
6,1,6,member,classic_bike,904,11092.7
6,1,7,member,electric_bike,2585,26227.5
6,1,7,member,classic_bike,1731,22033.8
6,1,7,casual,electric_bike,766,6958.3
6,1,7,casual,classic_bike,302,6025.2
6,1,8,member,electric_bike,3080,32368.7
6,1,8,casual,electric_bike,862,9259.5
6,1,8,member,classic_bike,2041,23918.3
6,1,8,casual,classic_bike,528,11278.3
6,1,9,casual,electric_bike,680,8805.5
6,1,9,casual,classic_bike,512,17009.2
6,1,9,member,electric_bike,1587,16123.9
6,1,9,member,classic_bike,1094,13068.0
6,1,10,member,electric_bike,1077,12103.8
6,1,10,casual,classic_bike,570,22484.1
6,1,10,casual,electric_bike,689,12236.2
6,1,10,member,classic_bike,832,11013.4
6,1,11,member,classic_bike,951,11490.0
6,1,11,casual,classic_bike,746,29825.0
6,1,11,member,electric_bike,1367,15608.8
6,1,11,casual,electric_bike,966,17694.0
6,1,12,casual,classic_bike,919,36038.6
6,1,12,member,classic_bike,1055,12628.4
6,1,12,member,electric_bike,1645,17186.2
6,1,12,casual,electric_bike,1118,19336.4
6,1,13,member,electric_bike,1592,17044.5
6,1,13,casual,classic_bike,867,27915.5
6,1,13,member,classic_bike,1010,13589.6
6,1,13,casual,electric_bike,1263,21992.6
6,1,14,casual,electric_bike,1314,21784.0
6,1,14,casual,classic_bike,829,26620.4
6,1,14,member,classic_bike,1133,13497.9
6,1,14,member,electric_bike,1651,19353.1
6,1,15,casual,classic_bike,906,27489.8
6,1,15,member,electric_bike,2258,26376.8
6,1,15,casual,electric_bike,1431,23166.1
6,1,15,member,classic_bike,1278,17294.8
6,1,16,casual,classic_bike,1114,35543.2
6,1,16,member,electric_bike,4081,47322.7
6,1,16,member,classic_bike,2280,31440.1
6,1,16,casual,electric_bike,2069,31106.7
6,1,17,casual,electric_bike,2515,37578.1
6,1,17,member,classic_bike,3323,49096.5
6,1,17,casual,classic_bike,1582,42575.3
6,1,17,member,electric_bike,4934,58179.1
6,1,18,casual,classic_bike,1436,41521.3
6,1,18,member,electric_bike,3705,42874.4
6,1,18,member,classic_bike,2692,39597.1
6,1,18,casual,electric_bike,2190,32494.7
6,1,19,casual,classic_bike,1165,34920.1
6,1,19,member,electric_bike,2770,30851.8
6,1,19,casual,electric_bike,1914,27808.8
6,1,19,member,classic_bike,1858,28748.1
6,1,20,casual,electric_bike,1384,18831.6
6,1,20,casual,classic_bike,843,19907.8
6,1,20,member,classic_bike,1374,19391.8
6,1,20,member,electric_bike,2067,25310.3
6,1,21,member,electric_bike,1400,15818.9
6,1,21,casual,electric_bike,964,13431.6
6,1,21,member,classic_bike,794,10997.1
6,1,21,casual,classic_bike,593,16577.4
6,1,22,casual,classic_bike,389,8803.7
6,1,22,member,electric_bike,824,8910.4
6,1,22,casual,electric_bike,709,9334.7
6,1,22,member,classic_bike,399,5526.0
6,1,23,casual,classic_bike,167,3740.3
6,1,23,member,electric_bike,425,4511.2
6,1,23,casual,electric_bike,386,4970.0
6,1,23,member,classic_bike,197,2300.0
6,2,0,member,classic_bike,76,1199.7
6,2,0,casual,electric_bike,309,3687.5
6,2,0,casual,classic_bike,110,3106.1
6,2,0,member,electric_bike,198,2054.8
6,2,1,member,electric_bike,115,1642.6
6,2,1,casual,classic_bike,54,1352.0
6,2,1,casual,electric_bike,135,1595.9
6,2,1,member,classic_bike,37,599.0
6,2,2,casual,classic_bike,25,316.0
6,2,2,member,electric_bike,46,569.9
6,2,2,member,classic_bike,14,174.5
6,2,2,casual,electric_bike,109,1465.1
6,2,3,member,classic_bike,15,225.7
6,2,3,casual,classic_bike,15,308.1
6,2,3,casual,electric_bike,56,537.0
6,2,3,member,electric_bike,55,752.6
6,2,4,member,electric_bike,71,591.2
6,2,4,member,classic_bike,50,605.8
6,2,4,casual,classic_bike,21,190.3
6,2,4,casual,electric_bike,59,529.9
6,2,5,member,classic_bike,297,4755.5
6,2,5,member,electric_bike,419,3772.3
6,2,5,casual,classic_bike,74,1202.5
6,2,5,casual,electric_bike,135,1448.0
6,2,6,member,electric_bike,1434,15547.7
6,2,6,casual,electric_bike,427,3987.4
6,2,6,member,classic_bike,780,11496.2
6,2,6,casual,classic_bike,155,4512.4
6,2,7,casual,electric_bike,679,6731.5
6,2,7,casual,classic_bike,308,5053.4
6,2,7,member,electric_bike,2625,27214.9
6,2,7,member,classic_bike,1681,21876.8
6,2,8,casual,electric_bike,1027,10479.1
6,2,8,casual,classic_bike,500,10463.8
6,2,8,member,classic_bike,1992,25104.3
6,2,8,member,electric_bike,3268,35276.4
6,2,9,casual,classic_bike,378,13695.1
6,2,9,casual,electric_bike,611,7839.1
6,2,9,member,electric_bike,1522,16191.7
6,2,9,member,classic_bike,1055,12961.8
6,2,10,member,classic_bike,680,8951.1
6,2,10,casual,classic_bike,427,14941.3
6,2,10,casual,electric_bike,566,8312.4
6,2,10,member,electric_bike,994,10855.0
6,2,11,casual,classic_bike,521,19019.7
6,2,11,member,classic_bike,843,10237.4
6,2,11,casual,electric_bike,708,10869.7
6,2,11,member,electric_bike,1154,12619.6
6,2,12,member,electric_bike,1329,14074.1
6,2,12,member,classic_bike,937,11652.0
6,2,12,casual,classic_bike,591,20584.5
6,2,12,casual,electric_bike,858,13519.7
6,2,13,casual,classic_bike,592,19197.5
6,2,13,member,electric_bike,1334,14329.1
6,2,13,member,classic_bike,809,10396.2
6,2,13,casual,electric_bike,869,14105.4
6,2,14,casual,electric_bike,956,15913.5
6,2,14,member,electric_bike,1450,16320.2
6,2,14,casual,classic_bike,558,18531.2
6,2,14,member,classic_bike,821,10332.3
6,2,15,member,electric_bike,2082,24029.8
6,2,15,casual,classic_bike,758,23833.6
6,2,15,casual,electric_bike,1236,18504.6
6,2,15,member,classic_bike,1141,15508.2
6,2,16,member,electric_bike,3831,46669.5
6,2,16,casual,classic_bike,967,26800.8
6,2,16,casual,electric_bike,1858,26166.4
6,2,16,member,classic_bike,2027,28642.7
6,2,17,casual,electric_bike,2421,34056.3
6,2,17,member,electric_bike,4678,59060.6
6,2,17,member,classic_bike,3022,44411.3
6,2,17,casual,classic_bike,1390,37506.2
6,2,18,casual,electric_bike,2110,28065.7
6,2,18,member,electric_bike,3515,42586.6
6,2,18,member,classic_bike,2275,32582.4
6,2,18,casual,classic_bike,1358,37938.9
6,2,19,casual,classic_bike,1114,31207.1
6,2,19,casual,electric_bike,1767,24356.4
6,2,19,member,electric_bike,2511,29019.0
6,2,19,member,classic_bike,1624,24339.4
6,2,20,member,electric_bike,1839,21332.3
6,2,20,casual,electric_bike,1365,17763.1
6,2,20,casual,classic_bike,771,19750.4
6,2,20,member,classic_bike,1032,14610.1
6,2,21,casual,electric_bike,1076,13860.2
6,2,21,casual,classic_bike,513,14340.8
6,2,21,member,classic_bike,773,11018.7
6,2,21,member,electric_bike,1404,16458.0
6,2,22,member,electric_bike,828,9240.6
6,2,22,casual,electric_bike,560,6419.6
6,2,22,member,classic_bike,430,5297.7
6,2,22,casual,classic_bike,323,8652.7
6,2,23,casual,classic_bike,174,8456.7
6,2,23,casual,electric_bike,358,3663.5
6,2,23,member,electric_bike,380,4535.3
6,2,23,member,classic_bike,179,3533.3
6,3,0,casual,classic_bike,103,3533.3
6,3,0,casual,electric_bike,231,2466.3
6,3,0,member,classic_bike,62,689.5
6,3,0,member,electric_bike,167,1774.0
6,3,1,casual,electric_bike,110,1467.4
6,3,1,member,electric_bike,104,1036.6
6,3,1,casual,classic_bike,44,832.1
6,3,1,member,classic_bike,29,370.5
6,3,2,member,electric_bike,57,589.5
6,3,2,member,classic_bike,22,190.6
6,3,2,casual,classic_bike,20,370.0
6,3,2,casual,electric_bike,70,694.1
6,3,3,casual,electric_bike,43,356.9
6,3,3,casual,classic_bike,17,354.2
6,3,3,member,electric_bike,34,381.7
6,3,3,member,classic_bike,13,165.9
6,3,4,member,classic_bike,31,344.7
6,3,4,casual,classic_bike,21,507.0
6,3,4,casual,electric_bike,53,440.7
6,3,4,member,electric_bike,47,403.7
6,3,5,member,classic_bike,169,2178.3
6,3,5,casual,classic_bike,45,1422.8
6,3,5,casual,electric_bike,110,1159.0
6,3,5,member,electric_bike,300,2636.8
6,3,6,casual,classic_bike,119,2314.1
6,3,6,member,classic_bike,581,6703.2
6,3,6,member,electric_bike,1004,10199.1
6,3,6,casual,electric_bike,294,2531.6
6,3,7,casual,electric_bike,526,5101.9
6,3,7,casual,classic_bike,219,3161.8
6,3,7,member,electric_bike,2004,20257.5
6,3,7,member,classic_bike,1188,14825.6
6,3,8,member,classic_bike,1395,16392.3
6,3,8,member,electric_bike,2601,27625.5
6,3,8,casual,electric_bike,742,7673.4
6,3,8,casual,classic_bike,373,8201.0
6,3,9,member,electric_bike,1348,13754.2
6,3,9,member,classic_bike,795,9880.9
6,3,9,casual,classic_bike,270,6554.3
6,3,9,casual,electric_bike,487,6061.4
6,3,10,member,classic_bike,591,7408.2
6,3,10,casual,electric_bike,495,8274.1
6,3,10,casual,classic_bike,370,13835.5
6,3,10,member,electric_bike,915,9725.9
6,3,11,casual,classic_bike,470,14535.9
6,3,11,member,electric_bike,1102,11396.8
6,3,11,member,classic_bike,745,9635.2
6,3,11,casual,electric_bike,642,9839.6
6,3,12,member,electric_bike,1323,13418.1
6,3,12,casual,classic_bike,474,14586.3
6,3,12,casual,electric_bike,703,9454.4
6,3,12,member,classic_bike,824,10128.2
6,3,13,member,electric_bike,1157,11568.5
6,3,13,member,classic_bike,722,8529.0
6,3,13,casual,electric_bike,749,10619.9
6,3,13,casual,classic_bike,468,16502.3
6,3,14,casual,electric_bike,713,10406.6
6,3,14,member,electric_bike,1015,11376.6
6,3,14,casual,classic_bike,393,11258.8
6,3,14,member,classic_bike,549,7080.6
6,3,15,member,electric_bike,1602,18435.5
6,3,15,casual,electric_bike,907,13557.1
6,3,15,casual,classic_bike,423,12111.9
6,3,15,member,classic_bike,808,10909.9
6,3,16,casual,electric_bike,1470,19268.5
6,3,16,member,classic_bike,1688,22644.4
6,3,16,casual,classic_bike,755,18551.6
6,3,16,member,electric_bike,3100,37184.8
6,3,17,casual,classic_bike,1106,31438.7
6,3,17,member,electric_bike,3775,46264.2
6,3,17,casual,electric_bike,2002,27125.5
6,3,17,member,classic_bike,2319,34163.3
6,3,18,casual,classic_bike,1011,23886.5
6,3,18,member,classic_bike,1720,23939.6
6,3,18,casual,electric_bike,1836,25460.5
6,3,18,member,electric_bike,2929,33160.9
6,3,19,casual,electric_bike,1374,18846.3
6,3,19,member,electric_bike,1843,22203.3
6,3,19,member,classic_bike,1155,16846.1
6,3,19,casual,classic_bike,820,25203.6
6,3,20,casual,electric_bike,1135,15665.2
6,3,20,member,classic_bike,917,14865.6
6,3,20,member,electric_bike,1400,16889.8
6,3,20,casual,classic_bike,632,15683.8
6,3,21,member,classic_bike,678,10938.3
6,3,21,casual,classic_bike,505,12030.1
6,3,21,casual,electric_bike,817,10778.8
6,3,21,member,electric_bike,1273,15253.6
6,3,22,casual,classic_bike,343,8677.9
6,3,22,member,electric_bike,890,9963.0
6,3,22,member,classic_bike,399,5198.4
6,3,22,casual,electric_bike,780,10400.6
6,3,23,member,classic_bike,177,5175.4
6,3,23,member,electric_bike,426,4533.5
6,3,23,casual,electric_bike,423,5369.9
6,3,23,casual,classic_bike,156,2769.6
6,4,0,casual,electric_bike,317,4242.9
6,4,0,member,classic_bike,69,1284.9
6,4,0,member,electric_bike,258,2564.2
6,4,0,casual,classic_bike,108,3669.8
6,4,1,member,electric_bike,146,1654.6
6,4,1,member,classic_bike,37,561.9
6,4,1,casual,classic_bike,58,3252.6
6,4,1,casual,electric_bike,114,1312.6
6,4,2,casual,electric_bike,85,909.4
6,4,2,member,classic_bike,25,248.7
6,4,2,member,electric_bike,60,963.0
6,4,2,casual,classic_bike,20,461.1
6,4,3,casual,classic_bike,14,353.9
6,4,3,casual,electric_bike,46,496.4
6,4,3,member,electric_bike,57,607.7
6,4,3,member,classic_bike,12,674.7
6,4,4,casual,electric_bike,75,683.9
6,4,4,casual,classic_bike,13,370.2
6,4,4,member,classic_bike,28,328.4
6,4,4,member,electric_bike,69,585.6
6,4,5,member,classic_bike,238,3089.9
6,4,5,member,electric_bike,352,3035.2
6,4,5,casual,classic_bike,59,1413.6
6,4,5,casual,electric_bike,138,1148.8
6,4,6,member,electric_bike,1164,11627.3
6,4,6,member,classic_bike,664,7629.0
6,4,6,casual,classic_bike,151,5166.1
6,4,6,casual,electric_bike,344,3349.6
6,4,7,member,electric_bike,2069,20923.4
6,4,7,member,classic_bike,1316,16022.5
6,4,7,casual,classic_bike,321,6442.4
6,4,7,casual,electric_bike,618,5779.1
6,4,8,casual,electric_bike,888,9177.3
6,4,8,member,electric_bike,2830,29565.8
6,4,8,member,classic_bike,1651,19614.3
6,4,8,casual,classic_bike,446,9733.9
6,4,9,member,electric_bike,1552,16309.0
6,4,9,casual,classic_bike,460,13005.4
6,4,9,casual,electric_bike,690,9402.8
6,4,9,member,classic_bike,928,11048.4
6,4,10,member,electric_bike,1171,14346.8
6,4,10,member,classic_bike,831,11230.3
6,4,10,casual,electric_bike,759,13548.4
6,4,10,casual,classic_bike,534,16822.8
6,4,11,casual,electric_bike,1018,17583.7
6,4,11,member,classic_bike,1034,13428.6
6,4,11,member,electric_bike,1489,16157.5
6,4,11,casual,classic_bike,741,24844.1
6,4,12,casual,electric_bike,1301,21001.9
6,4,12,member,classic_bike,1002,13372.9
6,4,12,member,electric_bike,1703,19096.0
6,4,12,casual,classic_bike,823,28147.9
6,4,13,member,electric_bike,1548,17024.3
6,4,13,casual,classic_bike,860,29302.3
6,4,13,casual,electric_bike,1305,22158.6
6,4,13,member,classic_bike,1030,13620.8
6,4,14,casual,electric_bike,1359,22842.1
6,4,14,member,electric_bike,1698,19819.9
6,4,14,member,classic_bike,1034,15437.6
6,4,14,casual,classic_bike,869,28501.0
6,4,15,member,classic_bike,1197,17074.6
6,4,15,casual,electric_bike,1568,25612.0
6,4,15,casual,classic_bike,850,23731.3
6,4,15,member,electric_bike,2266,26661.9
6,4,16,casual,classic_bike,1095,30295.6
6,4,16,member,classic_bike,1857,28754.4
6,4,16,casual,electric_bike,2305,35336.0
6,4,16,member,electric_bike,3535,43833.9
6,4,17,member,electric_bike,4199,51991.1
6,4,17,casual,classic_bike,1471,38532.6
6,4,17,member,classic_bike,2626,39446.6
6,4,17,casual,electric_bike,2783,38363.1
6,4,18,casual,classic_bike,1333,40233.8
6,4,18,member,classic_bike,1984,29607.8
6,4,18,casual,electric_bike,2462,33193.5
6,4,18,member,electric_bike,3463,42027.6
6,4,19,casual,classic_bike,1066,27161.9
6,4,19,casual,electric_bike,1843,23984.2
6,4,19,member,classic_bike,1554,24355.0
6,4,19,member,electric_bike,2435,28159.9
6,4,20,casual,classic_bike,771,18644.2
6,4,20,member,electric_bike,1816,20868.0
6,4,20,casual,electric_bike,1480,19184.3
6,4,20,member,classic_bike,1018,15061.3
6,4,21,member,classic_bike,713,9844.9
6,4,21,member,electric_bike,1475,16611.4
6,4,21,casual,electric_bike,1342,16722.5
6,4,21,casual,classic_bike,602,18797.2
6,4,22,casual,electric_bike,1033,13566.5
6,4,22,casual,classic_bike,449,11963.0
6,4,22,member,electric_bike,1114,11876.7
6,4,22,member,classic_bike,535,7143.8
6,4,23,member,classic_bike,230,2923.8
6,4,23,casual,classic_bike,241,4762.1
6,4,23,casual,electric_bike,609,7653.2
6,4,23,member,electric_bike,671,7208.0
6,5,0,member,classic_bike,121,1573.2
6,5,0,casual,electric_bike,529,6536.5
6,5,0,member,electric_bike,375,3559.5
6,5,0,casual,classic_bike,146,3535.7
6,5,1,casual,electric_bike,308,3668.6
6,5,1,casual,classic_bike,104,4541.4
6,5,1,member,classic_bike,61,788.2
6,5,1,member,electric_bike,256,2303.3
6,5,2,member,electric_bike,124,1156.2
6,5,2,member,classic_bike,42,526.5
6,5,2,casual,electric_bike,185,2426.0
6,5,2,casual,classic_bike,61,1995.7
6,5,3,member,classic_bike,22,190.8
6,5,3,casual,classic_bike,29,472.9
6,5,3,member,electric_bike,95,1085.0
6,5,3,casual,electric_bike,108,1266.4
6,5,4,member,electric_bike,92,944.3
6,5,4,member,classic_bike,53,677.4
6,5,4,casual,electric_bike,93,930.9
6,5,4,casual,classic_bike,34,448.1
6,5,5,member,electric_bike,433,4148.0
6,5,5,casual,classic_bike,107,2722.6
6,5,5,casual,electric_bike,278,3731.5
6,5,5,member,classic_bike,268,3937.0
6,5,6,member,classic_bike,618,7587.5
6,5,6,casual,classic_bike,157,5430.1
6,5,6,casual,electric_bike,391,3667.6
6,5,6,member,electric_bike,1073,11023.8
6,5,7,casual,classic_bike,324,7957.8
6,5,7,casual,electric_bike,698,7647.7
6,5,7,member,electric_bike,1735,18047.6
6,5,7,member,classic_bike,1117,14127.1
6,5,8,member,classic_bike,1192,13812.3
6,5,8,casual,classic_bike,434,11535.1
6,5,8,member,electric_bike,2139,21376.4
6,5,8,casual,electric_bike,775,8890.6
6,5,9,casual,classic_bike,489,13212.8
6,5,9,member,classic_bike,879,10618.6
6,5,9,member,electric_bike,1378,15236.6
6,5,9,casual,electric_bike,762,11042.7
6,5,10,casual,classic_bike,568,18489.9
6,5,10,member,electric_bike,1068,11017.4
6,5,10,member,classic_bike,675,8588.6
6,5,10,casual,electric_bike,787,12420.9
6,5,11,member,classic_bike,818,10121.3
6,5,11,member,electric_bike,1394,15039.3
6,5,11,casual,electric_bike,1034,16637.5
6,5,11,casual,classic_bike,647,22346.2
6,5,12,member,classic_bike,992,11934.7
6,5,12,casual,classic_bike,843,29135.5
6,5,12,casual,electric_bike,1332,23454.2
6,5,12,member,electric_bike,1622,18624.1
6,5,13,member,classic_bike,919,11570.0
6,5,13,member,electric_bike,1590,17316.9
6,5,13,casual,electric_bike,1376,22962.4
6,5,13,casual,classic_bike,890,29068.5
6,5,14,casual,electric_bike,1429,23138.0
6,5,14,casual,classic_bike,844,27291.8
6,5,14,member,classic_bike,894,13378.6
6,5,14,member,electric_bike,1699,18932.9
6,5,15,member,electric_bike,2276,26092.1
6,5,15,casual,classic_bike,999,33548.6
6,5,15,casual,electric_bike,1805,28227.1
6,5,15,member,classic_bike,1174,15924.8
6,5,16,casual,electric_bike,2409,37221.9
6,5,16,member,classic_bike,1739,23664.3
6,5,16,casual,classic_bike,1152,30985.9
6,5,16,member,electric_bike,3100,37190.7
6,5,17,casual,classic_bike,1456,40037.1
6,5,17,member,electric_bike,3461,42499.4
6,5,17,casual,electric_bike,2758,40649.9
6,5,17,member,classic_bike,1907,29588.6
6,5,18,casual,classic_bike,1429,41080.4
6,5,18,member,electric_bike,3021,37496.9
6,5,18,member,classic_bike,1609,24171.1
6,5,18,casual,electric_bike,2494,37394.2
6,5,19,member,classic_bike,1257,18957.5
6,5,19,casual,classic_bike,1186,36815.5
6,5,19,casual,electric_bike,1853,28224.7
6,5,19,member,electric_bike,2039,24564.8
6,5,20,casual,electric_bike,1657,24117.0
6,5,20,member,classic_bike,863,14631.4
6,5,20,member,electric_bike,1623,19808.3
6,5,20,casual,classic_bike,793,22026.3
6,5,21,casual,classic_bike,575,17576.8
6,5,21,member,classic_bike,612,10090.9
6,5,21,casual,electric_bike,1238,16863.3
6,5,21,member,electric_bike,1239,15308.2
6,5,22,member,electric_bike,1217,15047.3
6,5,22,casual,classic_bike,571,15894.0
6,5,22,casual,electric_bike,1222,17305.8
6,5,22,member,classic_bike,510,8282.7
6,5,23,member,classic_bike,389,5406.2
6,5,23,member,electric_bike,998,11231.6
6,5,23,casual,electric_bike,1071,14169.6
6,5,23,casual,classic_bike,639,14381.8
6,6,0,member,classic_bike,270,4362.8
6,6,0,casual,electric_bike,1149,14615.1
6,6,0,member,electric_bike,718,7488.9
6,6,0,casual,classic_bike,525,15974.3
6,6,1,member,electric_bike,521,5183.2
6,6,1,casual,classic_bike,328,7688.2
6,6,1,casual,electric_bike,796,9722.2
6,6,1,member,classic_bike,179,2133.5
6,6,2,member,electric_bike,306,3344.2
6,6,2,casual,electric_bike,459,6207.7
6,6,2,casual,classic_bike,224,8416.0
6,6,2,member,classic_bike,99,2817.2
6,6,3,member,classic_bike,62,1243.1
6,6,3,casual,electric_bike,252,3295.3
6,6,3,member,electric_bike,152,1717.0
6,6,3,casual,classic_bike,82,2671.2
6,6,4,member,classic_bike,43,577.3
6,6,4,casual,classic_bike,36,620.7
6,6,4,casual,electric_bike,126,1590.8
6,6,4,member,electric_bike,96,1252.3
6,6,5,casual,classic_bike,63,1635.8
6,6,5,member,classic_bike,100,1678.1
6,6,5,member,electric_bike,172,1947.1
6,6,5,casual,electric_bike,106,1163.0
6,6,6,member,electric_bike,421,4462.8
6,6,6,casual,classic_bike,129,4165.0
6,6,6,casual,electric_bike,219,2592.6
6,6,6,member,classic_bike,201,2660.6
6,6,7,casual,classic_bike,246,7245.6
6,6,7,member,classic_bike,469,6962.7
6,6,7,member,electric_bike,655,6782.2
6,6,7,casual,electric_bike,424,5676.8
6,6,8,casual,electric_bike,767,11337.6
6,6,8,casual,classic_bike,514,17975.5
6,6,8,member,classic_bike,793,11612.4
6,6,8,member,electric_bike,1169,14143.9
6,6,9,casual,classic_bike,938,34858.2
6,6,9,casual,electric_bike,1182,19414.0
6,6,9,member,electric_bike,1582,17158.5
6,6,9,member,classic_bike,1009,15099.2
6,6,10,member,electric_bike,1977,23960.4
6,6,10,member,classic_bike,1268,19544.8
6,6,10,casual,classic_bike,1369,51290.2
6,6,10,casual,electric_bike,1841,34371.2
6,6,11,member,classic_bike,1466,24110.0
6,6,11,member,electric_bike,2267,28996.2
6,6,11,casual,electric_bike,2406,43602.7
6,6,11,casual,classic_bike,1852,61185.8
6,6,12,member,classic_bike,1439,21550.0
6,6,12,casual,classic_bike,2004,66869.0
6,6,12,casual,electric_bike,2777,51122.8
6,6,12,member,electric_bike,2345,30634.3
6,6,13,member,classic_bike,1466,23755.7
6,6,13,casual,classic_bike,2098,72683.9
6,6,13,member,electric_bike,2260,30887.4
6,6,13,casual,electric_bike,2909,53657.0
6,6,14,member,electric_bike,2308,30962.9
6,6,14,member,classic_bike,1415,23463.8
6,6,14,casual,electric_bike,2979,51540.1
6,6,14,casual,classic_bike,2127,70316.8
6,6,15,member,classic_bike,1336,23017.3
6,6,15,member,electric_bike,2382,31560.7
6,6,15,casual,electric_bike,3346,57462.0
6,6,15,casual,classic_bike,2159,69787.5
6,6,16,casual,electric_bike,3148,54944.9
6,6,16,member,electric_bike,2396,33560.1
6,6,16,member,classic_bike,1311,20598.8
6,6,16,casual,classic_bike,2040,68119.1
6,6,17,member,classic_bike,1214,18804.7
6,6,17,casual,electric_bike,2731,46257.1
6,6,17,casual,classic_bike,1855,63391.4
6,6,17,member,electric_bike,2252,29830.2
6,6,18,member,classic_bike,1132,21507.3
6,6,18,casual,electric_bike,2522,41791.3
6,6,18,member,electric_bike,2087,27170.1
6,6,18,casual,classic_bike,1521,48411.6
6,6,19,member,classic_bike,974,16771.4
6,6,19,casual,electric_bike,1987,32876.9
6,6,19,member,electric_bike,1705,22008.3
6,6,19,casual,classic_bike,1293,45118.9
6,6,20,member,classic_bike,731,11058.1
6,6,20,member,electric_bike,1345,15931.4
6,6,20,casual,classic_bike,1011,33857.5
6,6,20,casual,electric_bike,1545,22356.1
6,6,21,member,electric_bike,1198,14581.8
6,6,21,member,classic_bike,586,9142.9
6,6,21,casual,classic_bike,837,28979.3
6,6,21,casual,electric_bike,1388,20074.5
6,6,22,member,electric_bike,1209,15038.8
6,6,22,casual,classic_bike,873,22240.1
6,6,22,casual,electric_bike,1441,21842.5
6,6,22,member,classic_bike,534,8888.6
6,6,23,member,electric_bike,913,10366.8
6,6,23,casual,classic_bike,709,25524.7
6,6,23,member,classic_bike,351,5211.0
6,6,23,casual,electric_bike,1124,18047.8
6,7,0,casual,classic_bike,549,15895.5
6,7,0,casual,electric_bike,1197,15502.3
6,7,0,member,classic_bike,293,3948.3
6,7,0,member,electric_bike,795,8285.2
6,7,1,member,electric_bike,481,4617.6
6,7,1,casual,classic_bike,301,6905.2
6,7,1,member,classic_bike,183,3289.8
6,7,1,casual,electric_bike,733,9540.3
6,7,2,casual,electric_bike,507,5864.1
6,7,2,casual,classic_bike,252,4952.0
6,7,2,member,classic_bike,118,1667.1
6,7,2,member,electric_bike,363,3584.4
6,7,3,member,electric_bike,215,2356.6
6,7,3,member,classic_bike,72,798.3
6,7,3,casual,electric_bike,292,3613.8
6,7,3,casual,classic_bike,126,3495.8
6,7,4,casual,electric_bike,178,2045.0
6,7,4,casual,classic_bike,96,3979.5
6,7,4,member,classic_bike,74,898.1
6,7,4,member,electric_bike,172,1745.4
6,7,5,casual,electric_bike,164,2023.8
6,7,5,member,electric_bike,216,2820.1
6,7,5,casual,classic_bike,72,2677.6
6,7,5,member,classic_bike,99,2029.4
6,7,6,casual,electric_bike,292,3405.9
6,7,6,member,electric_bike,382,5147.9
6,7,6,member,classic_bike,220,3331.4
6,7,6,casual,classic_bike,148,3633.9
6,7,7,casual,electric_bike,438,6682.1
6,7,7,casual,classic_bike,240,8886.1
6,7,7,member,classic_bike,384,5478.5
6,7,7,member,electric_bike,570,6499.0
6,7,8,member,electric_bike,974,12216.7
6,7,8,member,classic_bike,728,11776.2
6,7,8,casual,electric_bike,704,12516.3
6,7,8,casual,classic_bike,535,15595.4
6,7,9,member,classic_bike,1053,14628.3
6,7,9,member,electric_bike,1551,18708.2
6,7,9,casual,classic_bike,830,27520.9
6,7,9,casual,electric_bike,1336,22125.1
6,7,10,casual,classic_bike,1330,45983.2
6,7,10,member,electric_bike,2137,25874.4
6,7,10,member,classic_bike,1356,19406.9
6,7,10,casual,electric_bike,1877,32451.3
6,7,11,casual,electric_bike,2240,40076.0
6,7,11,casual,classic_bike,1753,68013.0
6,7,11,member,classic_bike,1572,24264.2
6,7,11,member,electric_bike,2420,30891.9
6,7,12,member,classic_bike,1621,25669.1
6,7,12,casual,electric_bike,2733,48709.6
6,7,12,member,electric_bike,2500,32072.2
6,7,12,casual,classic_bike,2081,72830.5
6,7,13,member,classic_bike,1508,23295.0
6,7,13,casual,classic_bike,1887,65260.9
6,7,13,member,electric_bike,2453,32669.1
6,7,13,casual,electric_bike,2874,49268.9
6,7,14,casual,electric_bike,2958,53940.8
6,7,14,casual,classic_bike,2109,70940.3
6,7,14,member,classic_bike,1599,27535.9
6,7,14,member,electric_bike,2608,35448.4
6,7,15,casual,electric_bike,2947,51512.3
6,7,15,member,electric_bike,2408,30825.4
6,7,15,casual,classic_bike,1992,65002.9
6,7,15,member,classic_bike,1483,25317.1
6,7,16,member,electric_bike,2301,29462.8
6,7,16,casual,classic_bike,1667,48869.6
6,7,16,casual,electric_bike,2709,48587.8
6,7,16,member,classic_bike,1444,23398.3
6,7,17,member,electric_bike,2243,29191.5
6,7,17,member,classic_bike,1430,21562.2
6,7,17,casual,electric_bike,2402,40398.6
6,7,17,casual,classic_bike,1630,51660.3
6,7,18,member,classic_bike,1193,18349.2
6,7,18,member,electric_bike,2029,25071.4
6,7,18,casual,classic_bike,1224,40960.0
6,7,18,casual,electric_bike,1933,31382.7
6,7,19,casual,electric_bike,1465,24287.6
6,7,19,member,classic_bike,1029,15357.5
6,7,19,casual,classic_bike,1074,30608.0
6,7,19,member,electric_bike,1645,19009.0
6,7,20,member,electric_bike,1322,15907.3
6,7,20,casual,classic_bike,745,22233.3
6,7,20,member,classic_bike,793,11266.7
6,7,20,casual,electric_bike,1267,20448.4
6,7,21,member,electric_bike,1099,12125.3
6,7,21,member,classic_bike,534,7134.3
6,7,21,casual,electric_bike,905,13187.0
6,7,21,casual,classic_bike,486,17087.5
6,7,22,casual,classic_bike,365,10127.5
6,7,22,member,electric_bike,790,8634.7
6,7,22,casual,electric_bike,697,11179.1
6,7,22,member,classic_bike,321,4740.8
6,7,23,member,electric_bike,412,4793.0
6,7,23,casual,electric_bike,446,5335.2
6,7,23,member,classic_bike,178,2615.3
6,7,23,casual,classic_bike,261,7394.6
7,1,0,member,electric_bike,235,2803.9
7,1,0,member,classic_bike,78,1066.8
7,1,0,casual,electric_bike,413,5415.9
7,1,0,casual,classic_bike,129,3380.2
7,1,1,casual,electric_bike,235,2938.5
7,1,1,member,electric_bike,155,1769.2
7,1,1,casual,classic_bike,68,1608.1
7,1,1,member,classic_bike,34,349.0
7,1,2,member,classic_bike,24,244.3
7,1,2,member,electric_bike,79,784.1
7,1,2,casual,electric_bike,147,2020.2
7,1,2,casual,classic_bike,39,891.8
7,1,3,casual,classic_bike,19,322.2
7,1,3,casual,electric_bike,79,1303.2
7,1,3,member,classic_bike,26,309.0
7,1,3,member,electric_bike,72,902.2
7,1,4,casual,electric_bike,76,1350.8
7,1,4,member,electric_bike,107,1406.0
7,1,4,casual,classic_bike,21,481.3
7,1,4,member,classic_bike,40,448.4
7,1,5,member,classic_bike,235,4847.0
7,1,5,casual,electric_bike,164,1606.9
7,1,5,member,electric_bike,423,3995.3
7,1,5,casual,classic_bike,52,779.0
7,1,6,member,classic_bike,696,10326.5
7,1,6,casual,classic_bike,146,4497.3
7,1,6,member,electric_bike,1310,13678.8
7,1,6,casual,electric_bike,419,3999.6
7,1,7,member,classic_bike,1442,18949.9
7,1,7,member,electric_bike,2201,21716.7
7,1,7,casual,electric_bike,614,5744.6
7,1,7,casual,classic_bike,226,3554.9
7,1,8,member,classic_bike,1685,21107.6
7,1,8,member,electric_bike,2736,28542.5
7,1,8,casual,electric_bike,824,8733.1
7,1,8,casual,classic_bike,327,6456.9
7,1,9,casual,electric_bike,635,9647.9
7,1,9,casual,classic_bike,335,9471.0
7,1,9,member,classic_bike,950,11495.2
7,1,9,member,electric_bike,1576,16027.9
7,1,10,casual,classic_bike,502,21635.3
7,1,10,casual,electric_bike,657,12615.5
7,1,10,member,classic_bike,714,9571.5
7,1,10,member,electric_bike,977,11683.6
7,1,11,casual,classic_bike,556,19087.8
7,1,11,casual,electric_bike,901,17081.1
7,1,11,member,electric_bike,1222,13679.3
7,1,11,member,classic_bike,791,10554.1
7,1,12,member,classic_bike,833,10051.1
7,1,12,member,electric_bike,1300,13757.0
7,1,12,casual,classic_bike,543,17160.4
7,1,12,casual,electric_bike,1027,16634.6
7,1,13,member,electric_bike,1346,15223.3
7,1,13,member,classic_bike,858,11012.4
7,1,13,casual,classic_bike,740,26866.3
7,1,13,casual,electric_bike,1210,23953.4
7,1,14,member,electric_bike,1463,16572.6
7,1,14,member,classic_bike,878,12778.6
7,1,14,casual,classic_bike,721,26455.9
7,1,14,casual,electric_bike,1263,23714.1
7,1,15,member,classic_bike,1090,17589.6
7,1,15,member,electric_bike,2096,24067.6
7,1,15,casual,electric_bike,1619,25845.4
7,1,15,casual,classic_bike,811,30014.5
7,1,16,casual,classic_bike,979,30123.5
7,1,16,casual,electric_bike,1928,30200.1
7,1,16,member,electric_bike,3678,43553.9
7,1,16,member,classic_bike,1887,27933.8
7,1,17,member,electric_bike,4565,54058.0
7,1,17,casual,classic_bike,1151,32446.9
7,1,17,casual,electric_bike,2385,34873.5
7,1,17,member,classic_bike,2868,44592.2
7,1,18,casual,classic_bike,1212,32231.3
7,1,18,member,electric_bike,3500,42105.1
7,1,18,casual,electric_bike,2215,32072.9
7,1,18,member,classic_bike,2368,39208.9
7,1,19,casual,electric_bike,1751,26031.2
7,1,19,member,classic_bike,1713,29161.7
7,1,19,member,electric_bike,2658,30388.4
7,1,19,casual,classic_bike,1035,29877.5
7,1,20,member,electric_bike,1958,23827.7
7,1,20,casual,classic_bike,706,21502.1
7,1,20,casual,electric_bike,1553,21923.2
7,1,20,member,classic_bike,1213,19349.1
7,1,21,member,classic_bike,846,13971.0
7,1,21,casual,classic_bike,454,10501.3
7,1,21,casual,electric_bike,1118,16054.3
7,1,21,member,electric_bike,1505,17841.3
7,1,22,member,classic_bike,361,4909.8
7,1,22,casual,electric_bike,714,10258.8
7,1,22,casual,classic_bike,256,5493.3
7,1,22,member,electric_bike,789,8822.9
7,1,23,member,classic_bike,180,2790.5
7,1,23,member,electric_bike,416,5310.9
7,1,23,casual,electric_bike,409,5653.2
7,1,23,casual,classic_bike,151,7390.0
7,2,0,casual,classic_bike,144,6471.4
7,2,0,member,classic_bike,92,1417.6
7,2,0,casual,electric_bike,403,5245.6
7,2,0,member,electric_bike,330,4308.8
7,2,1,member,electric_bike,198,2866.3
7,2,1,casual,classic_bike,62,1344.9
7,2,1,casual,electric_bike,239,3638.5
7,2,1,member,classic_bike,63,869.4
7,2,2,casual,electric_bike,154,2040.1
7,2,2,member,classic_bike,25,305.4
7,2,2,casual,classic_bike,42,835.9
7,2,2,member,electric_bike,95,1363.8
7,2,3,member,electric_bike,86,1372.7
7,2,3,casual,electric_bike,81,906.9
7,2,3,casual,classic_bike,30,2296.4
7,2,3,member,classic_bike,29,637.1
7,2,4,member,classic_bike,60,870.4
7,2,4,casual,electric_bike,101,1102.4
7,2,4,casual,classic_bike,23,405.0
7,2,4,member,electric_bike,124,1217.6
7,2,5,casual,classic_bike,86,2167.4
7,2,5,member,electric_bike,673,5878.4
7,2,5,member,classic_bike,394,7466.8
7,2,5,casual,electric_bike,216,1906.8
7,2,6,casual,electric_bike,600,5400.5
7,2,6,member,classic_bike,1049,19943.5
7,2,6,member,electric_bike,1984,21675.7
7,2,6,casual,classic_bike,222,4592.4
7,2,7,member,electric_bike,3754,39712.4
7,2,7,member,classic_bike,2124,31401.8
7,2,7,casual,electric_bike,1042,10133.0
7,2,7,casual,classic_bike,381,7493.1
7,2,8,member,electric_bike,4592,49416.3
7,2,8,casual,classic_bike,620,11614.7
7,2,8,member,classic_bike,2476,31427.5
7,2,8,casual,electric_bike,1347,14287.9
7,2,9,casual,electric_bike,888,11762.6
7,2,9,member,electric_bike,2181,22932.9
7,2,9,casual,classic_bike,537,17834.0
7,2,9,member,classic_bike,1270,15134.9
7,2,10,casual,classic_bike,559,21354.2
7,2,10,member,electric_bike,1385,14757.5
7,2,10,casual,electric_bike,828,12870.5
7,2,10,member,classic_bike,968,13133.5
7,2,11,member,electric_bike,1612,17871.9
7,2,11,casual,electric_bike,981,15725.5
7,2,11,member,classic_bike,1131,14232.4
7,2,11,casual,classic_bike,748,29166.4
7,2,12,casual,classic_bike,819,31451.4
7,2,12,casual,electric_bike,1299,21051.3
7,2,12,member,classic_bike,1240,15917.3
7,2,12,member,electric_bike,1825,19667.4
7,2,13,casual,electric_bike,1408,22196.2
7,2,13,casual,classic_bike,834,29983.6
7,2,13,member,electric_bike,1810,20437.0
7,2,13,member,classic_bike,1078,13282.3
7,2,14,casual,classic_bike,828,27843.5
7,2,14,member,classic_bike,1028,13681.0
7,2,14,casual,electric_bike,1448,22755.2
7,2,14,member,electric_bike,1966,23004.4
7,2,15,member,classic_bike,1405,20394.0
7,2,15,casual,classic_bike,885,26395.1
7,2,15,member,electric_bike,2851,33036.5
7,2,15,casual,electric_bike,1715,24931.8
7,2,16,member,classic_bike,2554,35905.7
7,2,16,casual,electric_bike,2713,37031.6
7,2,16,casual,classic_bike,1165,30604.7
7,2,16,member,electric_bike,5203,61083.9
7,2,17,casual,electric_bike,3356,45869.8
7,2,17,casual,classic_bike,1696,41734.3
7,2,17,member,electric_bike,6285,76504.0
7,2,17,member,classic_bike,3622,52366.3
7,2,18,member,electric_bike,4705,56146.4
7,2,18,casual,classic_bike,1572,40295.0
7,2,18,member,classic_bike,3055,47894.8
7,2,18,casual,electric_bike,3306,44677.5
7,2,19,member,classic_bike,2232,33733.3
7,2,19,casual,electric_bike,2589,36069.2
7,2,19,casual,classic_bike,1374,37948.4
7,2,19,member,electric_bike,3431,41487.3
7,2,20,member,classic_bike,1621,24961.0
7,2,20,casual,electric_bike,1954,26861.5
7,2,20,casual,classic_bike,989,21630.3
7,2,20,member,electric_bike,2653,32410.3
7,2,21,casual,classic_bike,678,13443.8
7,2,21,member,classic_bike,968,13741.4
7,2,21,member,electric_bike,2051,24750.6
7,2,21,casual,electric_bike,1782,24195.0
7,2,22,casual,electric_bike,958,13096.4
7,2,22,member,classic_bike,457,7557.9
7,2,22,casual,classic_bike,402,11633.9
7,2,22,member,electric_bike,1114,13165.1
7,2,23,casual,electric_bike,460,6249.5
7,2,23,casual,classic_bike,209,7978.3
7,2,23,member,classic_bike,207,3074.1
7,2,23,member,electric_bike,635,6985.7
7,3,0,casual,classic_bike,145,3324.4
7,3,0,member,classic_bike,102,1439.4
7,3,0,member,electric_bike,321,3349.0
7,3,0,casual,electric_bike,404,4936.8
7,3,1,casual,classic_bike,76,1545.1
7,3,1,member,classic_bike,47,1037.7
7,3,1,member,electric_bike,177,2649.0
7,3,1,casual,electric_bike,232,3391.2
7,3,2,member,electric_bike,107,1335.6
7,3,2,casual,electric_bike,165,1871.1
7,3,2,casual,classic_bike,41,1922.9
7,3,2,member,classic_bike,25,342.1
7,3,3,casual,classic_bike,33,1234.4
7,3,3,casual,electric_bike,81,1330.5
7,3,3,member,electric_bike,96,1452.8
7,3,3,member,classic_bike,25,326.7
7,3,4,member,classic_bike,58,778.8
7,3,4,casual,electric_bike,84,997.4
7,3,4,member,electric_bike,105,1154.9
7,3,4,casual,classic_bike,30,505.0
7,3,5,member,classic_bike,374,5562.4
7,3,5,casual,electric_bike,293,3159.4
7,3,5,casual,classic_bike,100,1647.2
7,3,5,member,electric_bike,639,6350.9
7,3,6,member,classic_bike,1019,13383.9
7,3,6,casual,classic_bike,200,4072.4
7,3,6,member,electric_bike,1850,20356.6
7,3,6,casual,electric_bike,646,6423.4
7,3,7,casual,electric_bike,1067,10035.5
7,3,7,member,electric_bike,3672,37247.7
7,3,7,casual,classic_bike,404,6867.7
7,3,7,member,classic_bike,2153,28672.9
7,3,8,member,electric_bike,4463,46911.8
7,3,8,member,classic_bike,2378,30481.8
7,3,8,casual,classic_bike,537,11481.3
7,3,8,casual,electric_bike,1375,14576.2
7,3,9,member,classic_bike,1312,16261.5
7,3,9,casual,classic_bike,530,16765.6
7,3,9,casual,electric_bike,863,10673.6
7,3,9,member,electric_bike,2314,24425.4
7,3,10,casual,electric_bike,853,13904.9
7,3,10,casual,classic_bike,565,17302.5
7,3,10,member,electric_bike,1454,15835.3
7,3,10,member,classic_bike,882,11508.1
7,3,11,casual,electric_bike,1078,16294.0
7,3,11,member,electric_bike,1711,18737.8
7,3,11,casual,classic_bike,696,20715.9
7,3,11,member,classic_bike,1088,13089.2
7,3,12,member,electric_bike,2072,21516.1
7,3,12,casual,classic_bike,807,24169.4
7,3,12,casual,electric_bike,1283,17972.5
7,3,12,member,classic_bike,1223,14524.2
7,3,13,casual,classic_bike,628,20048.1
7,3,13,member,electric_bike,1719,18073.2
7,3,13,member,classic_bike,985,11044.2
7,3,13,casual,electric_bike,1193,18067.7
7,3,14,member,classic_bike,912,11677.9
7,3,14,member,electric_bike,1727,19633.2
7,3,14,casual,classic_bike,715,20012.7
7,3,14,casual,electric_bike,1317,19996.7
7,3,15,member,classic_bike,1164,15118.3
7,3,15,casual,electric_bike,1575,23161.8
7,3,15,member,electric_bike,2572,28154.7
7,3,15,casual,classic_bike,760,21596.4
7,3,16,member,electric_bike,4526,55341.4
7,3,16,member,classic_bike,2227,30431.5
7,3,16,casual,classic_bike,1019,27421.2
7,3,16,casual,electric_bike,2234,31665.7
7,3,17,member,classic_bike,3267,48698.6
7,3,17,member,electric_bike,5934,74012.8
7,3,17,casual,electric_bike,3338,45199.1
7,3,17,casual,classic_bike,1574,40048.3
7,3,18,member,electric_bike,4747,56594.1
7,3,18,casual,electric_bike,3139,42142.9
7,3,18,member,classic_bike,2667,38826.3
7,3,18,casual,classic_bike,1547,42019.9
7,3,19,member,classic_bike,1977,28760.0
7,3,19,casual,electric_bike,2714,36756.5
7,3,19,member,electric_bike,3406,39268.4
7,3,19,casual,classic_bike,1207,29451.2
7,3,20,member,electric_bike,2553,30150.3
7,3,20,casual,electric_bike,2112,29479.0
7,3,20,member,classic_bike,1355,20149.4
7,3,20,casual,classic_bike,1001,25552.6
7,3,21,casual,classic_bike,830,18229.7
7,3,21,casual,electric_bike,1607,22342.0
7,3,21,member,classic_bike,950,14987.1
7,3,21,member,electric_bike,1912,22529.9
7,3,22,casual,classic_bike,534,12561.9
7,3,22,member,electric_bike,1338,16089.0
7,3,22,member,classic_bike,508,9211.4
7,3,22,casual,electric_bike,1262,16855.8
7,3,23,member,classic_bike,239,3378.6
7,3,23,member,electric_bike,668,7459.5
7,3,23,casual,electric_bike,703,8484.7
7,3,23,casual,classic_bike,243,6406.6
7,4,0,member,electric_bike,335,3974.0
7,4,0,casual,classic_bike,155,2810.8
7,4,0,member,classic_bike,97,1248.6
7,4,0,casual,electric_bike,399,4864.6
7,4,1,member,electric_bike,203,2364.4
7,4,1,member,classic_bike,40,394.1
7,4,1,casual,electric_bike,240,2607.4
7,4,1,casual,classic_bike,85,2885.4
7,4,2,casual,electric_bike,162,1711.6
7,4,2,member,classic_bike,26,257.9
7,4,2,casual,classic_bike,41,978.6
7,4,2,member,electric_bike,112,1061.6
7,4,3,member,electric_bike,112,1152.6
7,4,3,casual,electric_bike,80,869.1
7,4,3,casual,classic_bike,25,1356.9
7,4,3,member,classic_bike,10,77.5
7,4,4,casual,electric_bike,107,1057.9
7,4,4,member,electric_bike,125,1555.0
7,4,4,casual,classic_bike,26,482.3
7,4,4,member,classic_bike,69,921.3
7,4,5,member,classic_bike,314,5087.0
7,4,5,casual,electric_bike,233,2117.8
7,4,5,member,electric_bike,517,4469.4
7,4,5,casual,classic_bike,72,1990.2
7,4,6,member,classic_bike,904,13035.9
7,4,6,member,electric_bike,1734,17876.1
7,4,6,casual,classic_bike,155,3821.1
7,4,6,casual,electric_bike,616,5906.8
7,4,7,casual,electric_bike,1047,10373.1
7,4,7,casual,classic_bike,343,7632.3
7,4,7,member,classic_bike,1840,26246.0
7,4,7,member,electric_bike,3259,34013.9
7,4,8,casual,electric_bike,1393,14179.8
7,4,8,casual,classic_bike,503,11199.1
7,4,8,member,electric_bike,4121,41732.2
7,4,8,member,classic_bike,2180,27325.6
7,4,9,member,classic_bike,1250,14650.9
7,4,9,casual,electric_bike,1034,13070.1
7,4,9,member,electric_bike,2333,24050.4
7,4,9,casual,classic_bike,540,17963.3
7,4,10,member,electric_bike,1578,17073.9
7,4,10,member,classic_bike,945,12429.7
7,4,10,casual,classic_bike,577,21578.4
7,4,10,casual,electric_bike,977,14912.0
7,4,11,member,electric_bike,1882,20840.6
7,4,11,casual,electric_bike,1298,20043.6
7,4,11,casual,classic_bike,754,26963.6
7,4,11,member,classic_bike,1096,14310.4
7,4,12,member,electric_bike,2185,22534.6
7,4,12,member,classic_bike,1259,15872.2
7,4,12,casual,electric_bike,1596,23604.2
7,4,12,casual,classic_bike,833,26686.6
7,4,13,member,electric_bike,2148,23346.9
7,4,13,member,classic_bike,1212,15005.9
7,4,13,casual,classic_bike,882,29702.6
7,4,13,casual,electric_bike,1675,25712.5
7,4,14,member,electric_bike,2342,27179.6
7,4,14,member,classic_bike,1220,16074.3
7,4,14,casual,electric_bike,1880,30206.7
7,4,14,casual,classic_bike,895,26267.0
7,4,15,member,electric_bike,2848,32385.4
7,4,15,casual,classic_bike,898,28537.1
7,4,15,casual,electric_bike,2011,31935.2
7,4,15,member,classic_bike,1355,17760.4
7,4,16,member,electric_bike,4609,55730.7
7,4,16,casual,classic_bike,1104,27995.7
7,4,16,member,classic_bike,2209,30737.5
7,4,16,casual,electric_bike,2595,38588.2
7,4,17,member,classic_bike,3135,45195.6
7,4,17,member,electric_bike,5669,70767.8
7,4,17,casual,electric_bike,3479,49001.4
7,4,17,casual,classic_bike,1558,39683.3
7,4,18,casual,classic_bike,1456,38593.1
7,4,18,member,classic_bike,2413,36734.2
7,4,18,casual,electric_bike,3017,40860.6
7,4,18,member,electric_bike,4414,52990.9
7,4,19,casual,electric_bike,2369,30446.6
7,4,19,member,electric_bike,3216,36842.2
7,4,19,casual,classic_bike,1097,28218.3
7,4,19,member,classic_bike,1642,24277.3
7,4,20,member,classic_bike,1187,19415.3
7,4,20,member,electric_bike,2109,26646.8
7,4,20,casual,classic_bike,790,20056.9
7,4,20,casual,electric_bike,1643,22161.1
7,4,21,casual,classic_bike,548,11029.3
7,4,21,member,electric_bike,1895,22766.1
7,4,21,casual,electric_bike,1533,19532.9
7,4,21,member,classic_bike,801,12455.6
7,4,22,member,classic_bike,542,8405.7
7,4,22,member,electric_bike,1425,16913.9
7,4,22,casual,classic_bike,586,14131.7
7,4,22,casual,electric_bike,1473,20725.0
7,4,23,casual,electric_bike,733,9183.4
7,4,23,member,electric_bike,794,9121.9
7,4,23,member,classic_bike,243,4257.5
7,4,23,casual,classic_bike,276,6382.7
7,5,0,member,electric_bike,378,4056.4
7,5,0,casual,electric_bike,476,5461.3
7,5,0,casual,classic_bike,177,5620.7
7,5,0,member,classic_bike,114,1515.3
7,5,1,casual,electric_bike,324,3722.7
7,5,1,casual,classic_bike,105,1813.9
7,5,1,member,classic_bike,64,632.7
7,5,1,member,electric_bike,223,2268.1
7,5,2,casual,electric_bike,222,2686.5
7,5,2,member,electric_bike,135,1285.2
7,5,2,member,classic_bike,35,504.8
7,5,2,casual,classic_bike,73,1533.6
7,5,3,member,classic_bike,31,414.8
7,5,3,casual,classic_bike,36,492.8
7,5,3,member,electric_bike,115,1812.8
7,5,3,casual,electric_bike,116,1451.0
7,5,4,casual,classic_bike,29,540.4
7,5,4,member,classic_bike,58,653.6
7,5,4,member,electric_bike,79,892.6
7,5,4,casual,electric_bike,98,1097.7
7,5,5,casual,electric_bike,201,2837.6
7,5,5,casual,classic_bike,71,1546.7
7,5,5,member,classic_bike,162,3920.1
7,5,5,member,electric_bike,372,3639.9
7,5,6,casual,classic_bike,126,2819.3
7,5,6,member,classic_bike,426,9066.6
7,5,6,member,electric_bike,894,10224.4
7,5,6,casual,electric_bike,342,3661.8
7,5,7,casual,electric_bike,576,6451.2
7,5,7,casual,classic_bike,247,7653.9
7,5,7,member,classic_bike,900,10905.2
7,5,7,member,electric_bike,1482,15396.8
7,5,8,member,electric_bike,1948,20509.2
7,5,8,member,classic_bike,1088,13992.9
7,5,8,casual,electric_bike,782,10801.1
7,5,8,casual,classic_bike,343,10210.1
7,5,9,member,electric_bike,1375,14121.6
7,5,9,member,classic_bike,798,10222.8
7,5,9,casual,electric_bike,749,10987.3
7,5,9,casual,classic_bike,443,18841.1
7,5,10,casual,electric_bike,857,15766.9
7,5,10,member,electric_bike,1070,11660.6
7,5,10,casual,classic_bike,485,20131.7
7,5,10,member,classic_bike,673,9806.5
7,5,11,casual,electric_bike,1268,23143.5
7,5,11,casual,classic_bike,706,28437.9
7,5,11,member,electric_bike,1478,17277.2
7,5,11,member,classic_bike,830,11640.7
7,5,12,casual,classic_bike,931,34814.0
7,5,12,member,classic_bike,1030,14631.0
7,5,12,casual,electric_bike,1866,32694.5
7,5,12,member,electric_bike,1857,22458.6
7,5,13,casual,classic_bike,1038,35342.7
7,5,13,member,electric_bike,1822,21391.1
7,5,13,member,classic_bike,1064,17413.2
7,5,13,casual,electric_bike,1864,32708.6
7,5,14,member,electric_bike,1842,23441.8
7,5,14,casual,electric_bike,1956,35714.7
7,5,14,member,classic_bike,1013,17495.7
7,5,14,casual,classic_bike,1042,45814.7
7,5,15,member,classic_bike,1189,20518.7
7,5,15,casual,electric_bike,2400,40557.7
7,5,15,member,electric_bike,2330,29040.3
7,5,15,casual,classic_bike,1266,41045.4
7,5,16,casual,classic_bike,1376,45991.7
7,5,16,member,electric_bike,3237,40982.8
7,5,16,casual,electric_bike,2922,47921.3
7,5,16,member,classic_bike,1657,25496.0
7,5,17,member,electric_bike,3524,46497.3
7,5,17,casual,classic_bike,1568,55373.5
7,5,17,casual,electric_bike,3215,50827.1
7,5,17,member,classic_bike,1737,26722.9
7,5,18,casual,classic_bike,1482,43708.0
7,5,18,member,electric_bike,3124,40464.2
7,5,18,member,classic_bike,1562,25392.8
7,5,18,casual,electric_bike,2990,47285.3
7,5,19,member,classic_bike,1244,21950.2
7,5,19,member,electric_bike,2316,29648.7
7,5,19,casual,electric_bike,2429,38467.2
7,5,19,casual,classic_bike,1262,41517.1
7,5,20,member,classic_bike,888,17005.1
7,5,20,casual,classic_bike,929,24952.9
7,5,20,member,electric_bike,1852,23304.4
7,5,20,casual,electric_bike,1924,28179.8
7,5,21,member,classic_bike,632,11874.3
7,5,21,casual,electric_bike,1643,24505.9
7,5,21,casual,classic_bike,686,20459.6
7,5,21,member,electric_bike,1504,18684.8
7,5,22,casual,electric_bike,1404,21208.8
7,5,22,member,electric_bike,1172,14606.5
7,5,22,casual,classic_bike,587,15790.5
7,5,22,member,classic_bike,491,7581.0
7,5,23,member,electric_bike,986,11727.7
7,5,23,member,classic_bike,362,5583.0
7,5,23,casual,electric_bike,1230,17224.4
7,5,23,casual,classic_bike,531,14080.6
7,6,0,member,classic_bike,216,3671.8
7,6,0,member,electric_bike,675,7416.3
7,6,0,casual,electric_bike,979,13135.7
7,6,0,casual,classic_bike,405,11256.7
7,6,1,member,classic_bike,129,1629.1
7,6,1,member,electric_bike,501,4684.1
7,6,1,casual,electric_bike,714,10009.7
7,6,1,casual,classic_bike,256,9445.8
7,6,2,casual,classic_bike,153,4032.3
7,6,2,casual,electric_bike,526,7173.4
7,6,2,member,electric_bike,329,3813.6
7,6,2,member,classic_bike,105,1821.0
7,6,3,member,classic_bike,43,1405.2
7,6,3,member,electric_bike,201,2296.8
7,6,3,casual,classic_bike,96,2984.6
7,6,3,casual,electric_bike,298,4152.9
7,6,4,member,classic_bike,25,245.0
7,6,4,casual,classic_bike,35,2523.2
7,6,4,member,electric_bike,127,1397.8
7,6,4,casual,electric_bike,142,2059.1
7,6,5,casual,electric_bike,173,2163.1
7,6,5,member,electric_bike,200,2487.1
7,6,5,member,classic_bike,101,1933.4
7,6,5,casual,classic_bike,62,1965.7
7,6,6,member,electric_bike,530,7630.4
7,6,6,casual,electric_bike,323,4472.7
7,6,6,casual,classic_bike,107,4586.4
7,6,6,member,classic_bike,229,2914.6
7,6,7,casual,electric_bike,457,7054.5
7,6,7,member,classic_bike,417,6332.6
7,6,7,casual,classic_bike,258,9776.4
7,6,7,member,electric_bike,683,7019.4
7,6,8,member,classic_bike,736,10747.3
7,6,8,member,electric_bike,1140,13804.1
7,6,8,casual,electric_bike,865,13899.4
7,6,8,casual,classic_bike,483,17651.2
7,6,9,casual,classic_bike,839,33446.1
7,6,9,member,electric_bike,1562,18004.2
7,6,9,member,classic_bike,959,13560.0
7,6,9,casual,electric_bike,1383,25598.2
7,6,10,casual,classic_bike,1213,45003.1
7,6,10,casual,electric_bike,1817,33389.9
7,6,10,member,classic_bike,1191,17955.0
7,6,10,member,electric_bike,1846,22143.9
7,6,11,member,electric_bike,2076,25293.5
7,6,11,casual,electric_bike,2098,39345.0
7,6,11,casual,classic_bike,1335,42588.9
7,6,11,member,classic_bike,1162,17813.7
7,6,12,casual,classic_bike,1363,42782.9
7,6,12,casual,electric_bike,2150,39522.4
7,6,12,member,classic_bike,1025,15331.1
7,6,12,member,electric_bike,1833,23094.9
7,6,13,member,electric_bike,1979,26294.9
7,6,13,member,classic_bike,1098,19088.4
7,6,13,casual,electric_bike,2342,46758.9
7,6,13,casual,classic_bike,1486,52776.2
7,6,14,casual,classic_bike,1678,58191.8
7,6,14,member,electric_bike,2074,27633.7
7,6,14,member,classic_bike,1170,17937.4
7,6,14,casual,electric_bike,2623,46746.7
7,6,15,casual,classic_bike,1642,51111.6
7,6,15,member,electric_bike,2263,30947.1
7,6,15,casual,electric_bike,2900,52015.7
7,6,15,member,classic_bike,1149,17439.3
7,6,16,member,classic_bike,1270,23943.4
7,6,16,member,electric_bike,2342,31544.9
7,6,16,casual,classic_bike,1626,56348.0
7,6,16,casual,electric_bike,3006,52272.7
7,6,17,member,classic_bike,1138,18265.3
7,6,17,casual,electric_bike,2945,50776.2
7,6,17,casual,classic_bike,1576,60032.5
7,6,17,member,electric_bike,2400,32237.1
7,6,18,casual,electric_bike,2759,45521.4
7,6,18,member,electric_bike,2360,32702.4
7,6,18,casual,classic_bike,1478,49155.3
7,6,18,member,classic_bike,1209,19445.1
7,6,19,member,classic_bike,1006,18565.4
7,6,19,casual,electric_bike,2476,43077.4
7,6,19,casual,classic_bike,1406,46807.7
7,6,19,member,electric_bike,1941,26665.4
7,6,20,member,electric_bike,1664,21954.5
7,6,20,casual,classic_bike,1070,36670.5
7,6,20,member,classic_bike,790,14304.2
7,6,20,casual,electric_bike,2052,33356.4
7,6,21,member,classic_bike,656,13846.8
7,6,21,casual,classic_bike,1051,34118.3
7,6,21,member,electric_bike,1530,21250.9
7,6,21,casual,electric_bike,2221,36394.7
7,6,22,casual,electric_bike,1910,29738.7
7,6,22,member,classic_bike,592,12546.4
7,6,22,casual,classic_bike,1008,25684.2
7,6,22,member,electric_bike,1424,19161.9
7,6,23,casual,electric_bike,1350,20511.8
7,6,23,member,classic_bike,428,6018.3
7,6,23,casual,classic_bike,662,20839.8
7,6,23,member,electric_bike,1035,12917.5
7,7,0,casual,electric_bike,1261,18001.0
7,7,0,member,classic_bike,286,3827.7
7,7,0,casual,classic_bike,626,17049.6
7,7,0,member,electric_bike,893,9651.0
7,7,1,member,electric_bike,599,6435.4
7,7,1,casual,electric_bike,916,12161.4
7,7,1,member,classic_bike,189,2294.4
7,7,1,casual,classic_bike,341,10289.6
7,7,2,casual,electric_bike,697,10255.6
7,7,2,casual,classic_bike,217,6860.8
7,7,2,member,electric_bike,393,3914.8
7,7,2,member,classic_bike,104,1981.1
7,7,3,member,electric_bike,244,2481.2
7,7,3,casual,electric_bike,360,4463.4
7,7,3,member,classic_bike,71,933.9
7,7,3,casual,classic_bike,132,2850.2
7,7,4,member,classic_bike,48,672.8
7,7,4,casual,electric_bike,195,2210.2
7,7,4,casual,classic_bike,63,1852.1
7,7,4,member,electric_bike,154,1703.0
7,7,5,casual,electric_bike,165,2340.4
7,7,5,casual,classic_bike,58,3244.9
7,7,5,member,classic_bike,73,1865.3
7,7,5,member,electric_bike,131,2016.5
7,7,6,casual,electric_bike,207,2454.7
7,7,6,member,electric_bike,302,5304.5
7,7,6,member,classic_bike,165,2882.3
7,7,6,casual,classic_bike,87,3338.4
7,7,7,member,electric_bike,468,5106.7
7,7,7,casual,classic_bike,162,6945.9
7,7,7,casual,electric_bike,298,4516.3
7,7,7,member,classic_bike,364,5765.2
7,7,8,casual,electric_bike,556,8461.8
7,7,8,member,classic_bike,549,8906.6
7,7,8,member,electric_bike,783,7997.2
7,7,8,casual,classic_bike,345,11999.2
7,7,9,member,classic_bike,886,12741.4
7,7,9,member,electric_bike,1211,13879.7
7,7,9,casual,classic_bike,598,21878.3
7,7,9,casual,electric_bike,992,16459.3
7,7,10,casual,electric_bike,1334,24648.9
7,7,10,member,classic_bike,1108,17201.9
7,7,10,casual,classic_bike,886,31095.9
7,7,10,member,electric_bike,1553,17942.1
7,7,11,member,electric_bike,1989,24983.7
7,7,11,casual,electric_bike,1928,35071.0
7,7,11,casual,classic_bike,1272,45177.5
7,7,11,member,classic_bike,1220,21863.5
7,7,12,member,electric_bike,2242,29593.1
7,7,12,casual,electric_bike,2274,44244.7
7,7,12,member,classic_bike,1317,22775.8
7,7,12,casual,classic_bike,1514,54566.8
7,7,13,casual,electric_bike,2463,49337.9
7,7,13,member,classic_bike,1367,22954.7
7,7,13,member,electric_bike,2192,29624.2
7,7,13,casual,classic_bike,1647,56056.1
7,7,14,casual,electric_bike,2484,47211.4
7,7,14,member,classic_bike,1334,23981.1
7,7,14,casual,classic_bike,1552,55455.9
7,7,14,member,electric_bike,2223,29857.7
7,7,15,casual,classic_bike,1576,51830.5
7,7,15,member,electric_bike,2167,29921.6
7,7,15,member,classic_bike,1246,18569.7
7,7,15,casual,electric_bike,2603,48781.1
7,7,16,casual,classic_bike,1372,40858.3
7,7,16,member,electric_bike,2099,28142.1
7,7,16,casual,electric_bike,2411,41048.5
7,7,16,member,classic_bike,1314,21428.9
7,7,17,casual,electric_bike,1992,35346.4
7,7,17,member,classic_bike,1159,18685.0
7,7,17,casual,classic_bike,1191,34540.8
7,7,17,member,electric_bike,1937,25671.6
7,7,18,casual,classic_bike,1127,37924.5
7,7,18,casual,electric_bike,1813,31478.9
7,7,18,member,classic_bike,1202,17970.6
7,7,18,member,electric_bike,1874,24100.6
7,7,19,casual,electric_bike,1639,28670.3
7,7,19,member,electric_bike,1571,21106.4
7,7,19,casual,classic_bike,962,29642.6
7,7,19,member,classic_bike,1041,17066.3
7,7,20,member,electric_bike,1352,17144.9
7,7,20,member,classic_bike,797,13217.4
7,7,20,casual,classic_bike,751,20946.0
7,7,20,casual,electric_bike,1255,20561.3
7,7,21,member,classic_bike,503,12933.5
7,7,21,casual,electric_bike,982,15264.0
7,7,21,casual,classic_bike,445,12761.7
7,7,21,member,electric_bike,1013,12873.7
7,7,22,casual,electric_bike,710,11353.6
7,7,22,member,classic_bike,270,3831.6
7,7,22,member,electric_bike,743,9022.1
7,7,22,casual,classic_bike,255,4990.1
7,7,23,casual,classic_bike,207,5877.8
7,7,23,member,classic_bike,166,2103.4
7,7,23,member,electric_bike,478,5694.7
7,7,23,casual,electric_bike,452,6218.7
8,1,0,member,electric_bike,272,2763.9
8,1,0,casual,classic_bike,128,4306.2
8,1,0,casual,electric_bike,383,4895.5
8,1,0,member,classic_bike,69,850.7
8,1,1,member,electric_bike,150,1486.6
8,1,1,casual,electric_bike,282,3662.9
8,1,1,casual,classic_bike,101,3379.5
8,1,1,member,classic_bike,45,773.5
8,1,2,casual,electric_bike,188,2941.6
8,1,2,casual,classic_bike,46,718.9
8,1,2,member,electric_bike,91,976.8
8,1,2,member,classic_bike,13,120.3
8,1,3,casual,classic_bike,20,547.2
8,1,3,casual,electric_bike,110,1619.3
8,1,3,member,electric_bike,63,796.1
8,1,3,member,classic_bike,12,239.9
8,1,4,casual,electric_bike,100,982.5
8,1,4,member,classic_bike,41,536.0
8,1,4,casual,classic_bike,25,460.7
8,1,4,member,electric_bike,94,1544.0
8,1,5,casual,classic_bike,62,1663.5
8,1,5,member,classic_bike,234,2852.9
8,1,5,member,electric_bike,395,3450.4
8,1,5,casual,electric_bike,151,1289.6
8,1,6,casual,classic_bike,135,2591.7
8,1,6,member,classic_bike,715,7648.5
8,1,6,casual,electric_bike,411,3915.2
8,1,6,member,electric_bike,1300,12563.6
8,1,7,member,electric_bike,2399,24449.0
8,1,7,member,classic_bike,1524,18924.4
8,1,7,casual,classic_bike,212,4391.7
8,1,7,casual,electric_bike,652,6690.0
8,1,8,member,electric_bike,2796,29467.3
8,1,8,casual,electric_bike,822,8541.0
8,1,8,member,classic_bike,1741,19485.7
8,1,8,casual,classic_bike,361,8476.1
8,1,9,member,classic_bike,997,11758.1
8,1,9,casual,electric_bike,610,9164.4
8,1,9,member,electric_bike,1394,13870.8
8,1,9,casual,classic_bike,371,11810.7
8,1,10,member,classic_bike,652,8595.5
8,1,10,casual,classic_bike,382,16416.2
8,1,10,member,electric_bike,898,9183.6
8,1,10,casual,electric_bike,564,8771.6
8,1,11,member,classic_bike,887,9991.3
8,1,11,member,electric_bike,1195,15652.8
8,1,11,casual,electric_bike,775,14941.7
8,1,11,casual,classic_bike,586,23286.4
8,1,12,casual,classic_bike,613,19364.8
8,1,12,member,electric_bike,1512,16604.8
8,1,12,casual,electric_bike,1039,16773.1
8,1,12,member,classic_bike,993,13083.7
8,1,13,casual,electric_bike,1122,20490.5
8,1,13,member,classic_bike,860,10772.0
8,1,13,casual,classic_bike,671,22741.5
8,1,13,member,electric_bike,1481,15718.2
8,1,14,member,electric_bike,1475,16651.2
8,1,14,casual,classic_bike,722,24976.3
8,1,14,member,classic_bike,883,11954.1
8,1,14,casual,electric_bike,1193,20783.8
8,1,15,casual,classic_bike,688,23623.6
8,1,15,member,electric_bike,2081,24204.3
8,1,15,casual,electric_bike,1315,21593.0
8,1,15,member,classic_bike,1242,16072.3
8,1,16,casual,electric_bike,1786,25596.9
8,1,16,member,classic_bike,1961,26485.3
8,1,16,member,electric_bike,3562,41199.8
8,1,16,casual,classic_bike,893,27690.3
8,1,17,casual,electric_bike,2275,31233.1
8,1,17,member,electric_bike,4555,53017.9
8,1,17,casual,classic_bike,1070,24991.7
8,1,17,member,classic_bike,2676,39171.8
8,1,18,member,classic_bike,1768,24825.9
8,1,18,casual,classic_bike,883,20548.0
8,1,18,casual,electric_bike,1594,21287.1
8,1,18,member,electric_bike,2800,33564.5
8,1,19,casual,electric_bike,1175,16431.0
8,1,19,member,classic_bike,1387,19259.8
8,1,19,member,electric_bike,1906,21680.9
8,1,19,casual,classic_bike,708,18202.8
8,1,20,member,classic_bike,862,11005.0
8,1,20,casual,classic_bike,385,12528.4
8,1,20,casual,electric_bike,863,11636.3
8,1,20,member,electric_bike,1444,15781.0
8,1,21,casual,classic_bike,218,4276.4
8,1,21,casual,electric_bike,607,9177.2
8,1,21,member,electric_bike,887,9884.3
8,1,21,member,classic_bike,426,5585.8
8,1,22,casual,electric_bike,380,5256.8
8,1,22,member,classic_bike,187,2508.0
8,1,22,member,electric_bike,469,4939.0
8,1,22,casual,classic_bike,162,3471.0
8,1,23,casual,electric_bike,217,2461.3
8,1,23,member,classic_bike,93,1318.8
8,1,23,casual,classic_bike,72,2593.0
8,1,23,member,electric_bike,256,2613.5
8,2,0,member,classic_bike,49,566.3
8,2,0,member,electric_bike,141,1547.1
8,2,0,casual,electric_bike,218,2952.1
8,2,0,casual,classic_bike,81,4834.8
8,2,1,member,electric_bike,91,937.5
8,2,1,casual,electric_bike,151,2117.6
8,2,1,casual,classic_bike,26,454.7
8,2,1,member,classic_bike,21,155.2
8,2,2,casual,classic_bike,13,248.0
8,2,2,member,electric_bike,48,730.7
8,2,2,casual,electric_bike,117,1495.1
8,2,2,member,classic_bike,17,257.8
8,2,3,member,classic_bike,15,181.6
8,2,3,member,electric_bike,50,390.0
8,2,3,casual,classic_bike,12,131.9
8,2,3,casual,electric_bike,58,763.4
8,2,4,member,electric_bike,85,807.4
8,2,4,member,classic_bike,43,604.5
8,2,4,casual,electric_bike,55,467.4
8,2,4,casual,classic_bike,11,176.4
8,2,5,casual,classic_bike,51,1039.4
8,2,5,member,classic_bike,252,3370.5
8,2,5,casual,electric_bike,139,1216.8
8,2,5,member,electric_bike,458,3812.8
8,2,6,casual,classic_bike,130,2359.7
8,2,6,member,classic_bike,750,9338.0
8,2,6,casual,electric_bike,441,4541.5
8,2,6,member,electric_bike,1565,15610.4
8,2,7,member,electric_bike,2936,30177.3
8,2,7,casual,electric_bike,721,7137.7
8,2,7,member,classic_bike,1659,19262.3
8,2,7,casual,classic_bike,255,4331.1
8,2,8,member,electric_bike,3512,37334.9
8,2,8,member,classic_bike,1993,23612.3
8,2,8,casual,classic_bike,376,8713.3
8,2,8,casual,electric_bike,904,8741.8
8,2,9,member,electric_bike,1605,15956.1
8,2,9,casual,electric_bike,575,7080.3
8,2,9,member,classic_bike,1012,11609.0
8,2,9,casual,classic_bike,369,10372.6
8,2,10,member,classic_bike,706,8710.2
8,2,10,member,electric_bike,1099,11577.0
8,2,10,casual,electric_bike,613,10521.5
8,2,10,casual,classic_bike,409,15214.8
8,2,11,casual,electric_bike,726,13262.4
8,2,11,member,classic_bike,973,11504.5
8,2,11,casual,classic_bike,530,19976.8
8,2,11,member,electric_bike,1262,14092.1
8,2,12,casual,classic_bike,533,17040.3
8,2,12,member,electric_bike,1533,15846.4
8,2,12,member,classic_bike,1009,12280.3
8,2,12,casual,electric_bike,918,13903.8
8,2,13,member,electric_bike,1419,15704.9
8,2,13,casual,classic_bike,550,18345.9
8,2,13,casual,electric_bike,957,15245.8
8,2,13,member,classic_bike,931,11225.8
8,2,14,casual,classic_bike,500,16231.9
8,2,14,member,electric_bike,1375,15290.7
8,2,14,casual,electric_bike,965,15084.2
8,2,14,member,classic_bike,812,10188.1
8,2,15,casual,electric_bike,1114,14606.5
8,2,15,member,electric_bike,2163,24707.9
8,2,15,member,classic_bike,1013,14839.5
8,2,15,casual,classic_bike,591,17511.8
8,2,16,member,classic_bike,1858,25419.8
8,2,16,casual,electric_bike,1569,20500.0
8,2,16,casual,classic_bike,665,16558.2
8,2,16,member,electric_bike,3672,45106.0
8,2,17,member,classic_bike,2437,38340.6
8,2,17,casual,electric_bike,2059,28191.1
8,2,17,casual,classic_bike,947,22482.9
8,2,17,member,electric_bike,4406,54440.3
8,2,18,member,classic_bike,2087,30046.4
8,2,18,casual,electric_bike,1834,24314.3
8,2,18,casual,classic_bike,891,20848.2
8,2,18,member,electric_bike,3290,39439.6
8,2,19,member,electric_bike,2393,27277.5
8,2,19,member,classic_bike,1546,23827.9
8,2,19,casual,classic_bike,694,17516.7
8,2,19,casual,electric_bike,1448,19559.3
8,2,20,member,classic_bike,1096,15231.3
8,2,20,casual,electric_bike,1033,12612.3
8,2,20,member,electric_bike,1693,19478.4
8,2,20,casual,classic_bike,514,13586.8
8,2,21,member,classic_bike,685,9517.1
8,2,21,casual,electric_bike,1104,14679.2
8,2,21,member,electric_bike,1448,16720.1
8,2,21,casual,classic_bike,421,8965.2
8,2,22,member,electric_bike,945,10631.4
8,2,22,member,classic_bike,410,5743.1
8,2,22,casual,classic_bike,279,5193.6
8,2,22,casual,electric_bike,745,9432.9
8,2,23,casual,classic_bike,135,3098.9
8,2,23,casual,electric_bike,386,4494.4
8,2,23,member,classic_bike,181,2270.7
8,2,23,member,electric_bike,441,4702.8
8,3,0,member,classic_bike,83,1099.2
8,3,0,casual,electric_bike,250,2795.1
8,3,0,casual,classic_bike,82,2954.1
8,3,0,member,electric_bike,263,2703.5
8,3,1,casual,classic_bike,54,2662.7
8,3,1,casual,electric_bike,167,1773.9
8,3,1,member,electric_bike,130,1641.9
8,3,1,member,classic_bike,38,502.8
8,3,2,member,electric_bike,62,783.3
8,3,2,casual,classic_bike,27,417.6
8,3,2,member,classic_bike,23,267.7
8,3,2,casual,electric_bike,105,1229.3
8,3,3,casual,classic_bike,21,305.9
8,3,3,member,classic_bike,15,198.9
8,3,3,casual,electric_bike,55,788.9
8,3,3,member,electric_bike,50,941.8
8,3,4,member,classic_bike,30,429.8
8,3,4,casual,classic_bike,10,83.9
8,3,4,member,electric_bike,78,905.2
8,3,4,casual,electric_bike,92,948.2
8,3,5,casual,classic_bike,72,1874.6
8,3,5,casual,electric_bike,182,1683.7
8,3,5,member,classic_bike,306,3788.0
8,3,5,member,electric_bike,427,4008.4
8,3,6,casual,electric_bike,438,4079.1
8,3,6,member,electric_bike,1522,15150.2
8,3,6,member,classic_bike,844,10961.8
8,3,6,casual,classic_bike,152,2580.5
8,3,7,member,classic_bike,1788,21686.6
8,3,7,casual,electric_bike,825,7954.1
8,3,7,casual,classic_bike,310,5142.5
8,3,7,member,electric_bike,3018,32300.9
8,3,8,member,classic_bike,1998,22977.7
8,3,8,casual,classic_bike,443,9858.1
8,3,8,casual,electric_bike,1040,10914.4
8,3,8,member,electric_bike,3682,39969.6
8,3,9,member,classic_bike,1071,13649.5
8,3,9,member,electric_bike,1760,18640.6
8,3,9,casual,classic_bike,424,11383.1
8,3,9,casual,electric_bike,638,7858.8
8,3,10,member,electric_bike,1119,12217.7
8,3,10,casual,classic_bike,430,13872.9
8,3,10,member,classic_bike,786,9955.2
8,3,10,casual,electric_bike,636,10105.8
8,3,11,casual,classic_bike,541,19649.7
8,3,11,casual,electric_bike,799,13881.7
8,3,11,member,electric_bike,1340,16540.8
8,3,11,member,classic_bike,914,11278.0
8,3,12,member,classic_bike,1094,13248.9
8,3,12,member,electric_bike,1590,17447.8
8,3,12,casual,electric_bike,1028,16339.6
8,3,12,casual,classic_bike,566,17869.3
8,3,13,casual,electric_bike,1005,17018.5
8,3,13,casual,classic_bike,560,18319.3
8,3,13,member,electric_bike,1601,17260.8
8,3,13,member,classic_bike,922,11844.7
8,3,14,member,electric_bike,1649,18861.2
8,3,14,casual,classic_bike,652,23407.1
8,3,14,member,classic_bike,950,12776.0
8,3,14,casual,electric_bike,1070,17831.8
8,3,15,member,electric_bike,2438,28915.0
8,3,15,member,classic_bike,1331,19223.8
8,3,15,casual,electric_bike,1485,22851.6
8,3,15,casual,classic_bike,705,20511.4
8,3,16,member,classic_bike,2171,30679.0
8,3,16,member,electric_bike,4439,55304.9
8,3,16,casual,classic_bike,942,23599.2
8,3,16,casual,electric_bike,2007,28401.9
8,3,17,casual,electric_bike,2837,39697.1
8,3,17,member,classic_bike,3108,46095.2
8,3,17,casual,classic_bike,1321,31716.3
8,3,17,member,electric_bike,5382,69927.1
8,3,18,casual,electric_bike,2464,34194.7
8,3,18,casual,classic_bike,1217,28751.1
8,3,18,member,classic_bike,2547,35427.6
8,3,18,member,electric_bike,3851,48183.4
8,3,19,casual,classic_bike,994,25004.2
8,3,19,member,classic_bike,1787,26843.5
8,3,19,casual,electric_bike,2049,28095.0
8,3,19,member,electric_bike,2828,35373.3
8,3,20,casual,electric_bike,1469,19580.3
8,3,20,member,electric_bike,2094,25567.8
8,3,20,member,classic_bike,1197,17947.6
8,3,20,casual,classic_bike,732,17451.4
8,3,21,casual,electric_bike,1420,18053.0
8,3,21,member,classic_bike,852,12220.6
8,3,21,member,electric_bike,1721,21192.2
8,3,21,casual,classic_bike,690,14595.3
8,3,22,casual,electric_bike,987,12484.2
8,3,22,member,classic_bike,479,7996.9
8,3,22,member,electric_bike,1152,14754.5
8,3,22,casual,classic_bike,393,12610.6
8,3,23,member,classic_bike,240,3611.2
8,3,23,casual,electric_bike,518,6547.9
8,3,23,member,electric_bike,604,7294.3
8,3,23,casual,classic_bike,221,6065.6
8,4,0,member,classic_bike,77,1110.7
8,4,0,member,electric_bike,281,2917.6
8,4,0,casual,electric_bike,368,4592.3
8,4,0,casual,classic_bike,116,2632.3
8,4,1,member,classic_bike,42,621.7
8,4,1,casual,electric_bike,223,3474.7
8,4,1,casual,classic_bike,48,1008.1
8,4,1,member,electric_bike,144,1706.7
8,4,2,member,classic_bike,29,386.4
8,4,2,casual,electric_bike,127,1387.6
8,4,2,casual,classic_bike,32,684.4
8,4,2,member,electric_bike,89,1455.2
8,4,3,casual,electric_bike,79,824.8
8,4,3,casual,classic_bike,19,556.0
8,4,3,member,electric_bike,43,376.0
8,4,3,member,classic_bike,18,303.8
8,4,4,member,electric_bike,93,968.2
8,4,4,casual,electric_bike,85,922.2
8,4,4,casual,classic_bike,17,221.8
8,4,4,member,classic_bike,45,629.8
8,4,5,member,electric_bike,370,3370.3
8,4,5,casual,classic_bike,80,1326.7
8,4,5,casual,electric_bike,164,1587.5
8,4,5,member,classic_bike,202,2637.4
8,4,6,member,classic_bike,706,8505.3
8,4,6,casual,electric_bike,419,3688.4
8,4,6,casual,classic_bike,130,2133.3
8,4,6,member,electric_bike,1392,13508.1
8,4,7,casual,electric_bike,760,7665.4
8,4,7,casual,classic_bike,272,5289.0
8,4,7,member,classic_bike,1568,18782.7
8,4,7,member,electric_bike,2740,29663.2
8,4,8,member,classic_bike,1864,20921.4
8,4,8,member,electric_bike,3577,37986.7
8,4,8,casual,classic_bike,401,8695.3
8,4,8,casual,electric_bike,983,10807.5
8,4,9,casual,classic_bike,395,11594.8
8,4,9,member,classic_bike,1068,12094.2
8,4,9,member,electric_bike,1778,18680.8
8,4,9,casual,electric_bike,682,8629.4
8,4,10,casual,electric_bike,717,12467.2
8,4,10,member,classic_bike,855,10792.1
8,4,10,member,electric_bike,1188,13498.8
8,4,10,casual,classic_bike,549,24252.7
8,4,11,casual,electric_bike,920,16718.4
8,4,11,casual,classic_bike,600,22398.5
8,4,11,member,electric_bike,1437,15704.0
8,4,11,member,classic_bike,971,11956.4
8,4,12,member,classic_bike,1023,13241.5
8,4,12,casual,electric_bike,1199,19367.1
8,4,12,casual,classic_bike,704,22529.0
8,4,12,member,electric_bike,1797,19948.5
8,4,13,member,electric_bike,1568,17111.4
8,4,13,member,classic_bike,936,11202.8
8,4,13,casual,electric_bike,1187,20013.6
8,4,13,casual,classic_bike,674,20990.2
8,4,14,casual,classic_bike,707,23479.5
8,4,14,member,classic_bike,854,11941.2
8,4,14,casual,electric_bike,1328,20870.7
8,4,14,member,electric_bike,1771,21592.4
8,4,15,casual,electric_bike,1729,25695.7
8,4,15,member,electric_bike,2496,29481.6
8,4,15,casual,classic_bike,814,23338.0
8,4,15,member,classic_bike,1245,18794.6
8,4,16,member,classic_bike,2221,31904.2
8,4,16,casual,electric_bike,2252,33400.0
8,4,16,member,electric_bike,4341,54298.8
8,4,16,casual,classic_bike,979,26622.2
8,4,17,member,classic_bike,2860,41676.1
8,4,17,casual,classic_bike,1295,34677.0
8,4,17,casual,electric_bike,2888,41949.8
8,4,17,member,electric_bike,5211,68894.1
8,4,18,member,electric_bike,3930,49722.5
8,4,18,casual,classic_bike,1364,39809.4
8,4,18,casual,electric_bike,2592,35320.0
8,4,18,member,classic_bike,2293,33092.7
8,4,19,casual,classic_bike,993,27574.6
8,4,19,casual,electric_bike,1988,27870.9
8,4,19,member,classic_bike,1682,28714.4
8,4,19,member,electric_bike,2923,36749.7
8,4,20,casual,electric_bike,1503,19619.6
8,4,20,member,classic_bike,1080,16901.0
8,4,20,member,electric_bike,2146,27247.7
8,4,20,casual,classic_bike,632,17552.8
8,4,21,casual,electric_bike,1135,15318.4
8,4,21,casual,classic_bike,522,14514.4
8,4,21,member,classic_bike,727,12452.5
8,4,21,member,electric_bike,1614,19502.7
8,4,22,casual,electric_bike,975,12853.0
8,4,22,member,classic_bike,490,6629.0
8,4,22,casual,classic_bike,346,10767.4
8,4,22,member,electric_bike,1224,15728.0
8,4,23,member,classic_bike,294,5676.4
8,4,23,member,electric_bike,885,11617.3
8,4,23,casual,classic_bike,395,13673.3
8,4,23,casual,electric_bike,997,15594.7
8,5,0,member,electric_bike,584,6476.5
8,5,0,casual,classic_bike,252,4753.8
8,5,0,member,classic_bike,168,3167.2
8,5,0,casual,electric_bike,783,9048.1
8,5,1,casual,classic_bike,135,3474.3
8,5,1,member,electric_bike,355,3932.7
8,5,1,casual,electric_bike,479,5758.2
8,5,1,member,classic_bike,91,1155.7
8,5,2,casual,electric_bike,295,3863.9
8,5,2,casual,classic_bike,74,1774.5
8,5,2,member,electric_bike,219,2672.2
8,5,2,member,classic_bike,52,962.5
8,5,3,member,electric_bike,129,1338.7
8,5,3,casual,electric_bike,171,2116.3
8,5,3,member,classic_bike,33,400.7
8,5,3,casual,classic_bike,47,1024.9
8,5,4,member,electric_bike,156,1754.2
8,5,4,casual,electric_bike,152,1782.0
8,5,4,member,classic_bike,63,866.4
8,5,4,casual,classic_bike,28,403.9
8,5,5,casual,classic_bike,105,2893.1
8,5,5,member,electric_bike,510,5148.8
8,5,5,member,classic_bike,308,4713.0
8,5,5,casual,electric_bike,293,3517.6
8,5,6,casual,classic_bike,200,4510.8
8,5,6,member,electric_bike,1437,15230.2
8,5,6,member,classic_bike,841,10542.9
8,5,6,casual,electric_bike,574,5406.8
8,5,7,member,electric_bike,2497,25541.7
8,5,7,member,classic_bike,1534,18216.0
8,5,7,casual,classic_bike,366,8499.5
8,5,7,casual,electric_bike,964,9913.6
8,5,8,member,electric_bike,3023,31408.9
8,5,8,member,classic_bike,1754,20543.3
8,5,8,casual,electric_bike,1176,13983.0
8,5,8,casual,classic_bike,501,12624.8
8,5,9,member,electric_bike,2061,21317.0
8,5,9,member,classic_bike,1147,14303.5
8,5,9,casual,classic_bike,571,18726.0
8,5,9,casual,electric_bike,1013,14731.4
8,5,10,member,electric_bike,1768,20130.8
8,5,10,casual,electric_bike,1204,20217.4
8,5,10,casual,classic_bike,844,33622.1
8,5,10,member,classic_bike,970,13233.8
8,5,11,casual,electric_bike,1828,33425.5
8,5,11,member,classic_bike,1238,19685.7
8,5,11,member,electric_bike,2246,27284.4
8,5,11,casual,classic_bike,1062,40102.7
8,5,12,member,classic_bike,1489,21151.1
8,5,12,member,electric_bike,2823,31131.4
8,5,12,casual,classic_bike,1254,44067.5
8,5,12,casual,electric_bike,2289,40843.7
8,5,13,casual,classic_bike,1331,46829.6
8,5,13,member,electric_bike,2777,33084.3
8,5,13,member,classic_bike,1455,18523.4
8,5,13,casual,electric_bike,2388,41456.0
8,5,14,casual,classic_bike,1268,38394.0
8,5,14,casual,electric_bike,2520,43094.3
8,5,14,member,classic_bike,1430,19491.9
8,5,14,member,electric_bike,2825,34713.6
8,5,15,casual,electric_bike,3114,51535.7
8,5,15,member,electric_bike,3587,44147.5
8,5,15,member,classic_bike,1780,25128.0
8,5,15,casual,classic_bike,1519,42171.0
8,5,16,member,classic_bike,2284,32862.8
8,5,16,casual,classic_bike,1655,51134.2
8,5,16,casual,electric_bike,3560,58260.1
8,5,16,member,electric_bike,4552,57235.3
8,5,17,casual,classic_bike,1710,40698.8
8,5,17,casual,electric_bike,3614,54971.9
8,5,17,member,electric_bike,4798,59352.3
8,5,17,member,classic_bike,2680,37635.9
8,5,18,casual,electric_bike,3201,45373.0
8,5,18,casual,classic_bike,1659,41092.9
8,5,18,member,classic_bike,2228,31277.2
8,5,18,member,electric_bike,4022,51118.6
8,5,19,member,classic_bike,1647,22972.3
8,5,19,casual,electric_bike,2490,35155.6
8,5,19,casual,classic_bike,1174,31916.4
8,5,19,member,electric_bike,2912,36851.7
8,5,20,casual,classic_bike,857,22271.5
8,5,20,member,electric_bike,2110,25294.0
8,5,20,casual,electric_bike,1964,28818.5
8,5,20,member,classic_bike,1223,17354.9
8,5,21,casual,classic_bike,666,16257.9
8,5,21,member,electric_bike,1787,22181.1
8,5,21,casual,electric_bike,1759,25608.4
8,5,21,member,classic_bike,792,11026.6
8,5,22,member,classic_bike,652,9369.7
8,5,22,casual,electric_bike,1711,24979.7
8,5,22,member,electric_bike,1606,19829.5
8,5,22,casual,classic_bike,700,16613.4
8,5,23,member,classic_bike,506,7090.8
8,5,23,casual,classic_bike,551,15881.6
8,5,23,member,electric_bike,1230,15376.1
8,5,23,casual,electric_bike,1457,20375.6
8,6,0,casual,electric_bike,1457,18461.1
8,6,0,member,classic_bike,361,5006.9
8,6,0,casual,classic_bike,426,11232.7
8,6,0,member,electric_bike,1054,12342.6
8,6,1,casual,electric_bike,1037,13727.8
8,6,1,member,classic_bike,232,3381.2
8,6,1,casual,classic_bike,375,14195.9
8,6,1,member,electric_bike,723,7650.8
8,6,2,casual,classic_bike,200,6773.1
8,6,2,member,electric_bike,433,4746.9
8,6,2,casual,electric_bike,690,8414.2
8,6,2,member,classic_bike,131,2852.2
8,6,3,casual,electric_bike,341,4300.3
8,6,3,member,electric_bike,236,2629.2
8,6,3,member,classic_bike,77,1224.4
8,6,3,casual,classic_bike,118,3425.1
8,6,4,casual,electric_bike,215,2024.2
8,6,4,member,classic_bike,39,461.6
8,6,4,member,electric_bike,149,1528.6
8,6,4,casual,classic_bike,41,3363.8
8,6,5,member,electric_bike,280,3230.9
8,6,5,member,classic_bike,141,2435.4
8,6,5,casual,classic_bike,63,3454.4
8,6,5,casual,electric_bike,198,2667.4
8,6,6,member,electric_bike,574,7826.3
8,6,6,member,classic_bike,260,4460.5
8,6,6,casual,electric_bike,340,4237.1
8,6,6,casual,classic_bike,136,4767.6
8,6,7,member,electric_bike,932,9789.6
8,6,7,casual,electric_bike,579,8616.9
8,6,7,member,classic_bike,598,9293.4
8,6,7,casual,classic_bike,277,11332.2
8,6,8,member,classic_bike,1056,14901.1
8,6,8,member,electric_bike,1699,19401.0
8,6,8,casual,electric_bike,1191,19013.0
8,6,8,casual,classic_bike,644,20517.6
8,6,9,casual,electric_bike,1848,30464.0
8,6,9,member,electric_bike,2259,26934.8
8,6,9,member,classic_bike,1453,20219.3
8,6,9,casual,classic_bike,1149,40838.1
8,6,10,member,electric_bike,2900,38357.8
8,6,10,casual,electric_bike,2821,52396.4
8,6,10,casual,classic_bike,1890,69022.3
8,6,10,member,classic_bike,1723,25319.8
8,6,11,member,classic_bike,1890,29196.3
8,6,11,casual,classic_bike,2445,91214.0
8,6,11,casual,electric_bike,3651,69434.1
8,6,11,member,electric_bike,3231,42709.5
8,6,12,casual,electric_bike,4101,75055.3
8,6,12,casual,classic_bike,2726,93196.3
8,6,12,member,classic_bike,1925,30369.2
8,6,12,member,electric_bike,3284,45297.2
8,6,13,casual,classic_bike,2758,96743.3
8,6,13,member,classic_bike,1841,29439.6
8,6,13,member,electric_bike,3153,44580.4
8,6,13,casual,electric_bike,4081,75133.6
8,6,14,casual,electric_bike,4475,81061.2
8,6,14,member,classic_bike,1766,27900.3
8,6,14,casual,classic_bike,2647,88174.2
8,6,14,member,electric_bike,3215,44297.5
8,6,15,casual,electric_bike,4581,79198.6
8,6,15,member,electric_bike,3268,44702.8
8,6,15,member,classic_bike,1780,28784.7
8,6,15,casual,classic_bike,2838,90758.3
8,6,16,casual,electric_bike,4108,70388.0
8,6,16,casual,classic_bike,2816,80445.1
8,6,16,member,classic_bike,1837,28577.8
8,6,16,member,electric_bike,3203,43253.2
8,6,17,member,classic_bike,1560,24315.2
8,6,17,member,electric_bike,2874,39479.2
8,6,17,casual,classic_bike,2082,68045.2
8,6,17,casual,electric_bike,3225,55116.7
8,6,18,casual,electric_bike,2663,45663.0
8,6,18,casual,classic_bike,1698,49419.6
8,6,18,member,electric_bike,2607,34591.9
8,6,18,member,classic_bike,1451,23709.3
8,6,19,casual,classic_bike,1301,39768.0
8,6,19,member,classic_bike,1121,16768.7
8,6,19,member,electric_bike,2101,27042.9
8,6,19,casual,electric_bike,2211,34377.0
8,6,20,casual,classic_bike,944,25918.3
8,6,20,member,electric_bike,1571,18929.7
8,6,20,casual,electric_bike,1723,26289.2
8,6,20,member,classic_bike,803,12349.9
8,6,21,casual,electric_bike,1664,26418.9
8,6,21,casual,classic_bike,781,19183.6
8,6,21,member,classic_bike,720,11103.1
8,6,21,member,electric_bike,1528,18599.7
8,6,22,casual,electric_bike,1835,27579.9
8,6,22,casual,classic_bike,1143,34130.8
8,6,22,member,electric_bike,1615,20708.9
8,6,22,member,classic_bike,681,10179.0
8,6,23,casual,classic_bike,671,19117.1
8,6,23,member,classic_bike,456,8218.6
8,6,23,member,electric_bike,1146,14367.0
8,6,23,casual,electric_bike,1418,19907.9
8,7,0,casual,electric_bike,1349,17429.5
8,7,0,casual,classic_bike,564,12371.6
8,7,0,member,classic_bike,303,4393.0
8,7,0,member,electric_bike,959,10013.7
8,7,1,casual,electric_bike,976,13338.5
8,7,1,member,electric_bike,660,6954.4
8,7,1,casual,classic_bike,424,10580.5
8,7,1,member,classic_bike,232,2845.5
8,7,2,member,electric_bike,456,4818.4
8,7,2,member,classic_bike,143,2083.7
8,7,2,casual,electric_bike,708,9141.4
8,7,2,casual,classic_bike,233,7406.3
8,7,3,member,electric_bike,250,2979.9
8,7,3,casual,electric_bike,382,4456.8
8,7,3,member,classic_bike,70,1033.9
8,7,3,casual,classic_bike,137,4947.6
8,7,4,member,electric_bike,193,2450.4
8,7,4,member,classic_bike,64,1199.4
8,7,4,casual,electric_bike,277,3348.9
8,7,4,casual,classic_bike,104,2642.3
8,7,5,casual,electric_bike,225,3251.0
8,7,5,casual,classic_bike,77,3053.8
8,7,5,member,classic_bike,91,2026.4
8,7,5,member,electric_bike,207,3109.2
8,7,6,member,electric_bike,423,5962.0
8,7,6,casual,classic_bike,151,5929.1
8,7,6,casual,electric_bike,382,7675.5
8,7,6,member,classic_bike,252,3727.9
8,7,7,casual,classic_bike,317,17692.2
8,7,7,member,classic_bike,509,8761.6
8,7,7,member,electric_bike,682,9510.1
8,7,7,casual,electric_bike,517,11005.8
8,7,8,casual,classic_bike,548,23276.0
8,7,8,member,electric_bike,1177,14650.0
8,7,8,member,classic_bike,887,14886.1
8,7,8,casual,electric_bike,902,16050.6
8,7,9,member,electric_bike,1738,21605.1
8,7,9,casual,electric_bike,1481,28526.1
8,7,9,member,classic_bike,1229,19498.6
8,7,9,casual,classic_bike,1007,39150.6
8,7,10,member,electric_bike,2340,29740.8
8,7,10,casual,electric_bike,2279,44687.4
8,7,10,casual,classic_bike,1582,61389.7
8,7,10,member,classic_bike,1488,23625.3
8,7,11,member,electric_bike,2656,36353.6
8,7,11,casual,classic_bike,1979,72836.3
8,7,11,casual,electric_bike,3028,57035.0
8,7,11,member,classic_bike,1710,29034.0
8,7,12,member,classic_bike,1851,29287.3
8,7,12,casual,electric_bike,3311,62857.2
8,7,12,member,electric_bike,2903,40458.7
8,7,12,casual,classic_bike,2289,80993.8
8,7,13,member,classic_bike,1796,29788.0
8,7,13,casual,classic_bike,2430,80301.4
8,7,13,member,electric_bike,2828,39919.0
8,7,13,casual,electric_bike,3556,68537.6
8,7,14,member,classic_bike,1811,28706.3
8,7,14,casual,electric_bike,3774,71771.7
8,7,14,member,electric_bike,2827,40639.9
8,7,14,casual,classic_bike,2398,84389.0
8,7,15,casual,electric_bike,3917,73320.5
8,7,15,casual,classic_bike,2376,77054.2
8,7,15,member,electric_bike,3114,43498.0
8,7,15,member,classic_bike,1777,28982.8
8,7,16,casual,classic_bike,2468,75213.9
8,7,16,member,classic_bike,1902,29788.4
8,7,16,member,electric_bike,3033,43675.2
8,7,16,casual,electric_bike,3770,68798.3
8,7,17,casual,electric_bike,3205,60110.5
8,7,17,member,classic_bike,1841,29150.8
8,7,17,member,electric_bike,2851,39517.1
8,7,17,casual,classic_bike,2025,62358.8
8,7,18,casual,classic_bike,1743,51556.4
8,7,18,casual,electric_bike,2811,48263.0
8,7,18,member,electric_bike,2623,35766.0
8,7,18,member,classic_bike,1729,28533.7
8,7,19,casual,classic_bike,1220,34863.1
8,7,19,member,classic_bike,1214,20524.2
8,7,19,member,electric_bike,2002,25378.6
8,7,19,casual,electric_bike,2018,33438.4
8,7,20,casual,electric_bike,1549,22483.7
8,7,20,member,electric_bike,1580,19518.8
8,7,20,member,classic_bike,883,12659.5
8,7,20,casual,classic_bike,892,21699.1
8,7,21,casual,electric_bike,1310,20521.4
8,7,21,casual,classic_bike,623,13477.2
8,7,21,member,classic_bike,582,8460.0
8,7,21,member,electric_bike,1277,15280.8
8,7,22,casual,electric_bike,1350,20947.6
8,7,22,casual,classic_bike,710,17226.3
8,7,22,member,classic_bike,429,6828.4
8,7,22,member,electric_bike,1136,14191.8
8,7,23,member,electric_bike,638,6905.0
8,7,23,casual,classic_bike,335,10198.2
8,7,23,casual,electric_bike,792,11141.8
8,7,23,member,classic_bike,202,3053.1
9,1,0,member,electric_bike,351,3806.4
9,1,0,member,classic_bike,107,1249.2
9,1,0,casual,electric_bike,647,9164.8
9,1,0,casual,classic_bike,206,6042.0
9,1,1,member,classic_bike,49,571.9
9,1,1,casual,electric_bike,332,4928.9
9,1,1,casual,classic_bike,111,2577.8
9,1,1,member,electric_bike,209,2260.8
9,1,2,member,electric_bike,155,1933.6
9,1,2,member,classic_bike,25,218.0
9,1,2,casual,classic_bike,56,2147.7
9,1,2,casual,electric_bike,260,2973.3
9,1,3,member,electric_bike,114,1095.7
9,1,3,casual,electric_bike,181,2505.5
9,1,3,casual,classic_bike,35,446.7
9,1,3,member,classic_bike,24,670.0
9,1,4,casual,electric_bike,145,1717.1
9,1,4,member,classic_bike,44,542.7
9,1,4,casual,classic_bike,29,1223.3
9,1,4,member,electric_bike,159,1513.7
9,1,5,casual,classic_bike,38,691.8
9,1,5,casual,electric_bike,152,1425.1
9,1,5,member,electric_bike,434,3761.0
9,1,5,member,classic_bike,242,3772.2
9,1,6,casual,electric_bike,441,4064.1
9,1,6,member,classic_bike,699,8498.8
9,1,6,member,electric_bike,1365,14305.2
9,1,6,casual,classic_bike,116,2958.9
9,1,7,member,classic_bike,1601,20453.5
9,1,7,casual,electric_bike,762,7743.3
9,1,7,member,electric_bike,2667,27517.1
9,1,7,casual,classic_bike,305,6498.5
9,1,8,casual,classic_bike,399,10867.7
9,1,8,member,classic_bike,2077,25787.6
9,1,8,member,electric_bike,3368,35435.1
9,1,8,casual,electric_bike,1022,11430.2
9,1,9,member,electric_bike,1847,17694.1
9,1,9,casual,electric_bike,911,13643.9
9,1,9,casual,classic_bike,500,17614.2
9,1,9,member,classic_bike,1278,14911.7
9,1,10,member,electric_bike,1474,16258.4
9,1,10,member,classic_bike,1039,14000.8
9,1,10,casual,classic_bike,718,27430.8
9,1,10,casual,electric_bike,975,16833.1
9,1,11,casual,electric_bike,1376,24359.9
9,1,11,casual,classic_bike,885,33647.4
9,1,11,member,classic_bike,1166,16032.4
9,1,11,member,electric_bike,1722,20715.1
9,1,12,member,classic_bike,1312,17521.1
9,1,12,casual,electric_bike,1768,32481.6
9,1,12,member,electric_bike,2192,24308.7
9,1,12,casual,classic_bike,1127,43198.7
9,1,13,casual,electric_bike,1778,33107.6
9,1,13,member,classic_bike,1388,19631.2
9,1,13,casual,classic_bike,1094,36201.8
9,1,13,member,electric_bike,2094,23970.8
9,1,14,casual,classic_bike,1107,35562.3
9,1,14,casual,electric_bike,1877,33481.3
9,1,14,member,electric_bike,2278,28396.0
9,1,14,member,classic_bike,1360,18575.3
9,1,15,member,classic_bike,1726,23723.9
9,1,15,casual,electric_bike,2071,34416.3
9,1,15,member,electric_bike,2902,35653.7
9,1,15,casual,classic_bike,1099,34830.9
9,1,16,casual,classic_bike,1245,34161.0
9,1,16,member,classic_bike,2534,37003.0
9,1,16,member,electric_bike,4345,55545.5
9,1,16,casual,electric_bike,2490,39302.9
9,1,17,casual,electric_bike,2996,46089.1
9,1,17,casual,classic_bike,1356,36966.0
9,1,17,member,electric_bike,5410,66308.1
9,1,17,member,classic_bike,3376,49439.6
9,1,18,casual,electric_bike,2559,36371.6
9,1,18,member,classic_bike,2665,38493.3
9,1,18,member,electric_bike,4296,50800.4
9,1,18,casual,classic_bike,1248,29252.3
9,1,19,member,electric_bike,2812,30780.3
9,1,19,member,classic_bike,1753,22883.1
9,1,19,casual,classic_bike,706,15441.6
9,1,19,casual,electric_bike,1650,21196.7
9,1,20,casual,electric_bike,1046,13400.9
9,1,20,member,electric_bike,1707,18311.2
9,1,20,casual,classic_bike,418,10718.4
9,1,20,member,classic_bike,1013,14596.6
9,1,21,casual,electric_bike,918,11016.3
9,1,21,casual,classic_bike,291,6358.7
9,1,21,member,electric_bike,1402,16446.3
9,1,21,member,classic_bike,708,8782.9
9,1,22,member,electric_bike,1202,13998.0
9,1,22,member,classic_bike,452,5988.0
9,1,22,casual,classic_bike,306,7144.8
9,1,22,casual,electric_bike,1246,18246.0
9,1,23,casual,classic_bike,388,10280.3
9,1,23,member,electric_bike,577,7037.7
9,1,23,member,classic_bike,204,3247.1
9,1,23,casual,electric_bike,804,10721.7
9,2,0,member,electric_bike,281,2945.5
9,2,0,member,classic_bike,101,1227.1
9,2,0,casual,classic_bike,134,2000.2
9,2,0,casual,electric_bike,418,4555.8
9,2,1,member,electric_bike,137,1505.6
9,2,1,casual,classic_bike,67,1409.6
9,2,1,casual,electric_bike,212,2723.7
9,2,1,member,classic_bike,35,474.1
9,2,2,member,electric_bike,82,785.3
9,2,2,casual,electric_bike,132,1331.5
9,2,2,member,classic_bike,21,319.0
9,2,2,casual,classic_bike,37,797.1
9,2,3,casual,electric_bike,59,603.3
9,2,3,member,electric_bike,63,760.9
9,2,3,casual,classic_bike,14,188.6
9,2,3,member,classic_bike,13,204.4
9,2,4,member,electric_bike,113,1016.1
9,2,4,casual,electric_bike,90,736.8
9,2,4,casual,classic_bike,14,151.1
9,2,4,member,classic_bike,55,739.4
9,2,5,member,electric_bike,549,4777.7
9,2,5,casual,electric_bike,167,1478.8
9,2,5,casual,classic_bike,56,565.0
9,2,5,member,classic_bike,315,3797.0
9,2,6,member,electric_bike,1951,19236.4
9,2,6,casual,classic_bike,132,2850.4
9,2,6,casual,electric_bike,582,4789.7
9,2,6,member,classic_bike,981,10976.9
9,2,7,member,classic_bike,2254,27426.4
9,2,7,casual,electric_bike,1095,10191.7
9,2,7,casual,classic_bike,342,5157.8
9,2,7,member,electric_bike,4025,43738.4
9,2,8,member,electric_bike,4937,53019.5
9,2,8,member,classic_bike,2677,33692.9
9,2,8,casual,classic_bike,485,8726.5
9,2,8,casual,electric_bike,1387,13707.7
9,2,9,member,electric_bike,2222,22293.0
9,2,9,casual,classic_bike,434,13892.7
9,2,9,casual,electric_bike,851,9308.4
9,2,9,member,classic_bike,1328,16356.8
9,2,10,member,classic_bike,894,10467.3
9,2,10,casual,electric_bike,700,10075.0
9,2,10,member,electric_bike,1324,14439.9
9,2,10,casual,classic_bike,399,13583.4
9,2,11,casual,classic_bike,427,14208.3
9,2,11,casual,electric_bike,881,12232.0
9,2,11,member,electric_bike,1615,18719.7
9,2,11,member,classic_bike,1087,13507.3
9,2,12,member,classic_bike,1388,16518.1
9,2,12,member,electric_bike,2080,21865.9
9,2,12,casual,electric_bike,1178,17379.1
9,2,12,casual,classic_bike,614,17496.6
9,2,13,member,classic_bike,1256,15210.4
9,2,13,casual,electric_bike,1220,17715.9
9,2,13,member,electric_bike,1985,21459.9
9,2,13,casual,classic_bike,630,18197.9
9,2,14,casual,electric_bike,1310,19962.7
9,2,14,member,electric_bike,2021,23326.9
9,2,14,member,classic_bike,1201,16150.0
9,2,14,casual,classic_bike,625,20618.4
9,2,15,casual,electric_bike,1674,23712.6
9,2,15,casual,classic_bike,684,18140.9
9,2,15,member,electric_bike,3148,37101.1
9,2,15,member,classic_bike,1761,23292.9
9,2,16,casual,classic_bike,921,21297.7
9,2,16,casual,electric_bike,2418,32924.5
9,2,16,member,electric_bike,5639,68022.7
9,2,16,member,classic_bike,2872,40321.3
9,2,17,casual,classic_bike,1261,28945.1
9,2,17,casual,electric_bike,3220,43746.8
9,2,17,member,electric_bike,6833,85551.4
9,2,17,member,classic_bike,4054,59295.7
9,2,18,casual,classic_bike,1119,28320.8
9,2,18,member,electric_bike,5086,59715.4
9,2,18,member,classic_bike,3001,41784.0
9,2,18,casual,electric_bike,2687,34104.8
9,2,19,casual,electric_bike,1841,22064.8
9,2,19,casual,classic_bike,739,17783.6
9,2,19,member,classic_bike,1856,26697.8
9,2,19,member,electric_bike,3226,35655.3
9,2,20,casual,electric_bike,1199,13449.9
9,2,20,member,electric_bike,2115,23172.8
9,2,20,member,classic_bike,1225,16224.6
9,2,20,casual,classic_bike,463,11201.2
9,2,21,member,classic_bike,905,12396.8
9,2,21,member,electric_bike,1938,21439.1
9,2,21,casual,classic_bike,415,9172.6
9,2,21,casual,electric_bike,1303,15883.6
9,2,22,casual,electric_bike,864,10228.5
9,2,22,casual,classic_bike,214,5960.2
9,2,22,member,classic_bike,486,7282.9
9,2,22,member,electric_bike,1154,12583.6
9,2,23,member,electric_bike,532,6133.5
9,2,23,member,classic_bike,192,3430.4
9,2,23,casual,electric_bike,472,5241.0
9,2,23,casual,classic_bike,133,4115.8
9,3,0,member,electric_bike,203,2099.7
9,3,0,casual,electric_bike,297,3163.5
9,3,0,casual,classic_bike,77,2099.2
9,3,0,member,classic_bike,74,1370.2
9,3,1,casual,classic_bike,28,518.9
9,3,1,member,electric_bike,114,1331.9
9,3,1,member,classic_bike,29,313.4
9,3,1,casual,electric_bike,112,1198.1
9,3,2,member,classic_bike,13,184.5
9,3,2,casual,classic_bike,16,1357.2
9,3,2,member,electric_bike,65,734.5
9,3,2,casual,electric_bike,85,930.2
9,3,3,member,classic_bike,16,221.2
9,3,3,member,electric_bike,57,768.0
9,3,3,casual,electric_bike,63,602.8
9,3,3,casual,classic_bike,4,71.4
9,3,4,casual,electric_bike,99,851.3
9,3,4,member,electric_bike,93,997.5
9,3,4,member,classic_bike,38,842.2
9,3,4,casual,classic_bike,7,499.4
9,3,5,member,classic_bike,272,3364.0
9,3,5,casual,classic_bike,46,869.1
9,3,5,member,electric_bike,459,4049.8
9,3,5,casual,electric_bike,136,1021.5
9,3,6,casual,electric_bike,456,4058.4
9,3,6,casual,classic_bike,133,2445.9
9,3,6,member,classic_bike,806,9737.4
9,3,6,member,electric_bike,1545,15998.6
9,3,7,member,electric_bike,3362,36009.9
9,3,7,casual,electric_bike,885,8167.7
9,3,7,member,classic_bike,1818,23309.9
9,3,7,casual,classic_bike,244,3776.1
9,3,8,member,electric_bike,4007,42559.7
9,3,8,casual,electric_bike,1105,10352.0
9,3,8,member,classic_bike,2197,26763.1
9,3,8,casual,classic_bike,390,6289.3
9,3,9,casual,electric_bike,641,6783.4
9,3,9,casual,classic_bike,294,6658.0
9,3,9,member,electric_bike,1939,20250.1
9,3,9,member,classic_bike,1102,13810.2
9,3,10,casual,electric_bike,625,9938.9
9,3,10,member,classic_bike,792,9260.5
9,3,10,casual,classic_bike,333,13296.3
9,3,10,member,electric_bike,1239,13643.0
9,3,11,member,electric_bike,1391,14875.9
9,3,11,casual,electric_bike,735,9869.5
9,3,11,casual,classic_bike,418,11549.4
9,3,11,member,classic_bike,939,12232.4
9,3,12,casual,electric_bike,871,11458.8
9,3,12,member,classic_bike,1027,13032.0
9,3,12,casual,classic_bike,402,11135.2
9,3,12,member,electric_bike,1675,17109.6
9,3,13,member,classic_bike,968,12341.2
9,3,13,member,electric_bike,1599,17689.4
9,3,13,casual,electric_bike,804,10502.1
9,3,13,casual,classic_bike,420,13048.4
9,3,14,member,classic_bike,962,11772.8
9,3,14,casual,classic_bike,432,12343.2
9,3,14,member,electric_bike,1711,19475.8
9,3,14,casual,electric_bike,975,14882.2
9,3,15,casual,electric_bike,1139,15529.8
9,3,15,casual,classic_bike,471,12804.5
9,3,15,member,electric_bike,2520,28487.3
9,3,15,member,classic_bike,1259,16140.9
9,3,16,member,electric_bike,4370,54046.0
9,3,16,casual,electric_bike,1788,22650.4
9,3,16,member,classic_bike,2077,27121.9
9,3,16,casual,classic_bike,582,14198.7
9,3,17,casual,electric_bike,2170,28158.2
9,3,17,member,classic_bike,2563,36932.6
9,3,17,member,electric_bike,4828,60923.3
9,3,17,casual,classic_bike,710,17297.9
9,3,18,casual,electric_bike,1917,24608.3
9,3,18,member,electric_bike,3826,44643.0
9,3,18,member,classic_bike,2102,28541.3
9,3,18,casual,classic_bike,768,16468.4
9,3,19,member,electric_bike,2678,30387.6
9,3,19,casual,electric_bike,1482,17625.9
9,3,19,member,classic_bike,1466,19218.3
9,3,19,casual,classic_bike,517,10017.6
9,3,20,member,electric_bike,1701,19198.2
9,3,20,casual,electric_bike,1045,11165.5
9,3,20,casual,classic_bike,335,6455.2
9,3,20,member,classic_bike,976,11828.1
9,3,21,casual,electric_bike,1093,14306.6
9,3,21,member,classic_bike,686,9147.9
9,3,21,member,electric_bike,1581,18305.7
9,3,21,casual,classic_bike,325,6242.0
9,3,22,member,classic_bike,420,5294.2
9,3,22,casual,classic_bike,208,3411.1
9,3,22,member,electric_bike,1053,11432.5
9,3,22,casual,electric_bike,707,8256.1
9,3,23,member,classic_bike,189,2561.8
9,3,23,member,electric_bike,461,5867.1
9,3,23,casual,classic_bike,121,3583.4
9,3,23,casual,electric_bike,397,4161.7
9,4,0,casual,classic_bike,84,2025.1
9,4,0,member,classic_bike,71,827.5
9,4,0,casual,electric_bike,334,3753.2
9,4,0,member,electric_bike,256,2730.0
9,4,1,casual,classic_bike,43,1059.9
9,4,1,member,classic_bike,39,912.7
9,4,1,casual,electric_bike,196,2011.6
9,4,1,member,electric_bike,130,1457.0
9,4,2,member,electric_bike,69,675.9
9,4,2,casual,electric_bike,112,1179.8
9,4,2,casual,classic_bike,22,598.4
9,4,2,member,classic_bike,19,259.3
9,4,3,casual,classic_bike,15,187.7
9,4,3,member,electric_bike,65,760.3
9,4,3,member,classic_bike,12,131.6
9,4,3,casual,electric_bike,57,622.1
9,4,4,member,classic_bike,31,368.8
9,4,4,member,electric_bike,98,904.0
9,4,4,casual,classic_bike,12,85.4
9,4,4,casual,electric_bike,82,667.3
9,4,5,member,electric_bike,424,3382.9
9,4,5,casual,electric_bike,144,1253.2
9,4,5,casual,classic_bike,48,463.5
9,4,5,member,classic_bike,237,2481.2
9,4,6,member,classic_bike,767,9377.8
9,4,6,member,electric_bike,1509,15416.3
9,4,6,casual,classic_bike,107,1581.9
9,4,6,casual,electric_bike,462,4094.6
9,4,7,casual,classic_bike,286,5554.7
9,4,7,member,classic_bike,1678,21160.8
9,4,7,member,electric_bike,3122,32685.7
9,4,7,casual,electric_bike,957,8805.0
9,4,8,member,classic_bike,2012,23214.7
9,4,8,member,electric_bike,3916,41374.8
9,4,8,casual,classic_bike,353,5998.3
9,4,8,casual,electric_bike,1146,10824.1
9,4,9,member,electric_bike,1909,19261.0
9,4,9,casual,electric_bike,752,8827.1
9,4,9,casual,classic_bike,270,6056.0
9,4,9,member,classic_bike,1053,12281.3
9,4,10,casual,electric_bike,613,9104.3
9,4,10,member,electric_bike,1278,13364.6
9,4,10,member,classic_bike,787,11170.7
9,4,10,casual,classic_bike,355,11243.4
9,4,11,casual,classic_bike,400,12005.3
9,4,11,member,electric_bike,1525,17496.3
9,4,11,member,classic_bike,892,10576.6
9,4,11,casual,electric_bike,777,12797.5
9,4,12,member,electric_bike,1818,18716.4
9,4,12,casual,classic_bike,478,16184.7
9,4,12,member,classic_bike,1136,13248.6
9,4,12,casual,electric_bike,1023,14895.6
9,4,13,casual,classic_bike,444,10551.5
9,4,13,casual,electric_bike,1029,16205.8
9,4,13,member,electric_bike,1709,18714.8
9,4,13,member,classic_bike,966,11197.3
9,4,14,casual,electric_bike,1177,19316.4
9,4,14,member,electric_bike,1812,20469.1
9,4,14,casual,classic_bike,547,20019.3
9,4,14,member,classic_bike,989,12159.2
9,4,15,casual,electric_bike,1430,21351.7
9,4,15,casual,classic_bike,616,15382.0
9,4,15,member,classic_bike,1390,19220.2
9,4,15,member,electric_bike,2604,30959.8
9,4,16,member,classic_bike,2041,31886.0
9,4,16,casual,classic_bike,703,16846.4
9,4,16,member,electric_bike,4455,55435.4
9,4,16,casual,electric_bike,2091,29367.6
9,4,17,casual,classic_bike,969,23000.6
9,4,17,member,electric_bike,5619,69765.2
9,4,17,casual,electric_bike,2786,36706.1
9,4,17,member,classic_bike,2827,40598.2
9,4,18,member,electric_bike,4275,51561.6
9,4,18,member,classic_bike,2230,31444.4
9,4,18,casual,electric_bike,2391,29497.2
9,4,18,casual,classic_bike,983,23486.3
9,4,19,casual,electric_bike,1757,19807.4
9,4,19,member,classic_bike,1388,19366.3
9,4,19,member,electric_bike,2802,32030.3
9,4,19,casual,classic_bike,557,11549.1
9,4,20,casual,classic_bike,394,10066.1
9,4,20,casual,electric_bike,1035,12458.4
9,4,20,member,classic_bike,901,12535.6
9,4,20,member,electric_bike,1806,20038.8
9,4,21,casual,classic_bike,295,5290.7
9,4,21,casual,electric_bike,1043,12310.7
9,4,21,member,classic_bike,648,8154.4
9,4,21,member,electric_bike,1614,17577.4
9,4,22,member,classic_bike,408,5048.2
9,4,22,casual,electric_bike,917,10021.8
9,4,22,casual,classic_bike,267,7819.6
9,4,22,member,electric_bike,1262,13352.2
9,4,23,casual,classic_bike,135,2803.2
9,4,23,member,electric_bike,738,7559.9
9,4,23,member,classic_bike,242,2945.7
9,4,23,casual,electric_bike,561,6262.0
9,5,0,casual,electric_bike,470,4930.7
9,5,0,casual,classic_bike,129,2731.0
9,5,0,member,electric_bike,403,4058.2
9,5,0,member,classic_bike,134,2624.4
9,5,1,casual,classic_bike,77,1781.2
9,5,1,member,classic_bike,51,531.5
9,5,1,casual,electric_bike,285,2912.9
9,5,1,member,electric_bike,221,1902.6
9,5,2,member,electric_bike,131,1427.8
9,5,2,member,classic_bike,20,174.5
9,5,2,casual,electric_bike,159,1583.5
9,5,2,casual,classic_bike,37,1353.2
9,5,3,member,electric_bike,73,799.5
9,5,3,member,classic_bike,20,174.6
9,5,3,casual,classic_bike,28,680.6
9,5,3,casual,electric_bike,122,1375.2
9,5,4,member,classic_bike,26,389.0
9,5,4,casual,classic_bike,30,728.5
9,5,4,member,electric_bike,103,907.8
9,5,4,casual,electric_bike,106,833.6
9,5,5,member,classic_bike,206,2714.9
9,5,5,casual,electric_bike,132,1501.1
9,5,5,casual,classic_bike,46,1938.7
9,5,5,member,electric_bike,384,3276.6
9,5,6,casual,electric_bike,452,4024.7
9,5,6,casual,classic_bike,104,1481.9
9,5,6,member,electric_bike,1190,12683.1
9,5,6,member,classic_bike,620,7293.7
9,5,7,casual,classic_bike,201,3551.6
9,5,7,casual,electric_bike,728,6905.2
9,5,7,member,electric_bike,2168,21502.1
9,5,7,member,classic_bike,1231,14889.6
9,5,8,casual,classic_bike,316,8343.3
9,5,8,member,electric_bike,2701,27373.7
9,5,8,member,classic_bike,1455,16964.7
9,5,8,casual,electric_bike,895,9174.4
9,5,9,member,electric_bike,1776,17207.1
9,5,9,member,classic_bike,967,11480.8
9,5,9,casual,classic_bike,358,12472.3
9,5,9,casual,electric_bike,803,10322.9
9,5,10,casual,electric_bike,904,15650.4
9,5,10,casual,classic_bike,489,18747.9
9,5,10,member,electric_bike,1411,14855.3
9,5,10,member,classic_bike,806,10497.0
9,5,11,casual,classic_bike,681,19582.2
9,5,11,member,electric_bike,1738,20211.3
9,5,11,member,classic_bike,941,11916.1
9,5,11,casual,electric_bike,1215,21904.1
9,5,12,member,electric_bike,2169,24842.4
9,5,12,casual,electric_bike,1540,25947.9
9,5,12,member,classic_bike,1189,14187.1
9,5,12,casual,classic_bike,759,24341.2
9,5,13,casual,classic_bike,666,22241.8
9,5,13,member,classic_bike,1160,14898.7
9,5,13,member,electric_bike,2175,23962.1
9,5,13,casual,electric_bike,1592,24807.2
9,5,14,member,classic_bike,1135,14886.3
9,5,14,casual,classic_bike,758,24492.5
9,5,14,casual,electric_bike,1592,27286.4
9,5,14,member,electric_bike,2224,25387.9
9,5,15,member,classic_bike,1407,18700.6
9,5,15,casual,electric_bike,1904,30551.9
9,5,15,member,electric_bike,2828,34222.3
9,5,15,casual,classic_bike,837,23544.8
9,5,16,member,electric_bike,3885,50693.2
9,5,16,casual,classic_bike,998,26635.3
9,5,16,member,classic_bike,1917,29128.0
9,5,16,casual,electric_bike,2507,36296.1
9,5,17,casual,classic_bike,1149,30210.6
9,5,17,member,electric_bike,4159,51578.9
9,5,17,member,classic_bike,2180,33122.0
9,5,17,casual,electric_bike,2688,38299.1
9,5,18,casual,electric_bike,2444,33153.3
9,5,18,casual,classic_bike,1000,27669.8
9,5,18,member,electric_bike,3570,44867.5
9,5,18,member,classic_bike,1804,29198.6
9,5,19,casual,electric_bike,1782,23135.1
9,5,19,member,classic_bike,1228,18800.2
9,5,19,casual,classic_bike,619,12576.4
9,5,19,member,electric_bike,2545,30368.5
9,5,20,casual,classic_bike,433,11714.4
9,5,20,member,classic_bike,722,10677.4
9,5,20,member,electric_bike,1620,18332.1
9,5,20,casual,electric_bike,1205,14536.4
9,5,21,member,classic_bike,560,7750.2
9,5,21,member,electric_bike,1413,16541.4
9,5,21,casual,electric_bike,1099,15073.4
9,5,21,casual,classic_bike,393,10952.6
9,5,22,member,electric_bike,1316,15942.0
9,5,22,casual,electric_bike,1202,16335.1
9,5,22,casual,classic_bike,385,10770.0
9,5,22,member,classic_bike,468,6291.7
9,5,23,member,electric_bike,1012,11783.0
9,5,23,casual,electric_bike,1067,14110.0
9,5,23,casual,classic_bike,350,11955.7
9,5,23,member,classic_bike,379,5868.6
9,6,0,member,electric_bike,817,8576.1
9,6,0,casual,electric_bike,1019,11016.8
9,6,0,casual,classic_bike,283,8511.5
9,6,0,member,classic_bike,252,3176.5
9,6,1,casual,classic_bike,196,3085.6
9,6,1,member,classic_bike,146,2894.7
9,6,1,casual,electric_bike,705,7243.2
9,6,1,member,electric_bike,507,5388.2
9,6,2,member,electric_bike,314,3259.6
9,6,2,casual,electric_bike,477,5663.0
9,6,2,member,classic_bike,81,964.7
9,6,2,casual,classic_bike,122,3067.2
9,6,3,casual,electric_bike,278,3389.6
9,6,3,member,classic_bike,37,901.9
9,6,3,member,electric_bike,180,1542.2
9,6,3,casual,classic_bike,58,665.7
9,6,4,casual,classic_bike,36,1036.8
9,6,4,casual,electric_bike,132,1410.5
9,6,4,member,classic_bike,19,249.3
9,6,4,member,electric_bike,81,826.6
9,6,5,member,classic_bike,66,1097.6
9,6,5,member,electric_bike,178,1654.0
9,6,5,casual,electric_bike,113,1277.8
9,6,5,casual,classic_bike,35,1123.5
9,6,6,casual,electric_bike,252,2914.2
9,6,6,member,classic_bike,196,3773.6
9,6,6,casual,classic_bike,95,2701.1
9,6,6,member,electric_bike,461,6326.3
9,6,7,member,classic_bike,323,4808.5
9,6,7,casual,electric_bike,371,4574.7
9,6,7,member,electric_bike,597,6771.5
9,6,7,casual,classic_bike,144,3502.7
9,6,8,casual,electric_bike,648,9540.4
9,6,8,member,electric_bike,1042,11037.9
9,6,8,member,classic_bike,592,8556.0
9,6,8,casual,classic_bike,302,10477.5
9,6,9,casual,electric_bike,1072,17076.6
9,6,9,member,classic_bike,897,12720.0
9,6,9,member,electric_bike,1465,17027.6
9,6,9,casual,classic_bike,566,20283.5
9,6,10,member,classic_bike,1204,16716.5
9,6,10,member,electric_bike,1952,24126.1
9,6,10,casual,electric_bike,1632,28215.0
9,6,10,casual,classic_bike,917,31513.4
9,6,11,member,electric_bike,2450,32109.6
9,6,11,casual,classic_bike,1228,40127.4
9,6,11,casual,electric_bike,2140,37120.2
9,6,11,member,classic_bike,1438,20296.9
9,6,12,member,classic_bike,1489,22470.9
9,6,12,casual,classic_bike,1462,48082.8
9,6,12,member,electric_bike,2582,32581.8
9,6,12,casual,electric_bike,2618,49157.0
9,6,13,member,electric_bike,2554,33135.9
9,6,13,casual,classic_bike,1459,44208.7
9,6,13,member,classic_bike,1361,21174.4
9,6,13,casual,electric_bike,2528,45375.5
9,6,14,casual,classic_bike,1468,46635.4
9,6,14,casual,electric_bike,2495,42727.8
9,6,14,member,electric_bike,2445,30925.2
9,6,14,member,classic_bike,1398,20546.8
9,6,15,casual,classic_bike,1389,40130.3
9,6,15,member,classic_bike,1301,19554.3
9,6,15,casual,electric_bike,2566,46143.9
9,6,15,member,electric_bike,2430,33469.6
9,6,16,casual,electric_bike,2727,45931.5
9,6,16,member,classic_bike,1463,22235.5
9,6,16,member,electric_bike,2607,35153.0
9,6,16,casual,classic_bike,1398,42326.5
9,6,17,member,electric_bike,2529,34561.5
9,6,17,casual,electric_bike,2448,40851.1
9,6,17,casual,classic_bike,1264,36016.4
9,6,17,member,classic_bike,1351,20340.4
9,6,18,casual,classic_bike,956,26332.7
9,6,18,casual,electric_bike,2012,31708.9
9,6,18,member,electric_bike,2238,29210.2
9,6,18,member,classic_bike,1125,16470.3
9,6,19,member,electric_bike,1765,21367.9
9,6,19,member,classic_bike,725,9952.6
9,6,19,casual,classic_bike,635,18391.9
9,6,19,casual,electric_bike,1563,22351.4
9,6,20,member,electric_bike,1315,15770.0
9,6,20,casual,electric_bike,1136,15147.4
9,6,20,member,classic_bike,513,8107.2
9,6,20,casual,classic_bike,496,17484.3
9,6,21,casual,classic_bike,475,12155.3
9,6,21,member,electric_bike,1229,15561.4
9,6,21,member,classic_bike,472,5710.0
9,6,21,casual,electric_bike,1185,18922.2
9,6,22,casual,electric_bike,1205,16757.9
9,6,22,member,electric_bike,1234,14977.5
9,6,22,member,classic_bike,451,6300.8
9,6,22,casual,classic_bike,423,7753.8
9,6,23,casual,classic_bike,311,8222.0
9,6,23,casual,electric_bike,959,12556.5
9,6,23,member,classic_bike,331,4978.1
9,6,23,member,electric_bike,954,11210.4
9,7,0,casual,electric_bike,1022,12734.2
9,7,0,member,classic_bike,262,3965.3
9,7,0,casual,classic_bike,310,6825.4
9,7,0,member,electric_bike,719,7603.8
9,7,1,member,classic_bike,183,2046.9
9,7,1,casual,classic_bike,221,4628.8
9,7,1,casual,electric_bike,807,9695.6
9,7,1,member,electric_bike,519,5087.4
9,7,2,casual,electric_bike,553,6272.2
9,7,2,member,electric_bike,336,3248.5
9,7,2,casual,classic_bike,168,4162.0
9,7,2,member,classic_bike,117,1822.9
9,7,3,member,electric_bike,199,1907.9
9,7,3,casual,classic_bike,61,1121.2
9,7,3,member,classic_bike,56,811.5
9,7,3,casual,electric_bike,283,2781.5
9,7,4,member,electric_bike,119,1340.6
9,7,4,casual,electric_bike,159,1656.5
9,7,4,casual,classic_bike,44,756.2
9,7,4,member,classic_bike,34,446.6
9,7,5,member,electric_bike,171,2251.9
9,7,5,casual,electric_bike,149,1778.8
9,7,5,member,classic_bike,55,1420.6
9,7,5,casual,classic_bike,44,1383.0
9,7,6,casual,electric_bike,267,4606.3
9,7,6,casual,classic_bike,105,6522.9
9,7,6,member,classic_bike,158,2498.3
9,7,6,member,electric_bike,305,5733.8
9,7,7,member,classic_bike,318,4984.8
9,7,7,casual,classic_bike,202,11401.3
9,7,7,member,electric_bike,505,6004.4
9,7,7,casual,electric_bike,507,11798.0
9,7,8,casual,electric_bike,679,12633.3
9,7,8,casual,classic_bike,347,14501.5
9,7,8,member,classic_bike,646,8965.7
9,7,8,member,electric_bike,932,11169.2
9,7,9,member,electric_bike,1442,16647.1
9,7,9,casual,electric_bike,1143,19584.2
9,7,9,member,classic_bike,949,13612.6
9,7,9,casual,classic_bike,606,21138.9
9,7,10,member,electric_bike,1993,23960.5
9,7,10,casual,electric_bike,1516,27310.6
9,7,10,casual,classic_bike,960,33531.6
9,7,10,member,classic_bike,1204,17082.7
9,7,11,casual,classic_bike,1218,48430.5
9,7,11,casual,electric_bike,2042,36201.9
9,7,11,member,electric_bike,2554,32615.7
9,7,11,member,classic_bike,1441,20894.0
9,7,12,member,classic_bike,1460,23552.5
9,7,12,casual,classic_bike,1357,50282.4
9,7,12,member,electric_bike,2407,31906.5
9,7,12,casual,electric_bike,2318,41800.4
9,7,13,casual,electric_bike,2131,38165.6
9,7,13,member,classic_bike,1435,22247.8
9,7,13,casual,classic_bike,1331,45566.8
9,7,13,member,electric_bike,2313,32011.6
9,7,14,casual,classic_bike,1284,44762.4
9,7,14,member,electric_bike,2332,31328.2
9,7,14,casual,electric_bike,2270,39421.6
9,7,14,member,classic_bike,1421,23567.4
9,7,15,casual,electric_bike,2277,37923.7
9,7,15,casual,classic_bike,1266,39888.9
9,7,15,member,classic_bike,1429,22644.5
9,7,15,member,electric_bike,2537,32556.1
9,7,16,casual,classic_bike,1273,43529.2
9,7,16,member,electric_bike,2285,31573.0
9,7,16,member,classic_bike,1558,24392.3
9,7,16,casual,electric_bike,2325,40754.6
9,7,17,member,classic_bike,1373,21336.2
9,7,17,casual,classic_bike,1053,35504.4
9,7,17,casual,electric_bike,1918,32882.0
9,7,17,member,electric_bike,2115,28465.4
9,7,18,member,classic_bike,1437,21486.3
9,7,18,casual,classic_bike,966,28007.4
9,7,18,casual,electric_bike,2042,32025.9
9,7,18,member,electric_bike,2285,29563.4
9,7,19,casual,electric_bike,1234,18176.8
9,7,19,member,classic_bike,867,12616.3
9,7,19,casual,classic_bike,571,18563.8
9,7,19,member,electric_bike,1667,18962.3
9,7,20,member,classic_bike,553,7092.0
9,7,20,member,electric_bike,1070,11920.0
9,7,20,casual,electric_bike,848,12065.7
9,7,20,casual,classic_bike,347,9613.3
9,7,21,casual,classic_bike,246,6086.0
9,7,21,member,classic_bike,374,4913.2
9,7,21,casual,electric_bike,655,8491.5
9,7,21,member,electric_bike,864,9730.1
9,7,22,casual,classic_bike,248,6664.0
9,7,22,member,classic_bike,239,2852.0
9,7,22,member,electric_bike,626,8350.5
9,7,22,casual,electric_bike,556,8406.7
9,7,23,casual,classic_bike,172,6366.3
9,7,23,member,classic_bike,163,2920.2
9,7,23,member,electric_bike,398,4964.1
9,7,23,casual,electric_bike,425,7203.6
10,1,0,member,electric_bike,180,1953.7
10,1,0,casual,electric_bike,254,2409.7
10,1,0,member,classic_bike,55,574.5
10,1,0,casual,classic_bike,59,1184.8
10,1,1,casual,electric_bike,158,1689.4
10,1,1,member,classic_bike,31,384.8
10,1,1,casual,classic_bike,30,516.7
10,1,1,member,electric_bike,113,1196.3
10,1,2,casual,classic_bike,27,441.6
10,1,2,casual,electric_bike,107,1476.1
10,1,2,member,classic_bike,13,147.6
10,1,2,member,electric_bike,69,757.3
10,1,3,casual,classic_bike,15,250.4
10,1,3,member,electric_bike,51,995.1
10,1,3,casual,electric_bike,61,854.3
10,1,3,member,classic_bike,10,92.7
10,1,4,member,electric_bike,88,938.9
10,1,4,member,classic_bike,25,272.9
10,1,4,casual,electric_bike,66,668.2
10,1,4,casual,classic_bike,14,135.5
10,1,5,member,classic_bike,204,2997.9
10,1,5,casual,electric_bike,141,1019.6
10,1,5,casual,classic_bike,45,1077.2
10,1,5,member,electric_bike,384,2960.5
10,1,6,casual,classic_bike,88,2742.2
10,1,6,member,classic_bike,590,9074.0
10,1,6,member,electric_bike,1125,10663.4
10,1,6,casual,electric_bike,357,2784.3
10,1,7,member,electric_bike,2356,22629.4
10,1,7,member,classic_bike,1256,17530.1
10,1,7,casual,classic_bike,199,3140.0
10,1,7,casual,electric_bike,683,5573.8
10,1,8,casual,electric_bike,810,8341.5
10,1,8,member,classic_bike,1648,23336.6
10,1,8,member,electric_bike,2855,28110.2
10,1,8,casual,classic_bike,292,6712.0
10,1,9,member,electric_bike,1601,15067.6
10,1,9,casual,electric_bike,646,8089.2
10,1,9,casual,classic_bike,339,12842.9
10,1,9,member,classic_bike,982,10621.8
10,1,10,casual,electric_bike,646,9370.4
10,1,10,member,classic_bike,718,9706.6
10,1,10,casual,classic_bike,422,16062.6
10,1,10,member,electric_bike,1112,11593.5
10,1,11,casual,classic_bike,444,15600.6
10,1,11,member,classic_bike,859,10977.7
10,1,11,member,electric_bike,1195,12727.4
10,1,11,casual,electric_bike,779,13174.4
10,1,12,member,classic_bike,968,12481.6
10,1,12,member,electric_bike,1545,15538.7
10,1,12,casual,classic_bike,522,16613.5
10,1,12,casual,electric_bike,1018,16077.9
10,1,13,casual,classic_bike,516,20536.4
10,1,13,member,electric_bike,1517,15524.8
10,1,13,member,classic_bike,955,13082.0
10,1,13,casual,electric_bike,973,14469.8
10,1,14,casual,classic_bike,604,19145.0
10,1,14,member,classic_bike,921,11671.3
10,1,14,casual,electric_bike,1018,16914.2
10,1,14,member,electric_bike,1660,18274.0
10,1,15,member,electric_bike,2241,25340.5
10,1,15,casual,electric_bike,1142,16231.7
10,1,15,member,classic_bike,1226,16658.7
10,1,15,casual,classic_bike,605,18720.1
10,1,16,casual,electric_bike,1434,18700.6
10,1,16,member,classic_bike,1879,27641.0
10,1,16,member,electric_bike,3548,39497.3
10,1,16,casual,classic_bike,624,14995.1
10,1,17,member,electric_bike,4276,48045.8
10,1,17,member,classic_bike,2436,37603.9
10,1,17,casual,classic_bike,684,12442.3
10,1,17,casual,electric_bike,1625,19275.6
10,1,18,member,electric_bike,2873,30577.2
10,1,18,member,classic_bike,1709,19735.3
10,1,18,casual,electric_bike,1122,11985.6
10,1,18,casual,classic_bike,453,8636.8
10,1,19,member,electric_bike,1745,17897.2
10,1,19,casual,electric_bike,756,7934.5
10,1,19,member,classic_bike,987,12657.3
10,1,19,casual,classic_bike,271,6406.4
10,1,20,casual,classic_bike,193,3350.9
10,1,20,member,electric_bike,1209,11214.9
10,1,20,member,classic_bike,652,9196.6
10,1,20,casual,electric_bike,541,5639.0
10,1,21,member,classic_bike,466,6558.6
10,1,21,member,electric_bike,971,9257.2
10,1,21,casual,electric_bike,478,4855.8
10,1,21,casual,classic_bike,194,2755.4
10,1,22,casual,electric_bike,430,4559.0
10,1,22,member,classic_bike,337,3808.0
10,1,22,casual,classic_bike,142,5102.3
10,1,22,member,electric_bike,699,6992.5
10,1,23,member,electric_bike,305,3135.5
10,1,23,casual,electric_bike,223,2021.3
10,1,23,member,classic_bike,107,1740.7
10,1,23,casual,classic_bike,41,574.3
10,2,0,casual,classic_bike,39,628.5
10,2,0,member,classic_bike,46,506.9
10,2,0,casual,electric_bike,171,1539.8
10,2,0,member,electric_bike,150,1455.0
10,2,1,member,classic_bike,18,157.4
10,2,1,casual,electric_bike,120,1136.6
10,2,1,member,electric_bike,100,796.2
10,2,1,casual,classic_bike,15,263.5
10,2,2,casual,classic_bike,15,179.5
10,2,2,member,electric_bike,73,892.4
10,2,2,member,classic_bike,9,135.0
10,2,2,casual,electric_bike,91,622.9
10,2,3,casual,classic_bike,5,66.2
10,2,3,member,electric_bike,60,543.7
10,2,3,member,classic_bike,10,60.4
10,2,3,casual,electric_bike,42,408.8
10,2,4,casual,electric_bike,52,389.7
10,2,4,casual,classic_bike,6,553.2
10,2,4,member,classic_bike,25,215.5
10,2,4,member,electric_bike,77,611.5
10,2,5,member,electric_bike,370,2933.3
10,2,5,casual,classic_bike,44,482.5
10,2,5,casual,electric_bike,98,696.5
10,2,5,member,classic_bike,179,2293.2
10,2,6,member,electric_bike,1219,10581.0
10,2,6,casual,electric_bike,303,2326.4
10,2,6,member,classic_bike,593,7624.4
10,2,6,casual,classic_bike,61,1476.7
10,2,7,casual,classic_bike,180,2658.7
10,2,7,casual,electric_bike,657,5387.6
10,2,7,member,electric_bike,2661,26754.5
10,2,7,member,classic_bike,1343,18644.8
10,2,8,casual,electric_bike,787,6903.2
10,2,8,casual,classic_bike,254,5252.0
10,2,8,member,electric_bike,3386,34279.2
10,2,8,member,classic_bike,1674,21456.5
10,2,9,member,electric_bike,1514,14205.6
10,2,9,casual,classic_bike,237,5997.4
10,2,9,casual,electric_bike,580,5054.3
10,2,9,member,classic_bike,781,9596.6
10,2,10,member,electric_bike,1112,9861.1
10,2,10,member,classic_bike,624,7632.9
10,2,10,casual,electric_bike,458,5932.2
10,2,10,casual,classic_bike,260,11106.3
10,2,11,casual,electric_bike,559,6528.6
10,2,11,casual,classic_bike,292,11963.5
10,2,11,member,classic_bike,730,9277.7
10,2,11,member,electric_bike,1203,11283.7
10,2,12,casual,electric_bike,671,8547.4
10,2,12,casual,classic_bike,348,11570.1
10,2,12,member,electric_bike,1485,13733.0
10,2,12,member,classic_bike,885,10329.2
10,2,13,casual,classic_bike,327,8627.0
10,2,13,casual,electric_bike,623,7234.0
10,2,13,member,classic_bike,846,9675.9
10,2,13,member,electric_bike,1439,14019.9
10,2,14,member,electric_bike,1390,14400.3
10,2,14,casual,classic_bike,376,13678.3
10,2,14,member,classic_bike,786,9723.5
10,2,14,casual,electric_bike,763,9983.7
10,2,15,member,electric_bike,2290,24381.8
10,2,15,member,classic_bike,1207,15442.9
10,2,15,casual,electric_bike,1052,12754.7
10,2,15,casual,classic_bike,391,12137.0
10,2,16,casual,classic_bike,481,8927.8
10,2,16,casual,electric_bike,1417,16312.2
10,2,16,member,electric_bike,3811,43027.0
10,2,16,member,classic_bike,1872,26824.6
10,2,17,member,classic_bike,2369,37728.8
10,2,17,casual,electric_bike,1559,19068.8
10,2,17,casual,classic_bike,573,11180.7
10,2,17,member,electric_bike,4580,53207.0
10,2,18,member,electric_bike,3105,33530.9
10,2,18,member,classic_bike,1709,21014.8
10,2,18,casual,classic_bike,399,11134.4
10,2,18,casual,electric_bike,1248,13445.6
10,2,19,casual,classic_bike,245,4746.5
10,2,19,casual,electric_bike,730,7258.2
10,2,19,member,classic_bike,1019,13023.3
10,2,19,member,electric_bike,1957,19166.3
10,2,20,casual,classic_bike,197,4095.0
10,2,20,member,electric_bike,1370,13564.2
10,2,20,member,classic_bike,658,7449.1
10,2,20,casual,electric_bike,580,5543.1
10,2,21,casual,classic_bike,156,5540.0
10,2,21,casual,electric_bike,517,5045.1
10,2,21,member,classic_bike,538,6196.6
10,2,21,member,electric_bike,1040,10110.6
10,2,22,member,classic_bike,288,5930.6
10,2,22,casual,electric_bike,396,3848.8
10,2,22,member,electric_bike,699,7228.0
10,2,22,casual,classic_bike,79,1850.4
10,2,23,member,electric_bike,362,4195.9
10,2,23,casual,electric_bike,251,2481.5
10,2,23,casual,classic_bike,85,2818.6
10,2,23,member,classic_bike,152,1743.4
10,3,0,casual,electric_bike,263,2634.2
10,3,0,member,electric_bike,275,2548.6
10,3,0,member,classic_bike,81,1796.4
10,3,0,casual,classic_bike,56,887.4
10,3,1,casual,classic_bike,37,493.0
10,3,1,member,electric_bike,122,1145.9
10,3,1,casual,electric_bike,163,1563.7
10,3,1,member,classic_bike,44,499.3
10,3,2,member,classic_bike,9,76.5
10,3,2,casual,classic_bike,27,993.8
10,3,2,member,electric_bike,76,786.8
10,3,2,casual,electric_bike,105,1066.6
10,3,3,casual,electric_bike,51,793.9
10,3,3,member,electric_bike,59,716.8
10,3,3,member,classic_bike,4,19.0
10,3,3,casual,classic_bike,11,170.4
10,3,4,casual,electric_bike,87,647.0
10,3,4,member,classic_bike,28,372.4
10,3,4,casual,classic_bike,12,209.6
10,3,4,member,electric_bike,94,864.4
10,3,5,casual,classic_bike,46,865.6
10,3,5,member,electric_bike,525,4239.3
10,3,5,member,classic_bike,275,4190.0
10,3,5,casual,electric_bike,162,1347.2
10,3,6,casual,electric_bike,448,3236.4
10,3,6,member,electric_bike,1732,15766.5
10,3,6,member,classic_bike,779,10489.2
10,3,6,casual,classic_bike,92,2209.6
10,3,7,casual,classic_bike,237,3756.6
10,3,7,member,electric_bike,3745,37385.6
10,3,7,casual,electric_bike,1004,8174.8
10,3,7,member,classic_bike,1900,28124.7
10,3,8,casual,electric_bike,1254,11129.1
10,3,8,casual,classic_bike,335,4741.2
10,3,8,member,electric_bike,4526,46145.6
10,3,8,member,classic_bike,2210,25297.4
10,3,9,member,classic_bike,1164,12539.2
10,3,9,member,electric_bike,2050,19248.3
10,3,9,casual,classic_bike,260,5819.7
10,3,9,casual,electric_bike,686,6233.6
10,3,10,casual,electric_bike,527,6052.6
10,3,10,member,electric_bike,1378,12871.1
10,3,10,casual,classic_bike,259,6346.8
10,3,10,member,classic_bike,912,10234.7
10,3,11,member,electric_bike,1538,16289.8
10,3,11,member,classic_bike,957,10253.5
10,3,11,casual,electric_bike,749,8641.1
10,3,11,casual,classic_bike,313,6871.5
10,3,12,casual,electric_bike,950,10759.4
10,3,12,member,electric_bike,2005,19751.4
10,3,12,member,classic_bike,1155,12086.8
10,3,12,casual,classic_bike,404,9639.6
10,3,13,casual,classic_bike,393,10645.5
10,3,13,member,electric_bike,2090,21027.1
10,3,13,casual,electric_bike,1015,12194.3
10,3,13,member,classic_bike,1159,13609.1
10,3,14,member,classic_bike,1125,12444.4
10,3,14,casual,electric_bike,1158,14017.8
10,3,14,casual,classic_bike,419,12993.5
10,3,14,member,electric_bike,2090,22445.4
10,3,15,member,electric_bike,3121,33994.8
10,3,15,member,classic_bike,1565,18853.1
10,3,15,casual,electric_bike,1492,17718.9
10,3,15,casual,classic_bike,448,8892.3
10,3,16,casual,electric_bike,1904,22276.9
10,3,16,member,electric_bike,5167,59390.2
10,3,16,casual,classic_bike,616,12123.9
10,3,16,member,classic_bike,2538,32312.2
10,3,17,casual,classic_bike,775,15141.6
10,3,17,member,classic_bike,3240,46884.0
10,3,17,casual,electric_bike,2644,30433.0
10,3,17,member,electric_bike,6200,72884.9
10,3,18,member,electric_bike,4328,47079.2
10,3,18,casual,electric_bike,1911,20359.6
10,3,18,member,classic_bike,2360,34966.2
10,3,18,casual,classic_bike,622,13267.6
10,3,19,member,electric_bike,3017,30344.3
10,3,19,casual,electric_bike,1421,14841.2
10,3,19,casual,classic_bike,462,7963.4
10,3,19,member,classic_bike,1426,16158.9
10,3,20,member,classic_bike,964,12418.5
10,3,20,member,electric_bike,1894,19684.9
10,3,20,casual,classic_bike,301,4720.8
10,3,20,casual,electric_bike,1012,10519.9
10,3,21,member,classic_bike,718,10554.5
10,3,21,casual,classic_bike,268,5235.4
10,3,21,member,electric_bike,1592,16640.9
10,3,21,casual,electric_bike,881,8613.0
10,3,22,member,electric_bike,1145,11372.8
10,3,22,member,classic_bike,405,5674.6
10,3,22,casual,classic_bike,189,3829.9
10,3,22,casual,electric_bike,674,7101.4
10,3,23,casual,classic_bike,119,2979.0
10,3,23,casual,electric_bike,383,3732.0
10,3,23,member,electric_bike,554,5925.5
10,3,23,member,classic_bike,202,3338.6
10,4,0,casual,classic_bike,66,806.4
10,4,0,member,electric_bike,281,2900.6
10,4,0,casual,electric_bike,314,2870.6
10,4,0,member,classic_bike,95,2092.4
10,4,1,member,classic_bike,50,583.5
10,4,1,member,electric_bike,157,1646.0
10,4,1,casual,classic_bike,41,1351.4
10,4,1,casual,electric_bike,179,1618.0
10,4,2,member,classic_bike,17,197.2
10,4,2,member,electric_bike,87,767.7
10,4,2,casual,classic_bike,16,1243.9
10,4,2,casual,electric_bike,106,1024.6
10,4,3,casual,electric_bike,73,697.9
10,4,3,casual,classic_bike,19,828.0
10,4,3,member,electric_bike,52,441.9
10,4,3,member,classic_bike,12,159.4
10,4,4,member,electric_bike,101,894.6
10,4,4,casual,electric_bike,80,625.6
10,4,4,casual,classic_bike,16,452.4
10,4,4,member,classic_bike,34,456.4
10,4,5,casual,electric_bike,125,857.8
10,4,5,member,electric_bike,488,3660.8
10,4,5,member,classic_bike,242,3501.0
10,4,5,casual,classic_bike,43,1120.9
10,4,6,casual,classic_bike,115,1504.8
10,4,6,member,electric_bike,1679,15641.2
10,4,6,member,classic_bike,790,9867.5
10,4,6,casual,electric_bike,467,3754.4
10,4,7,member,classic_bike,1825,25390.5
10,4,7,casual,electric_bike,1021,8249.1
10,4,7,casual,classic_bike,245,3598.3
10,4,7,member,electric_bike,3729,37086.3
10,4,8,casual,electric_bike,1270,11749.6
10,4,8,casual,classic_bike,362,5843.6
10,4,8,member,electric_bike,4814,49227.8
10,4,8,member,classic_bike,2286,30102.7
10,4,9,member,classic_bike,1337,16238.0
10,4,9,casual,electric_bike,896,8757.8
10,4,9,casual,classic_bike,349,8109.3
10,4,9,member,electric_bike,2476,23425.6
10,4,10,member,electric_bike,1628,15529.3
10,4,10,member,classic_bike,959,11339.1
10,4,10,casual,electric_bike,753,9267.8
10,4,10,casual,classic_bike,406,12910.8
10,4,11,casual,electric_bike,849,11387.0
10,4,11,member,electric_bike,1765,18049.1
10,4,11,casual,classic_bike,507,19085.1
10,4,11,member,classic_bike,1064,12330.4
10,4,12,member,electric_bike,2183,21405.2
10,4,12,member,classic_bike,1326,15190.0
10,4,12,casual,electric_bike,1061,12711.6
10,4,12,casual,classic_bike,565,19046.6
10,4,13,member,electric_bike,2121,21910.6
10,4,13,casual,electric_bike,1120,17066.1
10,4,13,member,classic_bike,1232,15286.4
10,4,13,casual,classic_bike,549,17939.5
10,4,14,casual,electric_bike,1414,19985.4
10,4,14,casual,classic_bike,564,14796.3
10,4,14,member,electric_bike,2265,25766.2
10,4,14,member,classic_bike,1144,14219.8
10,4,15,casual,classic_bike,712,18212.6
10,4,15,casual,electric_bike,1755,23389.6
10,4,15,member,classic_bike,1674,20963.6
10,4,15,member,electric_bike,3510,39379.1
10,4,16,member,classic_bike,2443,33177.0
10,4,16,casual,classic_bike,781,15315.9
10,4,16,member,electric_bike,5432,66442.0
10,4,16,casual,electric_bike,2304,27768.8
10,4,17,casual,electric_bike,2679,31441.6
10,4,17,casual,classic_bike,969,18111.8
10,4,17,member,electric_bike,6258,73938.4
10,4,17,member,classic_bike,3169,44132.6
10,4,18,casual,electric_bike,2274,25713.8
10,4,18,casual,classic_bike,788,13334.3
10,4,18,member,electric_bike,4639,52399.2
10,4,18,member,classic_bike,2335,31412.0
10,4,19,casual,classic_bike,524,10423.9
10,4,19,casual,electric_bike,1883,20793.6
10,4,19,member,electric_bike,3227,35218.9
10,4,19,member,classic_bike,1478,17522.4
10,4,20,casual,electric_bike,1139,11173.3
10,4,20,member,classic_bike,1019,12612.1
10,4,20,member,electric_bike,2030,21414.3
10,4,20,casual,classic_bike,414,8398.8
10,4,21,member,electric_bike,1571,15905.2
10,4,21,member,classic_bike,753,11590.9
10,4,21,casual,electric_bike,935,8833.5
10,4,21,casual,classic_bike,293,6865.4
10,4,22,member,classic_bike,555,9351.9
10,4,22,casual,electric_bike,878,8791.6
10,4,22,casual,classic_bike,231,4182.0
10,4,22,member,electric_bike,1313,13561.4
10,4,23,member,electric_bike,1066,11669.5
10,4,23,casual,electric_bike,1090,11630.3
10,4,23,member,classic_bike,321,5212.5
10,4,23,casual,classic_bike,204,4887.0
10,5,0,member,classic_bike,151,2054.9
10,5,0,casual,electric_bike,603,5739.4
10,5,0,member,electric_bike,488,4684.1
10,5,0,casual,classic_bike,150,4240.4
10,5,1,casual,electric_bike,301,2905.4
10,5,1,member,classic_bike,71,895.0
10,5,1,casual,classic_bike,91,4357.9
10,5,1,member,electric_bike,258,2360.9
10,5,2,casual,classic_bike,41,460.4
10,5,2,member,classic_bike,43,351.2
10,5,2,casual,electric_bike,203,1765.5
10,5,2,member,electric_bike,125,1171.3
10,5,3,casual,electric_bike,111,851.4
10,5,3,casual,classic_bike,23,513.5
10,5,3,member,electric_bike,88,892.0
10,5,3,member,classic_bike,25,280.6
10,5,4,member,electric_bike,109,1090.2
10,5,4,casual,electric_bike,128,1136.8
10,5,4,member,classic_bike,39,489.1
10,5,4,casual,classic_bike,21,159.5
10,5,5,member,electric_bike,461,3948.3
10,5,5,casual,electric_bike,133,1287.7
10,5,5,casual,classic_bike,43,435.5
10,5,5,member,classic_bike,210,3130.1
10,5,6,casual,electric_bike,422,3641.2
10,5,6,member,classic_bike,604,8025.0
10,5,6,casual,classic_bike,99,3059.4
10,5,6,member,electric_bike,1328,12186.6
10,5,7,member,electric_bike,2432,23896.1
10,5,7,member,classic_bike,1198,16244.1
10,5,7,casual,classic_bike,206,2930.7
10,5,7,casual,electric_bike,815,7344.3
10,5,8,casual,classic_bike,323,9250.4
10,5,8,member,electric_bike,3184,31026.6
10,5,8,casual,electric_bike,997,9815.7
10,5,8,member,classic_bike,1571,20839.5
10,5,9,member,electric_bike,2102,19181.8
10,5,9,casual,classic_bike,374,11953.0
10,5,9,casual,electric_bike,922,9657.2
10,5,9,member,classic_bike,1065,12900.6
10,5,10,member,classic_bike,977,15220.4
10,5,10,member,electric_bike,1673,17292.0
10,5,10,casual,electric_bike,982,14284.1
10,5,10,casual,classic_bike,585,20972.7
10,5,11,casual,classic_bike,684,21349.0
10,5,11,casual,electric_bike,1274,21175.2
10,5,11,member,electric_bike,2127,22966.7
10,5,11,member,classic_bike,1089,14951.7
10,5,12,member,electric_bike,2464,25096.7
10,5,12,member,classic_bike,1312,16169.3
10,5,12,casual,classic_bike,840,27842.1
10,5,12,casual,electric_bike,1558,24124.2
10,5,13,casual,classic_bike,877,25731.4
10,5,13,member,classic_bike,1355,15942.9
10,5,13,member,electric_bike,2559,26513.6
10,5,13,casual,electric_bike,1790,26908.2
10,5,14,casual,electric_bike,1793,26666.8
10,5,14,member,classic_bike,1260,16639.8
10,5,14,member,electric_bike,2658,27753.2
10,5,14,casual,classic_bike,794,22502.3
10,5,15,member,classic_bike,1637,24637.2
10,5,15,casual,electric_bike,2332,33769.5
10,5,15,casual,classic_bike,973,26841.5
10,5,15,member,electric_bike,3550,38923.4
10,5,16,member,classic_bike,2096,28269.4
10,5,16,casual,classic_bike,1029,28252.7
10,5,16,casual,electric_bike,2436,33001.9
10,5,16,member,electric_bike,4710,54620.8
10,5,17,casual,classic_bike,1014,29103.3
10,5,17,member,electric_bike,4683,55045.1
10,5,17,casual,electric_bike,2724,34796.7
10,5,17,member,classic_bike,2418,36124.3
10,5,18,member,classic_bike,1809,28446.1
10,5,18,member,electric_bike,3759,43500.1
10,5,18,casual,electric_bike,2201,26953.8
10,5,18,casual,classic_bike,849,19013.0
10,5,19,casual,classic_bike,590,13737.2
10,5,19,member,electric_bike,2672,28605.1
10,5,19,casual,electric_bike,1581,17036.6
10,5,19,member,classic_bike,1249,20939.4
10,5,20,member,electric_bike,1770,19011.9
10,5,20,casual,classic_bike,431,10305.8
10,5,20,member,classic_bike,804,9788.4
10,5,20,casual,electric_bike,1198,13389.0
10,5,21,member,classic_bike,583,7411.7
10,5,21,casual,electric_bike,1113,13205.9
10,5,21,casual,classic_bike,337,6816.0
10,5,21,member,electric_bike,1430,15346.0
10,5,22,casual,electric_bike,1119,13071.1
10,5,22,member,classic_bike,525,6961.6
10,5,22,member,electric_bike,1384,15023.9
10,5,22,casual,classic_bike,342,6717.6
10,5,23,casual,classic_bike,309,8726.7
10,5,23,member,classic_bike,346,4408.4
10,5,23,casual,electric_bike,970,10867.9
10,5,23,member,electric_bike,1052,11073.3
10,6,0,casual,electric_bike,962,10307.2
10,6,0,member,classic_bike,223,3328.4
10,6,0,casual,classic_bike,259,8854.4
10,6,0,member,electric_bike,777,8103.6
10,6,1,member,electric_bike,472,4707.0
10,6,1,casual,electric_bike,644,7367.2
10,6,1,casual,classic_bike,211,3361.5
10,6,1,member,classic_bike,148,2230.3
10,6,2,member,classic_bike,83,924.5
10,6,2,member,electric_bike,331,3426.6
10,6,2,casual,classic_bike,115,3330.2
10,6,2,casual,electric_bike,416,4530.3
10,6,3,member,classic_bike,46,1178.0
10,6,3,member,electric_bike,171,1561.3
10,6,3,casual,classic_bike,65,1810.2
10,6,3,casual,electric_bike,226,2530.6
10,6,4,casual,electric_bike,162,1521.3
10,6,4,casual,classic_bike,37,500.8
10,6,4,member,classic_bike,15,476.7
10,6,4,member,electric_bike,72,720.2
10,6,5,member,electric_bike,130,1216.0
10,6,5,casual,electric_bike,101,897.1
10,6,5,casual,classic_bike,31,434.8
10,6,5,member,classic_bike,47,742.4
10,6,6,casual,electric_bike,192,2104.8
10,6,6,member,classic_bike,161,2011.0
10,6,6,member,electric_bike,323,3457.5
10,6,6,casual,classic_bike,72,2723.2
10,6,7,casual,electric_bike,446,5821.7
10,6,7,casual,classic_bike,174,4591.7
10,6,7,member,classic_bike,353,4095.7
10,6,7,member,electric_bike,655,6382.8
10,6,8,member,electric_bike,1151,12124.3
10,6,8,casual,classic_bike,390,10439.9
10,6,8,casual,electric_bike,748,10010.2
10,6,8,member,classic_bike,678,9417.4
10,6,9,casual,electric_bike,1195,17822.8
10,6,9,member,electric_bike,1672,18307.8
10,6,9,casual,classic_bike,652,22891.1
10,6,9,member,classic_bike,987,15920.2
10,6,10,casual,classic_bike,1048,33534.0
10,6,10,member,electric_bike,2263,27268.7
10,6,10,member,classic_bike,1308,20796.3
10,6,10,casual,electric_bike,1847,29742.0
10,6,11,member,classic_bike,1345,19949.7
10,6,11,casual,electric_bike,2342,39667.6
10,6,11,member,electric_bike,2754,35374.9
10,6,11,casual,classic_bike,1304,42766.0
10,6,12,member,classic_bike,1481,23049.2
10,6,12,casual,classic_bike,1536,49059.7
10,6,12,member,electric_bike,2499,31857.4
10,6,12,casual,electric_bike,2530,42446.3
10,6,13,casual,electric_bike,2424,42065.7
10,6,13,casual,classic_bike,1439,43626.9
10,6,13,member,electric_bike,2447,30909.3
10,6,13,member,classic_bike,1411,20186.9
10,6,14,casual,electric_bike,2575,44312.2
10,6,14,member,classic_bike,1417,21521.4
10,6,14,casual,classic_bike,1434,41794.5
10,6,14,member,electric_bike,2572,33704.3
10,6,15,member,classic_bike,1400,21790.5
10,6,15,casual,electric_bike,2507,42318.0
10,6,15,casual,classic_bike,1330,43393.8
10,6,15,member,electric_bike,2595,34606.2
10,6,16,member,electric_bike,2432,31708.1
10,6,16,member,classic_bike,1321,20117.8
10,6,16,casual,electric_bike,2177,34559.9
10,6,16,casual,classic_bike,1225,34349.2
10,6,17,member,classic_bike,1213,18601.8
10,6,17,casual,classic_bike,996,27291.9
10,6,17,member,electric_bike,2346,29058.4
10,6,17,casual,electric_bike,2008,29339.7
10,6,18,casual,classic_bike,779,19797.1
10,6,18,member,electric_bike,2420,29336.9
10,6,18,member,classic_bike,1079,17424.4
10,6,18,casual,electric_bike,1846,24973.1
10,6,19,casual,electric_bike,1159,14155.7
10,6,19,member,classic_bike,674,9082.4
10,6,19,casual,classic_bike,491,10153.5
10,6,19,member,electric_bike,1562,18123.7
10,6,20,member,electric_bike,962,10646.1
10,6,20,casual,electric_bike,816,9073.9
10,6,20,member,classic_bike,490,6845.3
10,6,20,casual,classic_bike,322,8520.6
10,6,21,casual,electric_bike,816,9179.1
10,6,21,member,electric_bike,903,10016.8
10,6,21,member,classic_bike,379,5440.7
10,6,21,casual,classic_bike,263,5213.6
10,6,22,member,classic_bike,320,4300.0
10,6,22,casual,electric_bike,815,9462.7
10,6,22,member,electric_bike,938,10312.7
10,6,22,casual,classic_bike,284,7073.5
10,6,23,member,electric_bike,698,8075.7
10,6,23,casual,electric_bike,651,6885.1
10,6,23,casual,classic_bike,203,4916.9
10,6,23,member,classic_bike,242,5339.7
10,7,0,member,electric_bike,595,5983.2
10,7,0,casual,electric_bike,763,7900.4
10,7,0,casual,classic_bike,241,3352.4
10,7,0,member,classic_bike,238,3290.8
10,7,1,casual,electric_bike,529,5471.2
10,7,1,member,classic_bike,134,1537.0
10,7,1,member,electric_bike,382,4059.1
10,7,1,casual,classic_bike,136,2156.9
10,7,2,casual,electric_bike,394,4340.4
10,7,2,casual,classic_bike,146,3092.5
10,7,2,member,classic_bike,74,1597.3
10,7,2,member,electric_bike,289,3113.1
10,7,3,casual,classic_bike,67,2587.1
10,7,3,member,electric_bike,184,1744.7
10,7,3,member,classic_bike,44,426.3
10,7,3,casual,electric_bike,250,3117.9
10,7,4,casual,classic_bike,52,863.2
10,7,4,casual,electric_bike,178,1801.5
10,7,4,member,electric_bike,135,1411.3
10,7,4,member,classic_bike,30,292.3
10,7,5,member,classic_bike,69,1503.6
10,7,5,casual,electric_bike,264,3123.4
10,7,5,casual,classic_bike,99,5026.2
10,7,5,member,electric_bike,203,1953.0
10,7,6,member,electric_bike,398,4932.3
10,7,6,casual,classic_bike,213,6699.1
10,7,6,member,classic_bike,144,2032.5
10,7,6,casual,electric_bike,439,6001.6
10,7,7,casual,electric_bike,652,10584.5
10,7,7,casual,classic_bike,346,23417.7
10,7,7,member,electric_bike,535,5503.1
10,7,7,member,classic_bike,292,4019.1
10,7,8,casual,electric_bike,873,13676.3
10,7,8,member,classic_bike,498,7470.8
10,7,8,casual,classic_bike,467,18934.4
10,7,8,member,electric_bike,895,10272.6
10,7,9,member,classic_bike,716,11195.7
10,7,9,casual,electric_bike,1356,27963.0
10,7,9,member,electric_bike,1238,14997.7
10,7,9,casual,classic_bike,851,34164.4
10,7,10,casual,electric_bike,1850,31537.3
10,7,10,member,classic_bike,958,14881.7
10,7,10,casual,classic_bike,1056,42648.0
10,7,10,member,electric_bike,1709,21113.6
10,7,11,casual,classic_bike,1155,48450.1
10,7,11,casual,electric_bike,2108,35330.6
10,7,11,member,classic_bike,1057,20964.0
10,7,11,member,electric_bike,2042,24931.7
10,7,12,casual,electric_bike,2159,37884.1
10,7,12,member,classic_bike,1165,21332.7
10,7,12,casual,classic_bike,1214,38722.9
10,7,12,member,electric_bike,1994,25813.8
10,7,13,casual,classic_bike,1164,36544.1
10,7,13,member,classic_bike,1229,22445.5
10,7,13,member,electric_bike,2002,25201.9
10,7,13,casual,electric_bike,2039,33364.6
10,7,14,casual,classic_bike,1164,40722.7
10,7,14,member,electric_bike,2079,27386.8
10,7,14,member,classic_bike,1306,22967.2
10,7,14,casual,electric_bike,2013,31976.5
10,7,15,casual,electric_bike,2094,33382.9
10,7,15,member,classic_bike,1393,24705.0
10,7,15,casual,classic_bike,1228,39838.4
10,7,15,member,electric_bike,2297,28631.2
10,7,16,member,classic_bike,1398,26567.5
10,7,16,casual,classic_bike,1058,33777.4
10,7,16,member,electric_bike,2213,29290.2
10,7,16,casual,electric_bike,1758,26144.2
10,7,17,member,classic_bike,1347,21123.2
10,7,17,casual,electric_bike,1544,24245.8
10,7,17,casual,classic_bike,868,23207.8
10,7,17,member,electric_bike,2058,26332.1
10,7,18,casual,classic_bike,614,17728.2
10,7,18,member,classic_bike,1172,17954.1
10,7,18,member,electric_bike,1863,23784.6
10,7,18,casual,electric_bike,1207,15427.0
10,7,19,casual,classic_bike,321,5823.0
10,7,19,member,electric_bike,1370,15096.4
10,7,19,member,classic_bike,667,8803.9
10,7,19,casual,electric_bike,881,10710.0
10,7,20,casual,electric_bike,651,7473.4
10,7,20,member,electric_bike,961,10130.4
10,7,20,casual,classic_bike,215,5883.4
10,7,20,member,classic_bike,483,5432.3
10,7,21,member,classic_bike,359,5448.2
10,7,21,casual,electric_bike,573,6578.0
10,7,21,member,electric_bike,786,8152.2
10,7,21,casual,classic_bike,217,8336.0
10,7,22,member,electric_bike,584,6873.4
10,7,22,casual,electric_bike,419,5133.6
10,7,22,member,classic_bike,228,3228.1
10,7,22,casual,classic_bike,157,2468.7
10,7,23,member,electric_bike,337,3134.3
10,7,23,member,classic_bike,135,2465.6
10,7,23,casual,classic_bike,58,1517.1
10,7,23,casual,electric_bike,278,3699.5
11,1,0,casual,electric_bike,78,621.3
11,1,0,member,electric_bike,89,715.0
11,1,0,casual,classic_bike,23,208.5
11,1,0,member,classic_bike,32,399.7
11,1,1,casual,electric_bike,44,725.6
11,1,1,member,electric_bike,59,706.4
11,1,1,member,classic_bike,19,245.8
11,1,1,casual,classic_bike,10,141.5
11,1,2,casual,electric_bike,44,517.4
11,1,2,member,classic_bike,9,76.8
11,1,2,member,electric_bike,38,375.1
11,1,2,casual,classic_bike,6,50.7
11,1,3,casual,classic_bike,10,1205.8
11,1,3,member,electric_bike,34,375.4
11,1,3,casual,electric_bike,24,262.8
11,1,3,member,classic_bike,6,87.9
11,1,4,casual,electric_bike,33,260.0
11,1,4,member,electric_bike,45,395.2
11,1,4,member,classic_bike,20,355.7
11,1,4,casual,classic_bike,9,86.3
11,1,5,casual,electric_bike,71,588.2
11,1,5,member,classic_bike,169,2278.7
11,1,5,member,electric_bike,278,2309.6
11,1,5,casual,classic_bike,19,544.0
11,1,6,member,electric_bike,801,6710.7
11,1,6,casual,classic_bike,35,996.1
11,1,6,casual,electric_bike,188,1228.3
11,1,6,member,classic_bike,425,5541.7
11,1,7,member,electric_bike,1674,16555.8
11,1,7,casual,classic_bike,74,808.1
11,1,7,member,classic_bike,910,13839.4
11,1,7,casual,electric_bike,341,2627.1
11,1,8,member,electric_bike,2037,19262.7
11,1,8,member,classic_bike,1164,17365.4
11,1,8,casual,classic_bike,130,2374.3
11,1,8,casual,electric_bike,416,3449.1
11,1,9,member,electric_bike,1027,8412.6
11,1,9,casual,electric_bike,289,3147.8
11,1,9,member,classic_bike,582,7839.9
11,1,9,casual,classic_bike,95,2701.4
11,1,10,member,classic_bike,433,4653.7
11,1,10,member,electric_bike,709,6854.4
11,1,10,casual,electric_bike,277,3744.7
11,1,10,casual,classic_bike,114,3210.9
11,1,11,member,electric_bike,845,8713.5
11,1,11,casual,electric_bike,323,4228.7
11,1,11,member,classic_bike,535,5323.6
11,1,11,casual,classic_bike,171,5505.6
11,1,12,member,electric_bike,1032,9948.8
11,1,12,casual,classic_bike,187,4999.0
11,1,12,member,classic_bike,623,7641.2
11,1,12,casual,electric_bike,397,4782.0
11,1,13,casual,classic_bike,182,3910.2
11,1,13,casual,electric_bike,469,5628.2
11,1,13,member,classic_bike,596,6438.7
11,1,13,member,electric_bike,1043,10652.0
11,1,14,casual,classic_bike,171,4494.0
11,1,14,casual,electric_bike,436,4950.6
11,1,14,member,electric_bike,1031,10314.2
11,1,14,member,classic_bike,593,7082.1
11,1,15,casual,classic_bike,220,5065.5
11,1,15,member,electric_bike,1586,15960.8
11,1,15,member,classic_bike,805,9569.4
11,1,15,casual,electric_bike,554,5468.0
11,1,16,casual,electric_bike,684,6702.5
11,1,16,member,classic_bike,1295,15794.8
11,1,16,casual,classic_bike,222,3969.4
11,1,16,member,electric_bike,2459,26199.5
11,1,17,casual,electric_bike,698,6669.8
11,1,17,casual,classic_bike,214,4907.2
11,1,17,member,electric_bike,2673,27516.2
11,1,17,member,classic_bike,1506,18612.4
11,1,18,member,electric_bike,1837,17557.4
11,1,18,member,classic_bike,1084,13628.9
11,1,18,casual,classic_bike,143,2247.9
11,1,18,casual,electric_bike,510,4107.7
11,1,19,casual,electric_bike,375,3163.9
11,1,19,member,classic_bike,694,8591.7
11,1,19,member,electric_bike,1144,10301.7
11,1,19,casual,classic_bike,117,2045.6
11,1,20,member,electric_bike,787,7552.7
11,1,20,member,classic_bike,438,5277.9
11,1,20,casual,classic_bike,93,1089.2
11,1,20,casual,electric_bike,279,2544.5
11,1,21,casual,electric_bike,278,2799.8
11,1,21,member,electric_bike,655,6030.8
11,1,21,member,classic_bike,347,5468.8
11,1,21,casual,classic_bike,73,1113.8
11,1,22,member,electric_bike,419,4020.4
11,1,22,casual,electric_bike,185,1775.7
11,1,22,member,classic_bike,189,3286.2
11,1,22,casual,classic_bike,60,2295.6
11,1,23,member,electric_bike,282,3154.1
11,1,23,casual,classic_bike,67,1556.4
11,1,23,casual,electric_bike,189,2152.0
11,1,23,member,classic_bike,94,1288.4
11,2,0,casual,classic_bike,32,852.3
11,2,0,member,electric_bike,148,1263.9
11,2,0,member,classic_bike,33,459.8
11,2,0,casual,electric_bike,106,888.9
11,2,1,casual,classic_bike,18,423.6
11,2,1,member,classic_bike,9,121.4
11,2,1,casual,electric_bike,57,569.5
11,2,1,member,electric_bike,58,877.6
11,2,2,member,classic_bike,8,29.3
11,2,2,casual,electric_bike,53,502.0
11,2,2,member,electric_bike,36,418.7
11,2,2,casual,classic_bike,5,177.2
11,2,3,casual,electric_bike,18,180.7
11,2,3,casual,classic_bike,4,22.2
11,2,3,member,classic_bike,3,39.7
11,2,3,member,electric_bike,25,275.1
11,2,4,casual,electric_bike,28,186.7
11,2,4,member,electric_bike,53,382.1
11,2,4,casual,classic_bike,6,862.9
11,2,4,member,classic_bike,21,452.4
11,2,5,casual,classic_bike,24,413.0
11,2,5,member,classic_bike,129,2089.7
11,2,5,casual,electric_bike,67,506.9
11,2,5,member,electric_bike,282,2114.8
11,2,6,casual,electric_bike,153,1075.7
11,2,6,casual,classic_bike,34,260.2
11,2,6,member,electric_bike,801,6677.7
11,2,6,member,classic_bike,399,5832.8
11,2,7,member,classic_bike,880,12098.0
11,2,7,member,electric_bike,1784,16741.6
11,2,7,casual,classic_bike,63,1394.6
11,2,7,casual,electric_bike,358,2480.4
11,2,8,casual,electric_bike,525,4407.2
11,2,8,casual,classic_bike,131,2314.8
11,2,8,member,electric_bike,2440,23217.1
11,2,8,member,classic_bike,1218,16019.6
11,2,9,casual,electric_bike,373,2988.0
11,2,9,member,electric_bike,1223,10655.0
11,2,9,casual,classic_bike,103,2429.0
11,2,9,member,classic_bike,651,7447.6
11,2,10,casual,electric_bike,262,2707.9
11,2,10,member,electric_bike,748,7074.8
11,2,10,member,classic_bike,465,6228.3
11,2,10,casual,classic_bike,112,2040.5
11,2,11,casual,classic_bike,150,3402.3
11,2,11,casual,electric_bike,364,3506.1
11,2,11,member,electric_bike,856,9353.7
11,2,11,member,classic_bike,511,5819.1
11,2,12,member,electric_bike,1136,10198.4
11,2,12,casual,classic_bike,157,3308.3
11,2,12,member,classic_bike,703,6932.2
11,2,12,casual,electric_bike,418,4521.3
11,2,13,casual,electric_bike,482,4944.2
11,2,13,member,electric_bike,1154,11101.7
11,2,13,casual,classic_bike,145,3157.2
11,2,13,member,classic_bike,666,6534.6
11,2,14,member,electric_bike,1133,11124.7
11,2,14,member,classic_bike,629,7980.0
11,2,14,casual,electric_bike,452,4606.2
11,2,14,casual,classic_bike,171,4746.8
11,2,15,casual,electric_bike,586,5724.6
11,2,15,casual,classic_bike,198,4875.8
11,2,15,member,electric_bike,1761,17292.0
11,2,15,member,classic_bike,893,10392.3
11,2,16,casual,classic_bike,228,4733.6
11,2,16,casual,electric_bike,817,8528.2
11,2,16,member,classic_bike,1333,19469.7
11,2,16,member,electric_bike,2815,30267.9
11,2,17,casual,electric_bike,832,7908.2
11,2,17,member,electric_bike,3038,33008.5
11,2,17,casual,classic_bike,238,4260.9
11,2,17,member,classic_bike,1581,22410.6
11,2,18,member,electric_bike,2122,20880.2
11,2,18,casual,electric_bike,620,5963.2
11,2,18,member,classic_bike,1165,14845.2
11,2,18,casual,classic_bike,212,3743.6
11,2,19,casual,electric_bike,423,3455.3
11,2,19,member,classic_bike,743,12349.7
11,2,19,casual,classic_bike,142,1798.6
11,2,19,member,electric_bike,1355,12852.8
11,2,20,member,electric_bike,1018,9430.9
11,2,20,casual,classic_bike,110,1863.4
11,2,20,member,classic_bike,545,7450.1
11,2,20,casual,electric_bike,325,2987.4
11,2,21,member,electric_bike,761,7057.8
11,2,21,casual,electric_bike,342,2893.4
11,2,21,member,classic_bike,343,4510.7
11,2,21,casual,classic_bike,101,1149.4
11,2,22,casual,electric_bike,256,2297.0
11,2,22,member,classic_bike,200,2306.9
11,2,22,member,electric_bike,561,5573.3
11,2,22,casual,classic_bike,53,1044.0
11,2,23,casual,classic_bike,35,450.3
11,2,23,member,classic_bike,94,1052.9
11,2,23,casual,electric_bike,153,1357.9
11,2,23,member,electric_bike,264,2693.2
11,3,0,member,classic_bike,57,1046.6
11,3,0,casual,classic_bike,27,328.1
11,3,0,casual,electric_bike,137,1115.2
11,3,0,member,electric_bike,161,1557.1
11,3,1,casual,classic_bike,14,172.0
11,3,1,member,electric_bike,75,657.7
11,3,1,casual,electric_bike,64,536.1
11,3,1,member,classic_bike,16,1156.1
11,3,2,casual,classic_bike,6,67.3
11,3,2,casual,electric_bike,50,408.8
11,3,2,member,classic_bike,10,117.9
11,3,2,member,electric_bike,42,446.5
11,3,3,member,classic_bike,10,106.1
11,3,3,casual,electric_bike,29,255.1
11,3,3,casual,classic_bike,4,25.2
11,3,3,member,electric_bike,49,335.9
11,3,4,member,classic_bike,24,203.5
11,3,4,casual,classic_bike,13,104.4
11,3,4,member,electric_bike,65,570.0
11,3,4,casual,electric_bike,37,288.1
11,3,5,member,classic_bike,180,3388.7
11,3,5,casual,classic_bike,35,599.7
11,3,5,casual,electric_bike,86,566.5
11,3,5,member,electric_bike,302,2185.6
11,3,6,member,classic_bike,511,7583.1
11,3,6,member,electric_bike,1069,8733.3
11,3,6,casual,electric_bike,233,1599.2
11,3,6,casual,classic_bike,37,583.3
11,3,7,casual,electric_bike,471,3570.1
11,3,7,casual,classic_bike,83,908.6
11,3,7,member,classic_bike,1077,13711.4
11,3,7,member,electric_bike,2139,20544.0
11,3,8,member,classic_bike,1372,17742.6
11,3,8,member,electric_bike,2594,24719.9
11,3,8,casual,electric_bike,597,4992.6
11,3,8,casual,classic_bike,147,2518.5
11,3,9,member,classic_bike,669,8084.6
11,3,9,casual,classic_bike,121,1815.7
11,3,9,casual,electric_bike,346,2678.6
11,3,9,member,electric_bike,1284,11016.8
11,3,10,member,classic_bike,520,5512.7
11,3,10,member,electric_bike,836,7588.2
11,3,10,casual,classic_bike,114,2769.6
11,3,10,casual,electric_bike,296,2615.0
11,3,11,member,classic_bike,600,6364.2
11,3,11,casual,electric_bike,338,3699.7
11,3,11,member,electric_bike,1019,9081.5
11,3,11,casual,classic_bike,131,2343.9
11,3,12,member,electric_bike,1225,11506.8
11,3,12,casual,classic_bike,168,3802.7
11,3,12,casual,electric_bike,428,4158.0
11,3,12,member,classic_bike,676,9664.5
11,3,13,member,electric_bike,1189,11969.9
11,3,13,member,classic_bike,654,11386.8
11,3,13,casual,electric_bike,448,4130.2
11,3,13,casual,classic_bike,139,4891.6
11,3,14,casual,electric_bike,473,4522.4
11,3,14,member,classic_bike,641,9093.4
11,3,14,casual,classic_bike,178,5055.2
11,3,14,member,electric_bike,1278,11971.1
11,3,15,member,classic_bike,870,12582.6
11,3,15,member,electric_bike,1789,19281.9
11,3,15,casual,electric_bike,604,5725.4
11,3,15,casual,classic_bike,187,5021.1
11,3,16,casual,electric_bike,819,8000.3
11,3,16,member,classic_bike,1310,20541.6
11,3,16,member,electric_bike,2932,32231.7
11,3,16,casual,classic_bike,211,3423.1
11,3,17,casual,electric_bike,919,8820.3
11,3,17,member,electric_bike,3179,34009.1
11,3,17,member,classic_bike,1670,20943.8
11,3,17,casual,classic_bike,262,4089.7
11,3,18,member,electric_bike,2248,22233.2
11,3,18,casual,classic_bike,193,2599.8
11,3,18,casual,electric_bike,708,6910.5
11,3,18,member,classic_bike,1128,17089.2
11,3,19,casual,classic_bike,160,3106.2
11,3,19,member,electric_bike,1415,12733.7
11,3,19,member,classic_bike,747,11254.1
11,3,19,casual,electric_bike,476,4077.9
11,3,20,casual,electric_bike,374,3573.0
11,3,20,member,classic_bike,502,9361.4
11,3,20,casual,classic_bike,120,1745.5
11,3,20,member,electric_bike,975,9200.9
11,3,21,casual,classic_bike,105,3638.7
11,3,21,member,electric_bike,789,7755.6
11,3,21,casual,electric_bike,305,2723.4
11,3,21,member,classic_bike,416,6453.6
11,3,22,casual,classic_bike,79,1967.6
11,3,22,member,electric_bike,597,5589.5
11,3,22,casual,electric_bike,277,2510.1
11,3,22,member,classic_bike,273,3358.3
11,3,23,member,electric_bike,373,3713.5
11,3,23,casual,electric_bike,240,2248.5
11,3,23,member,classic_bike,149,3000.7
11,3,23,casual,classic_bike,56,1400.8
11,4,0,member,classic_bike,80,907.8
11,4,0,casual,electric_bike,144,1290.3
11,4,0,member,electric_bike,217,1914.8
11,4,0,casual,classic_bike,43,1475.1
11,4,1,member,electric_bike,121,1424.5
11,4,1,casual,classic_bike,29,521.8
11,4,1,casual,electric_bike,118,1000.6
11,4,1,member,classic_bike,30,399.6
11,4,2,member,classic_bike,15,109.0
11,4,2,casual,classic_bike,25,330.1
11,4,2,member,electric_bike,64,806.6
11,4,2,casual,electric_bike,88,720.3
11,4,3,member,classic_bike,9,162.8
11,4,3,casual,electric_bike,51,482.9
11,4,3,member,electric_bike,50,439.6
11,4,3,casual,classic_bike,12,139.4
11,4,4,casual,classic_bike,13,98.6
11,4,4,member,electric_bike,74,620.1
11,4,4,member,classic_bike,27,324.4
11,4,4,casual,electric_bike,45,405.9
11,4,5,member,classic_bike,115,1235.3
11,4,5,casual,electric_bike,70,446.8
11,4,5,member,electric_bike,248,1802.8
11,4,5,casual,classic_bike,21,229.2
11,4,6,member,electric_bike,882,7500.5
11,4,6,member,classic_bike,423,6020.7
11,4,6,casual,classic_bike,50,696.6
11,4,6,casual,electric_bike,198,1360.9
11,4,7,member,classic_bike,998,12374.3
11,4,7,casual,electric_bike,447,3197.5
11,4,7,casual,classic_bike,99,1230.8
11,4,7,member,electric_bike,1904,17942.4
11,4,8,casual,classic_bike,155,3595.7
11,4,8,casual,electric_bike,613,4795.5
11,4,8,member,electric_bike,2568,24543.7
11,4,8,member,classic_bike,1209,14496.1
11,4,9,casual,electric_bike,416,3579.9
11,4,9,casual,classic_bike,154,4698.6
11,4,9,member,classic_bike,698,6790.6
11,4,9,member,electric_bike,1328,11698.1
11,4,10,casual,electric_bike,291,2466.3
11,4,10,casual,classic_bike,120,2482.4
11,4,10,member,classic_bike,524,7102.2
11,4,10,member,electric_bike,878,8001.3
11,4,11,member,electric_bike,988,10777.4
11,4,11,casual,classic_bike,136,2686.4
11,4,11,casual,electric_bike,371,3915.4
11,4,11,member,classic_bike,555,5816.2
11,4,12,member,electric_bike,1185,11575.5
11,4,12,member,classic_bike,680,9827.9
11,4,12,casual,classic_bike,154,3399.5
11,4,12,casual,electric_bike,468,5378.3
11,4,13,casual,electric_bike,452,4715.0
11,4,13,casual,classic_bike,158,4091.0
11,4,13,member,classic_bike,638,7873.0
11,4,13,member,electric_bike,1158,10816.7
11,4,14,member,electric_bike,1145,11263.1
11,4,14,casual,electric_bike,501,5835.2
11,4,14,member,classic_bike,573,9540.1
11,4,14,casual,classic_bike,220,5563.3
11,4,15,member,classic_bike,820,12622.3
11,4,15,casual,classic_bike,195,4162.2
11,4,15,member,electric_bike,1751,18553.1
11,4,15,casual,electric_bike,653,6846.1
11,4,16,casual,electric_bike,868,8608.5
11,4,16,member,electric_bike,2655,29874.9
11,4,16,member,classic_bike,1157,13978.5
11,4,16,casual,classic_bike,232,5666.6
11,4,17,member,classic_bike,1472,19415.9
11,4,17,casual,electric_bike,982,9831.1
11,4,17,casual,classic_bike,265,3800.0
11,4,17,member,electric_bike,2925,31638.7
11,4,18,member,classic_bike,1077,14829.1
11,4,18,casual,electric_bike,720,7003.1
11,4,18,member,electric_bike,2077,20826.9
11,4,18,casual,classic_bike,215,2765.7
11,4,19,member,electric_bike,1305,12608.8
11,4,19,member,classic_bike,713,11021.9
11,4,19,casual,classic_bike,133,1989.0
11,4,19,casual,electric_bike,481,3954.2
11,4,20,member,classic_bike,474,7177.1
11,4,20,casual,classic_bike,102,1896.6
11,4,20,member,electric_bike,980,9077.1
11,4,20,casual,electric_bike,332,2920.1
11,4,21,casual,classic_bike,104,1240.1
11,4,21,casual,electric_bike,314,2729.7
11,4,21,member,electric_bike,797,7616.3
11,4,21,member,classic_bike,369,4702.3
11,4,22,member,classic_bike,291,3677.1
11,4,22,member,electric_bike,628,5905.8
11,4,22,casual,electric_bike,285,2377.7
11,4,22,casual,classic_bike,93,1355.8
11,4,23,casual,electric_bike,222,1875.4
11,4,23,member,classic_bike,135,2582.0
11,4,23,member,electric_bike,360,3582.2
11,4,23,casual,classic_bike,60,780.9
11,5,0,casual,classic_bike,45,673.6
11,5,0,member,electric_bike,231,2299.8
11,5,0,casual,electric_bike,179,1503.7
11,5,0,member,classic_bike,66,676.9
11,5,1,member,electric_bike,95,880.5
11,5,1,casual,electric_bike,106,754.3
11,5,1,member,classic_bike,33,482.7
11,5,1,casual,classic_bike,30,321.2
11,5,2,member,classic_bike,18,212.7
11,5,2,member,electric_bike,65,604.5
11,5,2,casual,electric_bike,71,660.9
11,5,2,casual,classic_bike,17,163.9
11,5,3,member,electric_bike,56,541.3
11,5,3,member,classic_bike,9,103.1
11,5,3,casual,electric_bike,42,394.3
11,5,3,casual,classic_bike,10,666.2
11,5,4,member,classic_bike,16,220.9
11,5,4,member,electric_bike,64,508.3
11,5,4,casual,classic_bike,7,124.6
11,5,4,casual,electric_bike,68,502.4
11,5,5,casual,electric_bike,65,539.6
11,5,5,member,classic_bike,116,1462.5
11,5,5,member,electric_bike,274,2054.0
11,5,5,casual,classic_bike,19,139.0
11,5,6,casual,classic_bike,39,436.2
11,5,6,member,electric_bike,744,6687.9
11,5,6,member,classic_bike,370,4220.2
11,5,6,casual,electric_bike,221,1684.3
11,5,7,member,classic_bike,731,13195.7
11,5,7,casual,electric_bike,365,3020.5
11,5,7,casual,classic_bike,82,1142.9
11,5,7,member,electric_bike,1295,12789.2
11,5,8,member,classic_bike,859,12534.1
11,5,8,member,electric_bike,1788,16697.5
11,5,8,casual,classic_bike,127,2729.5
11,5,8,casual,electric_bike,463,3984.4
11,5,9,casual,electric_bike,402,3720.6
11,5,9,casual,classic_bike,151,2614.8
11,5,9,member,electric_bike,1193,10896.3
11,5,9,member,classic_bike,660,10239.1
11,5,10,member,electric_bike,1001,9629.5
11,5,10,casual,electric_bike,423,5069.9
11,5,10,casual,classic_bike,180,5273.0
11,5,10,member,classic_bike,571,6413.6
11,5,11,casual,electric_bike,606,7523.9
11,5,11,member,classic_bike,661,7116.6
11,5,11,casual,classic_bike,246,5836.8
11,5,11,member,electric_bike,1185,12125.9
11,5,12,casual,electric_bike,684,8687.0
11,5,12,member,electric_bike,1325,14211.6
11,5,12,member,classic_bike,774,9784.0
11,5,12,casual,classic_bike,290,8103.2
11,5,13,member,electric_bike,1547,16550.7
11,5,13,casual,electric_bike,747,10464.1
11,5,13,casual,classic_bike,350,9567.0
11,5,13,member,classic_bike,798,10826.8
11,5,14,casual,electric_bike,831,10921.8
11,5,14,member,electric_bike,1470,15211.6
11,5,14,member,classic_bike,813,9887.0
11,5,14,casual,classic_bike,353,8072.9
11,5,15,member,classic_bike,1030,19606.5
11,5,15,member,electric_bike,2104,23532.6
11,5,15,casual,classic_bike,395,11457.2
11,5,15,casual,electric_bike,990,12287.5
11,5,16,member,electric_bike,2580,30162.4
11,5,16,casual,electric_bike,1056,12891.5
11,5,16,casual,classic_bike,432,14021.3
11,5,16,member,classic_bike,1153,20850.0
11,5,17,casual,electric_bike,1032,11482.7
11,5,17,member,classic_bike,1248,23129.2
11,5,17,casual,classic_bike,404,11666.1
11,5,17,member,electric_bike,2450,27687.2
11,5,18,casual,electric_bike,851,9036.0
11,5,18,member,classic_bike,961,13008.4
11,5,18,member,electric_bike,1848,20077.2
11,5,18,casual,classic_bike,316,6864.6
11,5,19,casual,electric_bike,664,6933.3
11,5,19,casual,classic_bike,242,6342.5
11,5,19,member,classic_bike,652,7511.0
11,5,19,member,electric_bike,1401,14368.7
11,5,20,casual,classic_bike,174,4713.8
11,5,20,member,classic_bike,435,4995.1
11,5,20,casual,electric_bike,421,4763.7
11,5,20,member,electric_bike,815,8375.5
11,5,21,casual,electric_bike,385,3831.5
11,5,21,casual,classic_bike,157,3467.2
11,5,21,member,classic_bike,323,4811.7
11,5,21,member,electric_bike,737,7550.5
11,5,22,member,classic_bike,242,3604.4
11,5,22,casual,electric_bike,413,3972.7
11,5,22,casual,classic_bike,117,2474.7
11,5,22,member,electric_bike,595,6551.2
11,5,23,casual,classic_bike,174,3568.4
11,5,23,casual,electric_bike,483,5033.3
11,5,23,member,electric_bike,601,6501.8
11,5,23,member,classic_bike,222,2563.9
11,6,0,member,classic_bike,216,2465.0
11,6,0,casual,classic_bike,234,5730.3
11,6,0,member,electric_bike,741,7532.2
11,6,0,casual,electric_bike,809,7758.6
11,6,1,member,classic_bike,181,3423.6
11,6,1,casual,electric_bike,654,6529.3
11,6,1,casual,classic_bike,212,7726.4
11,6,1,member,electric_bike,563,5379.4
11,6,2,member,classic_bike,122,1440.0
11,6,2,member,electric_bike,381,3639.7
11,6,2,casual,classic_bike,180,3655.9
11,6,2,casual,electric_bike,494,5157.7
11,6,3,casual,classic_bike,62,1434.6
11,6,3,casual,electric_bike,197,1704.2
11,6,3,member,classic_bike,50,1542.4
11,6,3,member,electric_bike,160,1639.2
11,6,4,member,electric_bike,110,970.9
11,6,4,member,classic_bike,27,207.8
11,6,4,casual,classic_bike,25,2455.2
11,6,4,casual,electric_bike,118,1196.6
11,6,5,member,electric_bike,125,1321.5
11,6,5,member,classic_bike,55,936.8
11,6,5,casual,classic_bike,19,1596.8
11,6,5,casual,electric_bike,56,491.8
11,6,6,member,classic_bike,120,1265.8
11,6,6,casual,classic_bike,40,1947.5
11,6,6,member,electric_bike,273,2794.5
11,6,6,casual,electric_bike,139,1367.4
11,6,7,casual,electric_bike,236,2176.5
11,6,7,member,classic_bike,264,2844.0
11,6,7,member,electric_bike,535,5051.5
11,6,7,casual,classic_bike,71,3090.1
11,6,8,member,classic_bike,509,6611.5
11,6,8,casual,electric_bike,422,4329.4
11,6,8,member,electric_bike,903,8585.4
11,6,8,casual,classic_bike,177,3808.2
11,6,9,casual,electric_bike,640,6914.4
11,6,9,member,electric_bike,1295,12937.7
11,6,9,member,classic_bike,768,12507.5
11,6,9,casual,classic_bike,298,8311.3
11,6,10,member,electric_bike,1523,15994.4
11,6,10,casual,electric_bike,916,11580.0
11,6,10,member,classic_bike,900,12548.4
11,6,10,casual,classic_bike,468,13799.7
11,6,11,casual,classic_bike,540,17828.1
11,6,11,member,electric_bike,1711,18877.7
11,6,11,member,classic_bike,1013,18646.3
11,6,11,casual,electric_bike,1027,15062.9
11,6,12,member,electric_bike,1772,20119.2
11,6,12,member,classic_bike,1043,13811.4
11,6,12,casual,electric_bike,1143,16010.4
11,6,12,casual,classic_bike,651,18083.0
11,6,13,member,classic_bike,1078,17781.9
11,6,13,member,electric_bike,1848,22238.6
11,6,13,casual,electric_bike,1274,18197.7
11,6,13,casual,classic_bike,765,24859.5
11,6,14,member,classic_bike,1172,19046.6
11,6,14,member,electric_bike,1931,23080.7
11,6,14,casual,classic_bike,878,31211.5
11,6,14,casual,electric_bike,1480,23288.5
11,6,15,member,classic_bike,1087,17052.5
11,6,15,casual,classic_bike,779,28789.5
11,6,15,casual,electric_bike,1312,18795.6
11,6,15,member,electric_bike,1872,22181.7
11,6,16,casual,electric_bike,1193,17041.3
11,6,16,casual,classic_bike,564,17768.4
11,6,16,member,electric_bike,1742,21343.3
11,6,16,member,classic_bike,897,14626.1
11,6,17,member,electric_bike,1562,19197.3
11,6,17,casual,electric_bike,1254,17115.5
11,6,17,casual,classic_bike,517,14021.0
11,6,17,member,classic_bike,804,16404.9
11,6,18,member,classic_bike,658,8803.8
11,6,18,casual,electric_bike,818,9858.8
11,6,18,member,electric_bike,1375,15384.6
11,6,18,casual,classic_bike,393,13127.4
11,6,19,casual,classic_bike,281,6682.4
11,6,19,member,electric_bike,1034,10683.0
11,6,19,casual,electric_bike,523,5272.9
11,6,19,member,classic_bike,461,6717.8
11,6,20,member,classic_bike,328,7258.1
11,6,20,casual,electric_bike,423,5610.3
11,6,20,casual,classic_bike,193,4401.1
11,6,20,member,electric_bike,726,7578.6
11,6,21,member,electric_bike,604,6091.5
11,6,21,casual,classic_bike,185,3891.0
11,6,21,member,classic_bike,289,5805.5
11,6,21,casual,electric_bike,411,5045.4
11,6,22,member,classic_bike,239,3308.5
11,6,22,casual,electric_bike,335,3151.1
11,6,22,member,electric_bike,524,5069.4
11,6,22,casual,classic_bike,140,2729.6
11,6,23,casual,classic_bike,120,3343.2
11,6,23,member,electric_bike,544,5715.6
11,6,23,casual,electric_bike,419,3974.6
11,6,23,member,classic_bike,210,5749.6
11,7,0,member,electric_bike,439,4257.4
11,7,0,member,classic_bike,167,1811.4
11,7,0,casual,electric_bike,476,4403.0
11,7,0,casual,classic_bike,155,6025.2
11,7,1,member,classic_bike,118,2858.2
11,7,1,member,electric_bike,364,3169.5
11,7,1,casual,electric_bike,356,3586.9
11,7,1,casual,classic_bike,127,4169.5
11,7,2,member,classic_bike,64,691.4
11,7,2,casual,electric_bike,213,1982.4
11,7,2,member,electric_bike,192,1877.1
11,7,2,casual,classic_bike,63,647.0
11,7,3,casual,electric_bike,137,1369.2
11,7,3,member,electric_bike,106,946.7
11,7,3,member,classic_bike,30,423.1
11,7,3,casual,classic_bike,30,429.3
11,7,4,casual,electric_bike,68,689.7
11,7,4,member,classic_bike,13,257.7
11,7,4,casual,classic_bike,26,495.6
11,7,4,member,electric_bike,86,961.6
11,7,5,casual,electric_bike,35,304.6
11,7,5,member,electric_bike,100,917.0
11,7,5,casual,classic_bike,14,588.4
11,7,5,member,classic_bike,52,699.4
11,7,6,casual,classic_bike,22,604.6
11,7,6,casual,electric_bike,87,852.5
11,7,6,member,electric_bike,233,2466.3
11,7,6,member,classic_bike,102,1359.6
11,7,7,member,classic_bike,162,1690.3
11,7,7,member,electric_bike,301,3162.4
11,7,7,casual,electric_bike,142,1312.9
11,7,7,casual,classic_bike,58,2082.6
11,7,8,casual,classic_bike,97,1903.4
11,7,8,casual,electric_bike,262,3044.4
11,7,8,member,classic_bike,314,4194.9
11,7,8,member,electric_bike,521,4964.9
11,7,9,casual,electric_bike,523,6754.6
11,7,9,casual,classic_bike,246,6312.1
11,7,9,member,electric_bike,861,8142.2
11,7,9,member,classic_bike,513,7541.7
11,7,10,member,classic_bike,681,10021.1
11,7,10,casual,classic_bike,349,12328.0
11,7,10,casual,electric_bike,825,11734.6
11,7,10,member,electric_bike,1266,13214.8
11,7,11,casual,electric_bike,1062,14019.8
11,7,11,member,electric_bike,1652,18249.1
11,7,11,casual,classic_bike,468,13129.5
11,7,11,member,classic_bike,919,13768.8
11,7,12,member,classic_bike,842,10826.4
11,7,12,casual,electric_bike,902,14084.3
11,7,12,casual,classic_bike,482,15687.2
11,7,12,member,electric_bike,1440,15467.0
11,7,13,member,electric_bike,1386,14678.3
11,7,13,casual,classic_bike,451,14433.6
11,7,13,member,classic_bike,849,10965.6
11,7,13,casual,electric_bike,780,10688.2
11,7,14,casual,classic_bike,445,13999.1
11,7,14,member,classic_bike,826,14178.4
11,7,14,casual,electric_bike,833,12494.9
11,7,14,member,electric_bike,1306,14360.8
11,7,15,member,classic_bike,957,15165.5
11,7,15,casual,classic_bike,539,12350.6
11,7,15,casual,electric_bike,1098,14593.9
11,7,15,member,electric_bike,1602,18410.1
11,7,16,casual,electric_bike,865,10204.3
11,7,16,casual,classic_bike,394,10941.8
11,7,16,member,classic_bike,858,11894.4
11,7,16,member,electric_bike,1505,19552.5
11,7,17,member,electric_bike,1204,14067.4
11,7,17,member,classic_bike,704,10407.3
11,7,17,casual,electric_bike,514,5937.7
11,7,17,casual,classic_bike,218,3306.3
11,7,18,member,classic_bike,554,7679.6
11,7,18,casual,electric_bike,483,4352.2
11,7,18,casual,classic_bike,136,1816.7
11,7,18,member,electric_bike,1007,9998.1
11,7,19,member,classic_bike,382,3901.9
11,7,19,casual,classic_bike,102,1549.1
11,7,19,member,electric_bike,785,7320.0
11,7,19,casual,electric_bike,350,3511.5
11,7,20,casual,classic_bike,70,1517.8
11,7,20,member,electric_bike,551,5612.8
11,7,20,member,classic_bike,270,2876.2
11,7,20,casual,electric_bike,271,2743.6
11,7,21,member,classic_bike,218,3343.3
11,7,21,member,electric_bike,449,4394.1
11,7,21,casual,electric_bike,210,1603.0
11,7,21,casual,classic_bike,65,1768.5
11,7,22,casual,classic_bike,54,1545.7
11,7,22,member,electric_bike,360,3311.0
11,7,22,casual,electric_bike,200,1759.9
11,7,22,member,classic_bike,144,1377.0
11,7,23,member,classic_bike,86,809.3
11,7,23,casual,classic_bike,27,332.8
11,7,23,casual,electric_bike,146,1374.9
11,7,23,member,electric_bike,211,2318.1
12,1,0,member,electric_bike,69,525.0
12,1,0,casual,classic_bike,6,47.2
12,1,0,casual,electric_bike,39,376.3
12,1,0,member,classic_bike,25,321.8
12,1,1,member,classic_bike,9,120.5
12,1,1,member,electric_bike,39,376.9
12,1,1,casual,electric_bike,18,131.5
12,1,1,casual,classic_bike,6,1385.6
12,1,2,member,electric_bike,28,221.6
12,1,2,member,classic_bike,8,71.6
12,1,2,casual,electric_bike,26,323.6
12,1,2,casual,classic_bike,6,58.8
12,1,3,casual,electric_bike,11,126.7
12,1,3,casual,classic_bike,5,25.2
12,1,3,member,electric_bike,15,119.5
12,1,3,member,classic_bike,3,24.9
12,1,4,member,classic_bike,17,165.5
12,1,4,casual,classic_bike,3,94.8
12,1,4,casual,electric_bike,18,163.1
12,1,4,member,electric_bike,35,315.5
12,1,5,member,classic_bike,86,932.7
12,1,5,casual,electric_bike,32,224.8
12,1,5,casual,classic_bike,10,86.2
12,1,5,member,electric_bike,191,1419.4
12,1,6,casual,electric_bike,67,509.8
12,1,6,member,classic_bike,186,2279.6
12,1,6,casual,classic_bike,18,133.7
12,1,6,member,electric_bike,419,3275.7
12,1,7,member,classic_bike,428,7478.2
12,1,7,member,electric_bike,752,6808.7
12,1,7,casual,electric_bike,140,1016.7
12,1,7,casual,classic_bike,28,918.5
12,1,8,casual,electric_bike,158,1373.7
12,1,8,member,electric_bike,961,8338.7
12,1,8,member,classic_bike,547,8042.5
12,1,8,casual,classic_bike,36,488.4
12,1,9,member,classic_bike,316,4654.2
12,1,9,member,electric_bike,592,4914.9
12,1,9,casual,electric_bike,97,673.4
12,1,9,casual,classic_bike,29,292.3
12,1,10,casual,electric_bike,83,786.5
12,1,10,member,electric_bike,386,3600.8
12,1,10,casual,classic_bike,28,520.8
12,1,10,member,classic_bike,241,3094.0
12,1,11,member,classic_bike,274,2550.0
12,1,11,casual,electric_bike,117,1139.7
12,1,11,casual,classic_bike,44,1274.6
12,1,11,member,electric_bike,468,5063.3
12,1,12,casual,classic_bike,56,867.4
12,1,12,casual,electric_bike,130,1080.6
12,1,12,member,electric_bike,534,5209.8
12,1,12,member,classic_bike,335,3756.1
12,1,13,casual,classic_bike,44,991.5
12,1,13,member,electric_bike,574,5223.5
12,1,13,casual,electric_bike,159,1406.8
12,1,13,member,classic_bike,305,3501.8
12,1,14,member,classic_bike,331,5062.5
12,1,14,casual,classic_bike,51,957.7
12,1,14,member,electric_bike,650,6960.2
12,1,14,casual,electric_bike,177,1911.7
12,1,15,casual,classic_bike,47,696.9
12,1,15,casual,electric_bike,235,2104.5
12,1,15,member,classic_bike,463,7543.8
12,1,15,member,electric_bike,850,8360.8
12,1,16,member,electric_bike,1205,12699.0
12,1,16,casual,electric_bike,250,2212.7
12,1,16,casual,classic_bike,81,1188.5
12,1,16,member,classic_bike,611,8607.7
12,1,17,casual,electric_bike,238,2333.4
12,1,17,member,electric_bike,1280,14111.3
12,1,17,casual,classic_bike,67,859.8
12,1,17,member,classic_bike,671,9538.4
12,1,18,member,classic_bike,463,5940.7
12,1,18,casual,electric_bike,177,1482.0
12,1,18,member,electric_bike,867,7754.8
12,1,18,casual,classic_bike,61,670.8
12,1,19,casual,electric_bike,147,1323.3
12,1,19,member,electric_bike,630,6045.2
12,1,19,member,classic_bike,270,2911.9
12,1,19,casual,classic_bike,34,806.4
12,1,20,member,electric_bike,353,3418.6
12,1,20,casual,classic_bike,30,388.6
12,1,20,casual,electric_bike,92,748.0
12,1,20,member,classic_bike,217,3227.8
12,1,21,casual,electric_bike,87,696.0
12,1,21,member,classic_bike,141,1405.6
12,1,21,member,electric_bike,292,2499.3
12,1,21,casual,classic_bike,31,443.9
12,1,22,member,electric_bike,174,2017.7
12,1,22,casual,electric_bike,63,565.9
12,1,22,casual,classic_bike,27,1223.6
12,1,22,member,classic_bike,90,1427.3
12,1,23,member,electric_bike,119,1016.3
12,1,23,casual,electric_bike,58,476.7
12,1,23,casual,classic_bike,8,178.8
12,1,23,member,classic_bike,44,465.5
12,2,0,member,electric_bike,83,661.5
12,2,0,member,classic_bike,25,262.1
12,2,0,casual,classic_bike,20,225.8
12,2,0,casual,electric_bike,43,400.4
12,2,1,casual,classic_bike,12,845.6
12,2,1,member,classic_bike,8,34.4
12,2,1,member,electric_bike,59,552.5
12,2,1,casual,electric_bike,28,253.1
12,2,2,casual,classic_bike,5,39.4
12,2,2,member,classic_bike,7,65.4
12,2,2,casual,electric_bike,28,363.5
12,2,2,member,electric_bike,28,222.0
12,2,3,casual,electric_bike,22,313.2
12,2,3,member,electric_bike,15,254.6
12,2,3,member,classic_bike,5,851.8
12,2,3,casual,classic_bike,4,29.8
12,2,4,casual,classic_bike,2,21.1
12,2,4,member,classic_bike,15,256.5
12,2,4,member,electric_bike,36,358.8
12,2,4,casual,electric_bike,24,136.7
12,2,5,casual,electric_bike,52,361.0
12,2,5,member,electric_bike,218,1690.3
12,2,5,member,classic_bike,94,2409.3
12,2,5,casual,classic_bike,12,94.7
12,2,6,member,electric_bike,583,4777.6
12,2,6,member,classic_bike,240,5232.5
12,2,6,casual,classic_bike,10,77.4
12,2,6,casual,electric_bike,85,488.3
12,2,7,casual,classic_bike,23,202.9
12,2,7,member,electric_bike,1045,9611.7
12,2,7,casual,electric_bike,194,1418.1
12,2,7,member,classic_bike,548,7286.4
12,2,8,casual,electric_bike,234,1674.4
12,2,8,casual,classic_bike,49,720.7
12,2,8,member,classic_bike,689,9938.5
12,2,8,member,electric_bike,1436,12994.1
12,2,9,member,electric_bike,764,6460.2
12,2,9,casual,classic_bike,64,1297.7
12,2,9,casual,electric_bike,167,1206.2
12,2,9,member,classic_bike,390,4179.7
12,2,10,casual,classic_bike,46,1010.0
12,2,10,member,electric_bike,506,5274.1
12,2,10,casual,electric_bike,118,975.2
12,2,10,member,classic_bike,322,3501.6
12,2,11,casual,electric_bike,147,1372.1
12,2,11,member,classic_bike,313,3638.9
12,2,11,member,electric_bike,618,7095.4
12,2,11,casual,classic_bike,74,1721.2
12,2,12,member,classic_bike,355,4214.2
12,2,12,casual,electric_bike,209,2198.6
12,2,12,member,electric_bike,752,7039.7
12,2,12,casual,classic_bike,79,3056.9
12,2,13,casual,electric_bike,230,2738.3
12,2,13,member,classic_bike,424,4646.4
12,2,13,member,electric_bike,727,7644.2
12,2,13,casual,classic_bike,82,1797.1
12,2,14,casual,classic_bike,105,2226.1
12,2,14,member,electric_bike,802,7989.2
12,2,14,member,classic_bike,420,7809.1
12,2,14,casual,electric_bike,279,3069.8
12,2,15,member,electric_bike,1102,11273.6
12,2,15,member,classic_bike,607,16598.2
12,2,15,casual,electric_bike,336,3387.5
12,2,15,casual,classic_bike,111,2020.0
12,2,16,casual,classic_bike,104,2974.2
12,2,16,member,electric_bike,1661,18895.3
12,2,16,casual,electric_bike,406,3836.6
12,2,16,member,classic_bike,784,23017.1
12,2,17,casual,classic_bike,102,2237.1
12,2,17,casual,electric_bike,382,3806.0
12,2,17,member,classic_bike,867,18719.7
12,2,17,member,electric_bike,1649,17975.4
12,2,18,casual,classic_bike,95,1442.6
12,2,18,casual,electric_bike,248,1934.3
12,2,18,member,electric_bike,1083,10668.2
12,2,18,member,classic_bike,583,12331.7
12,2,19,member,electric_bike,653,5869.7
12,2,19,casual,electric_bike,140,1156.6
12,2,19,casual,classic_bike,45,790.3
12,2,19,member,classic_bike,391,5978.8
12,2,20,casual,classic_bike,41,789.5
12,2,20,casual,electric_bike,98,779.1
12,2,20,member,classic_bike,207,3279.3
12,2,20,member,electric_bike,416,3569.9
12,2,21,casual,classic_bike,38,505.2
12,2,21,member,classic_bike,170,2468.4
12,2,21,casual,electric_bike,105,956.7
12,2,21,member,electric_bike,308,2934.8
12,2,22,member,classic_bike,117,2687.4
12,2,22,casual,electric_bike,80,933.7
12,2,22,member,electric_bike,233,2433.7
12,2,22,casual,classic_bike,19,238.2
12,2,23,casual,electric_bike,102,924.0
12,2,23,member,classic_bike,66,1184.3
12,2,23,member,electric_bike,185,2021.8
12,2,23,casual,classic_bike,23,339.7
12,3,0,member,electric_bike,99,834.1
12,3,0,casual,classic_bike,13,296.8
12,3,0,casual,electric_bike,72,696.8
12,3,0,member,classic_bike,32,441.7
12,3,1,member,electric_bike,71,859.0
12,3,1,member,classic_bike,12,103.4
12,3,1,casual,electric_bike,38,376.6
12,3,1,casual,classic_bike,15,191.4
12,3,2,member,classic_bike,8,79.2
12,3,2,casual,electric_bike,32,365.4
12,3,2,member,electric_bike,42,367.4
12,3,2,casual,classic_bike,10,462.4
12,3,3,casual,electric_bike,16,224.6
12,3,3,member,classic_bike,4,30.0
12,3,3,casual,classic_bike,5,37.5
12,3,3,member,electric_bike,24,289.5
12,3,4,casual,classic_bike,6,69.5
12,3,4,member,classic_bike,18,316.7
12,3,4,member,electric_bike,46,406.9
12,3,4,casual,electric_bike,23,120.9
12,3,5,casual,electric_bike,44,265.4
12,3,5,casual,classic_bike,12,176.7
12,3,5,member,classic_bike,95,1520.8
12,3,5,member,electric_bike,199,1550.6
12,3,6,member,electric_bike,490,3952.5
12,3,6,casual,classic_bike,21,167.0
12,3,6,member,classic_bike,222,2973.5
12,3,6,casual,electric_bike,83,504.8
12,3,7,casual,electric_bike,205,1612.2
12,3,7,member,electric_bike,1015,8921.7
12,3,7,casual,classic_bike,38,934.9
12,3,7,member,classic_bike,544,7318.4
12,3,8,member,classic_bike,532,6931.7
12,3,8,member,electric_bike,1066,9542.7
12,3,8,casual,classic_bike,47,559.6
12,3,8,casual,electric_bike,187,1511.7
12,3,9,casual,classic_bike,44,1036.8
12,3,9,member,classic_bike,411,4512.3
12,3,9,casual,electric_bike,131,956.1
12,3,9,member,electric_bike,716,6159.4
12,3,10,casual,classic_bike,40,836.7
12,3,10,member,classic_bike,302,4033.5
12,3,10,member,electric_bike,529,5111.8
12,3,10,casual,electric_bike,109,912.7
12,3,11,casual,electric_bike,173,1481.9
12,3,11,casual,classic_bike,57,2390.0
12,3,11,member,electric_bike,644,6711.7
12,3,11,member,classic_bike,318,3460.7
12,3,12,member,classic_bike,367,3997.8
12,3,12,member,electric_bike,766,6889.7
12,3,12,casual,classic_bike,76,1179.0
12,3,12,casual,electric_bike,236,2263.6
12,3,13,member,classic_bike,376,4020.9
12,3,13,casual,electric_bike,219,2215.9
12,3,13,member,electric_bike,723,7139.4
12,3,13,casual,classic_bike,74,1264.6
12,3,14,casual,electric_bike,242,2166.8
12,3,14,member,electric_bike,791,8087.6
12,3,14,casual,classic_bike,71,1550.5
12,3,14,member,classic_bike,377,5587.4
12,3,15,casual,classic_bike,78,1238.1
12,3,15,member,classic_bike,511,6887.1
12,3,15,casual,electric_bike,287,3098.9
12,3,15,member,electric_bike,965,9724.5
12,3,16,casual,electric_bike,334,3212.0
12,3,16,member,electric_bike,1365,14250.0
12,3,16,member,classic_bike,685,10207.3
12,3,16,casual,classic_bike,76,2661.8
12,3,17,member,electric_bike,1471,15340.9
12,3,17,member,classic_bike,730,11622.7
12,3,17,casual,electric_bike,334,3174.2
12,3,17,casual,classic_bike,94,1933.9
12,3,18,casual,electric_bike,222,1867.2
12,3,18,member,electric_bike,953,10340.7
12,3,18,casual,classic_bike,70,1346.1
12,3,18,member,classic_bike,520,6977.4
12,3,19,casual,classic_bike,47,836.2
12,3,19,member,electric_bike,665,6304.4
12,3,19,casual,electric_bike,148,1561.9
12,3,19,member,classic_bike,331,5318.9
12,3,20,casual,classic_bike,28,657.8
12,3,20,member,classic_bike,253,3117.9
12,3,20,casual,electric_bike,125,1000.0
12,3,20,member,electric_bike,478,4265.6
12,3,21,casual,electric_bike,136,1292.9
12,3,21,casual,classic_bike,38,1086.0
12,3,21,member,electric_bike,369,3399.5
12,3,21,member,classic_bike,193,3161.4
12,3,22,member,classic_bike,110,1271.1
12,3,22,member,electric_bike,275,2651.2
12,3,22,casual,classic_bike,31,474.5
12,3,22,casual,electric_bike,91,794.8
12,3,23,member,electric_bike,185,1794.0
12,3,23,member,classic_bike,62,1284.3
12,3,23,casual,electric_bike,78,627.2
12,3,23,casual,classic_bike,26,459.1
12,4,0,member,classic_bike,28,330.6
12,4,0,casual,classic_bike,14,108.1
12,4,0,casual,electric_bike,62,473.8
12,4,0,member,electric_bike,120,980.6
12,4,1,casual,classic_bike,8,142.3
12,4,1,member,classic_bike,12,114.9
12,4,1,casual,electric_bike,35,293.8
12,4,1,member,electric_bike,56,453.5
12,4,2,member,classic_bike,2,6.7
12,4,2,member,electric_bike,36,297.0
12,4,2,casual,electric_bike,20,144.5
12,4,2,casual,classic_bike,4,61.1
12,4,3,member,electric_bike,29,151.3
12,4,3,casual,electric_bike,16,137.3
12,4,3,member,classic_bike,4,20.6
12,4,3,casual,classic_bike,7,76.1
12,4,4,member,classic_bike,13,210.7
12,4,4,casual,classic_bike,3,48.5
12,4,4,member,electric_bike,46,336.3
12,4,4,casual,electric_bike,22,81.3
12,4,5,member,electric_bike,154,1179.9
12,4,5,casual,classic_bike,6,678.6
12,4,5,casual,electric_bike,38,259.4
12,4,5,member,classic_bike,52,508.2
12,4,6,member,classic_bike,155,2075.3
12,4,6,member,electric_bike,393,3219.3
12,4,6,casual,electric_bike,52,482.6
12,4,6,casual,classic_bike,13,85.1
12,4,7,casual,electric_bike,165,1180.4
12,4,7,member,electric_bike,727,6769.5
12,4,7,member,classic_bike,416,5214.8
12,4,7,casual,classic_bike,35,308.1
12,4,8,member,classic_bike,544,7101.8
12,4,8,casual,classic_bike,37,644.0
12,4,8,member,electric_bike,984,8853.2
12,4,8,casual,electric_bike,183,1432.3
12,4,9,casual,electric_bike,129,892.2
12,4,9,member,classic_bike,289,2861.6
12,4,9,casual,classic_bike,46,595.4
12,4,9,member,electric_bike,608,5229.8
12,4,10,member,classic_bike,241,2498.2
12,4,10,casual,electric_bike,97,1155.9
12,4,10,member,electric_bike,426,3929.0
12,4,10,casual,classic_bike,47,2078.6
12,4,11,casual,electric_bike,121,1014.0
12,4,11,member,classic_bike,310,3126.6
12,4,11,member,electric_bike,466,5105.8
12,4,11,casual,classic_bike,48,1608.5
12,4,12,member,classic_bike,339,4007.2
12,4,12,member,electric_bike,530,4581.8
12,4,12,casual,classic_bike,63,1233.5
12,4,12,casual,electric_bike,156,1509.0
12,4,13,member,classic_bike,237,2812.0
12,4,13,member,electric_bike,434,3806.2
12,4,13,casual,electric_bike,120,1229.8
12,4,13,casual,classic_bike,52,892.7
12,4,14,member,classic_bike,216,2770.6
12,4,14,member,electric_bike,479,4037.6
12,4,14,casual,classic_bike,61,1167.8
12,4,14,casual,electric_bike,156,1665.5
12,4,15,member,electric_bike,668,6905.5
12,4,15,member,classic_bike,318,3818.3
12,4,15,casual,electric_bike,174,1637.1
12,4,15,casual,classic_bike,59,1482.2
12,4,16,member,classic_bike,476,5512.7
12,4,16,casual,classic_bike,71,1533.9
12,4,16,member,electric_bike,1062,10786.0
12,4,16,casual,electric_bike,284,2560.6
12,4,17,member,classic_bike,627,9134.2
12,4,17,member,electric_bike,1179,12359.9
12,4,17,casual,electric_bike,293,2838.3
12,4,17,casual,classic_bike,96,1902.0
12,4,18,member,electric_bike,766,7155.2
12,4,18,casual,electric_bike,189,1713.0
12,4,18,casual,classic_bike,87,3088.8
12,4,18,member,classic_bike,433,4985.6
12,4,19,casual,classic_bike,46,771.9
12,4,19,member,classic_bike,274,2954.5
12,4,19,member,electric_bike,530,5418.1
12,4,19,casual,electric_bike,163,1379.5
12,4,20,casual,electric_bike,113,944.4
12,4,20,member,electric_bike,367,3170.7
12,4,20,member,classic_bike,209,2374.3
12,4,20,casual,classic_bike,33,457.0
12,4,21,casual,electric_bike,90,758.0
12,4,21,member,classic_bike,123,2573.2
12,4,21,member,electric_bike,294,2607.8
12,4,21,casual,classic_bike,26,413.5
12,4,22,member,classic_bike,103,1962.6
12,4,22,casual,classic_bike,28,532.3
12,4,22,casual,electric_bike,84,648.9
12,4,22,member,electric_bike,208,1915.6
12,4,23,member,electric_bike,169,1589.3
12,4,23,casual,classic_bike,21,905.4
12,4,23,casual,electric_bike,80,769.0
12,4,23,member,classic_bike,57,1104.2
12,5,0,member,classic_bike,40,1049.6
12,5,0,casual,classic_bike,31,462.2
12,5,0,casual,electric_bike,53,373.0
12,5,0,member,electric_bike,123,1106.5
12,5,1,member,electric_bike,80,655.1
12,5,1,member,classic_bike,18,121.0
12,5,1,casual,classic_bike,8,46.6
12,5,1,casual,electric_bike,28,215.4
12,5,2,member,classic_bike,18,636.3
12,5,2,casual,classic_bike,6,71.7
12,5,2,member,electric_bike,35,234.1
12,5,2,casual,electric_bike,28,223.9
12,5,3,member,classic_bike,1,7.8
12,5,3,casual,electric_bike,14,115.5
12,5,3,casual,classic_bike,7,46.8
12,5,3,member,electric_bike,30,439.8
12,5,4,casual,electric_bike,21,150.6
12,5,4,member,electric_bike,41,416.6
12,5,4,casual,classic_bike,4,39.0
12,5,4,member,classic_bike,11,764.9
12,5,5,member,electric_bike,131,1001.0
12,5,5,member,classic_bike,64,1631.2
12,5,5,casual,electric_bike,36,221.9
12,5,5,casual,classic_bike,7,332.6
12,5,6,member,electric_bike,341,2774.0
12,5,6,member,classic_bike,134,1198.2
12,5,6,casual,electric_bike,79,503.3
12,5,6,casual,classic_bike,9,65.9
12,5,7,member,electric_bike,570,4748.0
12,5,7,member,classic_bike,277,2677.1
12,5,7,casual,classic_bike,18,160.4
12,5,7,casual,electric_bike,116,833.3
12,5,8,member,electric_bike,685,5649.2
12,5,8,casual,classic_bike,40,495.7
12,5,8,casual,electric_bike,105,949.3
12,5,8,member,classic_bike,368,4064.1
12,5,9,casual,electric_bike,133,1120.6
12,5,9,member,classic_bike,234,2886.7
12,5,9,casual,classic_bike,34,804.4
12,5,9,member,electric_bike,527,4296.7
12,5,10,member,classic_bike,206,2197.5
12,5,10,casual,classic_bike,41,509.9
12,5,10,member,electric_bike,399,3646.4
12,5,10,casual,electric_bike,105,909.4
12,5,11,casual,electric_bike,156,1130.7
12,5,11,member,classic_bike,308,4630.9
12,5,11,member,electric_bike,548,5702.3
12,5,11,casual,classic_bike,63,1198.9
12,5,12,member,classic_bike,312,3542.6
12,5,12,member,electric_bike,629,5838.3
12,5,12,casual,electric_bike,191,1718.3
12,5,12,casual,classic_bike,70,1853.7
12,5,13,casual,electric_bike,205,1824.9
12,5,13,member,classic_bike,302,3396.9
12,5,13,member,electric_bike,613,5914.8
12,5,13,casual,classic_bike,83,1515.4
12,5,14,casual,classic_bike,85,1260.7
12,5,14,member,classic_bike,290,3220.2
12,5,14,casual,electric_bike,250,2662.0
12,5,14,member,electric_bike,683,6470.5
12,5,15,member,classic_bike,369,4183.6
12,5,15,member,electric_bike,875,9019.1
12,5,15,casual,classic_bike,85,2707.0
12,5,15,casual,electric_bike,244,2500.8
12,5,16,member,classic_bike,473,7311.8
12,5,16,casual,electric_bike,289,2909.2
12,5,16,member,electric_bike,1074,11167.8
12,5,16,casual,classic_bike,102,1639.6
12,5,17,member,classic_bike,475,7959.4
12,5,17,casual,electric_bike,257,2539.9
12,5,17,member,electric_bike,970,10057.9
12,5,17,casual,classic_bike,71,1915.9
12,5,18,member,electric_bike,809,8585.3
12,5,18,member,classic_bike,366,4117.8
12,5,18,casual,classic_bike,75,811.4
12,5,18,casual,electric_bike,217,2001.9
12,5,19,member,classic_bike,232,4745.1
12,5,19,casual,electric_bike,180,1958.1
12,5,19,member,electric_bike,532,5342.3
12,5,19,casual,classic_bike,55,657.5
12,5,20,casual,classic_bike,52,688.0
12,5,20,member,electric_bike,298,2534.8
12,5,20,member,classic_bike,182,3076.5
12,5,20,casual,electric_bike,105,953.0
12,5,21,casual,electric_bike,121,1308.4
12,5,21,member,classic_bike,125,2443.3
12,5,21,casual,classic_bike,38,504.5
12,5,21,member,electric_bike,261,2380.8
12,5,22,casual,electric_bike,86,584.6
12,5,22,casual,classic_bike,30,469.6
12,5,22,member,classic_bike,105,2269.1
12,5,22,member,electric_bike,259,2570.3
12,5,23,member,classic_bike,76,901.3
12,5,23,casual,classic_bike,45,511.0
12,5,23,casual,electric_bike,118,899.8
12,5,23,member,electric_bike,180,1432.0
12,6,0,member,classic_bike,60,731.6
12,6,0,member,electric_bike,193,1929.5
12,6,0,casual,electric_bike,132,1472.3
12,6,0,casual,classic_bike,36,472.1
12,6,1,casual,electric_bike,124,1106.9
12,6,1,member,classic_bike,30,323.8
12,6,1,casual,classic_bike,35,4007.5
12,6,1,member,electric_bike,155,1521.7
12,6,2,member,electric_bike,101,813.5
12,6,2,casual,classic_bike,22,818.6
12,6,2,member,classic_bike,36,922.2
12,6,2,casual,electric_bike,64,729.8
12,6,3,casual,classic_bike,19,331.6
12,6,3,member,electric_bike,58,498.7
12,6,3,casual,electric_bike,38,393.8
12,6,3,member,classic_bike,9,695.7
12,6,4,casual,classic_bike,14,582.2
12,6,4,member,electric_bike,23,190.1
12,6,4,casual,electric_bike,43,324.5
12,6,4,member,classic_bike,10,91.8
12,6,5,member,classic_bike,21,308.3
12,6,5,casual,classic_bike,8,43.2
12,6,5,member,electric_bike,59,655.0
12,6,5,casual,electric_bike,22,142.0
12,6,6,casual,classic_bike,7,44.9
12,6,6,member,electric_bike,110,1066.5
12,6,6,casual,electric_bike,27,150.4
12,6,6,member,classic_bike,46,501.4
12,6,7,member,classic_bike,95,1847.0
12,6,7,casual,electric_bike,51,619.3
12,6,7,member,electric_bike,169,1882.0
12,6,7,casual,classic_bike,18,387.7
12,6,8,casual,classic_bike,33,944.9
12,6,8,member,electric_bike,276,2242.4
12,6,8,member,classic_bike,183,2632.2
12,6,8,casual,electric_bike,81,892.1
12,6,9,member,classic_bike,218,2970.2
12,6,9,casual,classic_bike,29,531.6
12,6,9,casual,electric_bike,108,1006.4
12,6,9,member,electric_bike,409,3534.5
12,6,10,casual,classic_bike,85,1867.2
12,6,10,casual,electric_bike,177,2094.8
12,6,10,member,classic_bike,246,2736.4
12,6,10,member,electric_bike,505,4896.5
12,6,11,casual,electric_bike,206,2709.4
12,6,11,member,electric_bike,586,6242.5
12,6,11,member,classic_bike,305,3853.2
12,6,11,casual,classic_bike,88,2122.3
12,6,12,casual,electric_bike,250,2448.0
12,6,12,member,classic_bike,357,4111.3
12,6,12,member,electric_bike,605,5604.9
12,6,12,casual,classic_bike,99,2583.7
12,6,13,member,classic_bike,364,4109.0
12,6,13,casual,classic_bike,107,2933.2
12,6,13,casual,electric_bike,215,1960.5
12,6,13,member,electric_bike,576,6462.8
12,6,14,member,electric_bike,621,6489.8
12,6,14,member,classic_bike,333,4444.7
12,6,14,casual,classic_bike,106,1927.4
12,6,14,casual,electric_bike,280,3224.9
12,6,15,member,classic_bike,337,3949.3
12,6,15,casual,classic_bike,115,2416.1
12,6,15,casual,electric_bike,268,3336.7
12,6,15,member,electric_bike,643,7016.6
12,6,16,member,classic_bike,321,3732.3
12,6,16,casual,classic_bike,94,1929.8
12,6,16,member,electric_bike,651,8498.6
12,6,16,casual,electric_bike,268,3214.6
12,6,17,member,electric_bike,559,6505.9
12,6,17,member,classic_bike,295,3911.8
12,6,17,casual,classic_bike,99,5549.9
12,6,17,casual,electric_bike,217,2272.8
12,6,18,casual,electric_bike,227,2220.5
12,6,18,member,classic_bike,235,2577.0
12,6,18,member,electric_bike,506,5579.8
12,6,18,casual,classic_bike,110,1809.1
12,6,19,member,classic_bike,212,3895.8
12,6,19,member,electric_bike,371,3936.8
12,6,19,casual,electric_bike,160,1831.0
12,6,19,casual,classic_bike,90,1690.7
12,6,20,member,classic_bike,125,1352.4
12,6,20,member,electric_bike,254,2649.7
12,6,20,casual,electric_bike,99,968.7
12,6,20,casual,classic_bike,39,596.5
12,6,21,member,electric_bike,233,2309.7
12,6,21,casual,electric_bike,102,1191.8
12,6,21,casual,classic_bike,37,412.5
12,6,21,member,classic_bike,110,1246.3
12,6,22,member,classic_bike,87,948.8
12,6,22,member,electric_bike,274,2793.6
12,6,22,casual,electric_bike,160,1911.1
12,6,22,casual,classic_bike,59,994.5
12,6,23,member,classic_bike,80,1048.3
12,6,23,casual,electric_bike,167,1558.2
12,6,23,member,electric_bike,242,2961.2
12,6,23,casual,classic_bike,61,783.9
12,7,0,casual,electric_bike,115,976.3
12,7,0,casual,classic_bike,29,503.3
12,7,0,member,electric_bike,186,2018.7
12,7,0,member,classic_bike,65,670.8
12,7,1,member,electric_bike,121,935.2
12,7,1,member,classic_bike,36,456.6
12,7,1,casual,electric_bike,57,504.2
12,7,1,casual,classic_bike,18,215.4
12,7,2,casual,classic_bike,17,311.5
12,7,2,casual,electric_bike,62,503.7
12,7,2,member,classic_bike,21,295.0
12,7,2,member,electric_bike,91,756.2
12,7,3,casual,classic_bike,13,532.9
12,7,3,casual,electric_bike,34,209.7
12,7,3,member,electric_bike,45,447.7
12,7,3,member,classic_bike,15,165.5
12,7,4,casual,electric_bike,22,228.8
12,7,4,member,electric_bike,19,216.4
12,7,4,casual,classic_bike,5,46.0
12,7,4,member,classic_bike,4,25.5
12,7,5,member,electric_bike,29,311.5
12,7,5,casual,electric_bike,16,187.7
12,7,5,casual,classic_bike,2,12.9
12,7,5,member,classic_bike,13,85.7
12,7,6,casual,classic_bike,5,546.7
12,7,6,member,classic_bike,14,608.4
12,7,6,member,electric_bike,70,633.1
12,7,6,casual,electric_bike,10,91.5
12,7,7,member,classic_bike,36,1224.1
12,7,7,member,electric_bike,56,517.1
12,7,7,casual,classic_bike,8,305.2
12,7,7,casual,electric_bike,13,148.3
12,7,8,casual,electric_bike,26,149.6
12,7,8,casual,classic_bike,13,146.0
12,7,8,member,electric_bike,113,1113.1
12,7,8,member,classic_bike,74,980.1
12,7,9,member,classic_bike,108,1617.1
12,7,9,member,electric_bike,159,1264.8
12,7,9,casual,electric_bike,43,280.3
12,7,9,casual,classic_bike,16,317.5
12,7,10,casual,classic_bike,28,364.1
12,7,10,member,electric_bike,202,1785.9
12,7,10,member,classic_bike,176,1947.2
12,7,10,casual,electric_bike,63,681.4
12,7,11,member,electric_bike,285,2661.8
12,7,11,casual,electric_bike,89,851.8
12,7,11,casual,classic_bike,60,1434.9
12,7,11,member,classic_bike,205,1988.4
12,7,12,casual,classic_bike,43,606.6
12,7,12,casual,electric_bike,88,814.1
12,7,12,member,electric_bike,317,3479.4
12,7,12,member,classic_bike,176,2589.0
12,7,13,casual,classic_bike,37,490.7
12,7,13,member,electric_bike,294,3006.8
12,7,13,member,classic_bike,184,1929.9
12,7,13,casual,electric_bike,85,1068.7
12,7,14,member,electric_bike,381,4174.3
12,7,14,casual,electric_bike,144,1456.2
12,7,14,casual,classic_bike,53,878.9
12,7,14,member,classic_bike,202,2174.5
12,7,15,member,electric_bike,425,4747.4
12,7,15,casual,classic_bike,78,1395.3
12,7,15,member,classic_bike,232,2376.3
12,7,15,casual,electric_bike,150,1642.9
12,7,16,member,classic_bike,229,3662.3
12,7,16,casual,classic_bike,49,1063.0
12,7,16,casual,electric_bike,120,1044.7
12,7,16,member,electric_bike,394,5105.6
12,7,17,casual,electric_bike,110,1119.9
12,7,17,member,classic_bike,176,4984.9
12,7,17,casual,classic_bike,34,1586.2
12,7,17,member,electric_bike,319,3314.2
12,7,18,member,electric_bike,343,3543.7
12,7,18,casual,electric_bike,98,738.1
12,7,18,member,classic_bike,158,1600.3
12,7,18,casual,classic_bike,36,767.5
12,7,19,member,classic_bike,113,2174.0
12,7,19,casual,classic_bike,26,1263.0
12,7,19,member,electric_bike,250,2397.6
12,7,19,casual,electric_bike,72,562.4
12,7,20,member,electric_bike,163,1523.0
12,7,20,member,classic_bike,84,2679.6
12,7,20,casual,classic_bike,16,190.8
12,7,20,casual,electric_bike,56,560.2
12,7,21,member,classic_bike,51,512.5
12,7,21,casual,electric_bike,52,483.5
12,7,21,member,electric_bike,145,1460.9
12,7,21,casual,classic_bike,18,783.2
12,7,22,casual,electric_bike,64,535.0
12,7,22,casual,classic_bike,16,231.7
12,7,22,member,classic_bike,54,2785.2
12,7,22,member,electric_bike,144,1318.1
12,7,23,casual,electric_bike,48,466.5
12,7,23,member,electric_bike,85,1133.0
12,7,23,casual,classic_bike,13,106.0
12,7,23,member,classic_bike,38,1417.9
