start_id,end_id,n,n_member,avg_min,s_name,s_lat,s_lng,e_name,e_lat,e_lng
CHI01747,CHI01747,8657,680,34.2,Navy Pier,41.89228,-87.61204,Navy Pier,41.89228,-87.61204
CHI00374,CHI00374,5097,365,32.9,DuSable Lake Shore Dr & Monroe St,41.88096,-87.61674,DuSable Lake Shore Dr & Monroe St,41.88096,-87.61674
CHI00374,CHI01747,4202,286,24.2,DuSable Lake Shore Dr & Monroe St,41.88096,-87.61674,Navy Pier,41.89228,-87.61204
CHI00252,CHI00252,3593,313,42.4,Michigan Ave & Oak St,41.90096,-87.62378,Michigan Ave & Oak St,41.90096,-87.62378
CHI00765,CHI00583,2643,1997,5.8,Ellis Ave & 60th St,41.7851,-87.60107,Ellis Ave & 55th St,41.7943,-87.60145
CHI00583,CHI00765,2587,1958,4.7,Ellis Ave & 55th St,41.7943,-87.60145,Ellis Ave & 60th St,41.7851,-87.60107
CHI01747,CHI00374,2365,242,25.1,Navy Pier,41.89228,-87.61204,DuSable Lake Shore Dr & Monroe St,41.88096,-87.61674
KA1503000014,KA1503000071,2267,1800,4.4,Ellis Ave & 60th St,41.7851,-87.60107,University Ave & 57th St,41.79148,-87.59986
KA1503000071,KA1503000014,2246,1870,4.4,University Ave & 57th St,41.79148,-87.59986,Ellis Ave & 60th St,41.7851,-87.60107
CHI01742,CHI01742,2227,143,31.1,Millennium Park,41.88103,-87.62408,Millennium Park,41.88103,-87.62408
CHI00531,CHI00531,2089,245,33.1,Dusable Harbor,41.88698,-87.61281,Dusable Harbor,41.88698,-87.61281
CHI01747,CHI00525,2032,321,22.7,Navy Pier,41.89228,-87.61204,DuSable Lake Shore Dr & North Blvd,41.91172,-87.6268
CHI01747,CHI00420,1926,366,27.4,Navy Pier,41.89228,-87.61204,Theater on the Lake,41.92628,-87.63084
CHI00525,CHI00525,1794,358,35.7,DuSable Lake Shore Dr & North Blvd,41.91172,-87.6268,DuSable Lake Shore Dr & North Blvd,41.91172,-87.6268
KA1503000014,KA1504000076,1781,1405,5.0,Ellis Ave & 60th St,41.7851,-87.60107,Ellis Ave & 55th St,41.7943,-87.60145
13300,13300,1685,113,30.6,DuSable Lake Shore Dr & Monroe St,41.88096,-87.61674,DuSable Lake Shore Dr & Monroe St,41.88096,-87.61674
CHI01747,CHI00252,1682,228,23.0,Navy Pier,41.89228,-87.61204,Michigan Ave & Oak St,41.90096,-87.62378
CHI01747,CHI01742,1680,116,30.0,Navy Pier,41.89228,-87.61204,Millennium Park,41.88103,-87.62408
KA1504000076,KA1503000014,1662,1339,4.7,Ellis Ave & 55th St,41.7943,-87.60145,Ellis Ave & 60th St,41.7851,-87.60107
CHI00531,CHI01747,1636,151,21.9,Dusable Harbor,41.88698,-87.61281,Navy Pier,41.89228,-87.61204
13022,13022,1591,173,31.2,Streeter Dr & Grand Ave,41.89228,-87.61204,Streeter Dr & Grand Ave,41.89228,-87.61204
CHI00427,CHI00427,1581,377,44.0,Montrose Harbor,41.96398,-87.63818,Montrose Harbor,41.96398,-87.63818
CHI00533,CHI00374,1575,140,18.4,Shedd Aquarium,41.86723,-87.61536,DuSable Lake Shore Dr & Monroe St,41.88096,-87.61674
CHI00420,CHI00420,1558,362,39.2,Theater on the Lake,41.92628,-87.63084,Theater on the Lake,41.92628,-87.63084
CHI00533,CHI01747,1558,93,27.9,Shedd Aquarium,41.86723,-87.61536,Navy Pier,41.89228,-87.61204
CHI00765,CHI00551,1527,1226,4.8,Ellis Ave & 60th St,41.7851,-87.60107,University Ave & 57th St,41.79148,-87.59986
CHI00551,CHI00765,1506,1229,4.8,University Ave & 57th St,41.79148,-87.59986,Ellis Ave & 60th St,41.7851,-87.60107
CHI00525,CHI01747,1499,275,22.3,DuSable Lake Shore Dr & North Blvd,41.91172,-87.6268,Navy Pier,41.89228,-87.61204
CHI01163,CHI01163,1444,143,40.5,Michigan Ave & 8th St,41.87277,-87.62398,Michigan Ave & 8th St,41.87277,-87.62398
CHI00252,CHI01747,1442,163,28.8,Michigan Ave & Oak St,41.90096,-87.62378,Navy Pier,41.89228,-87.61204
CHI00420,CHI01747,1389,307,27.7,Theater on the Lake,41.92628,-87.63084,Navy Pier,41.89228,-87.61204
CHI00374,CHI00533,1359,159,18.7,DuSable Lake Shore Dr & Monroe St,41.88096,-87.61674,Shedd Aquarium,41.86723,-87.61536
CHI00360,CHI00360,1350,199,32.0,Adler Planetarium,41.8661,-87.60727,Adler Planetarium,41.8661,-87.60727
CHI01742,CHI01747,1287,96,32.9,Millennium Park,41.88103,-87.62408,Navy Pier,41.89228,-87.61204
CHI00374,CHI00531,1274,220,24.3,DuSable Lake Shore Dr & Monroe St,41.88096,-87.61674,Dusable Harbor,41.88698,-87.61281
CHI00533,CHI00533,1238,85,16.9,Shedd Aquarium,41.86723,-87.61536,Shedd Aquarium,41.86723,-87.61536
CHI00551,CHI00490,1231,874,7.2,University Ave & 57th St,41.79148,-87.59986,Kimbark Ave & 53rd St,41.79946,-87.59478
CHI00583,CHI00490,1209,911,7.2,Ellis Ave & 55th St,41.7943,-87.60145,Kimbark Ave & 53rd St,41.79946,-87.59478
CHI00450,CHI00450,1136,278,38.2,Indiana Ave & Roosevelt Rd,41.86789,-87.62304,Indiana Ave & Roosevelt Rd,41.86789,-87.62304
CHI01747,CHI00533,1133,98,28.5,Navy Pier,41.89228,-87.61204,Shedd Aquarium,41.86723,-87.61536
CHI00490,CHI00583,1130,850,6.0,Kimbark Ave & 53rd St,41.79946,-87.59478,Ellis Ave & 55th St,41.7943,-87.60145
22004,KA1503000071,1126,928,5.5,Blackstone Ave & 59th St,41.78788,-87.59046,University Ave & 57th St,41.79148,-87.59986
CHI00490,CHI00551,1106,772,7.4,Kimbark Ave & 53rd St,41.79946,-87.59478,University Ave & 57th St,41.79148,-87.59986
13300,13022,1092,55,25.6,DuSable Lake Shore Dr & Monroe St,41.88096,-87.61674,Streeter Dr & Grand Ave,41.89228,-87.61204
CHI01114,CHI02043,1066,514,9.0,Sheridan Rd & Noyes St (NU),42.05824,-87.67743,Chicago Ave & Sheridan Rd,42.05049,-87.67782
CHI00252,CHI00420,1044,243,23.1,Michigan Ave & Oak St,41.90096,-87.62378,Theater on the Lake,41.92628,-87.63084
CHI02043,CHI01114,1036,494,18.5,Chicago Ave & Sheridan Rd,42.05049,-87.67782,Sheridan Rd & Noyes St (NU),42.05824,-87.67743
CHI00551,CHI00511,1019,771,5.0,University Ave & 57th St,41.79148,-87.59986,Lake Park Ave & 56th St,41.79161,-87.58748
CHI00330,CHI00330,996,268,41.3,McClurg Ct & Ohio St,41.8926,-87.61729,McClurg Ct & Ohio St,41.8926,-87.61729
KA1503000071,22004,991,902,5.6,University Ave & 57th St,41.79148,-87.59986,Blackstone Ave & 59th St,41.78788,-87.59046
13217,13216,934,801,4.6,Calumet Ave & 33rd St,41.8349,-87.61793,State St & 33rd St,41.83473,-87.62581
CHI00238,CHI00372,919,648,5.6,Loomis St & Lexington St,41.87223,-87.66136,Morgan St & Polk St,41.87174,-87.65103
CHI00372,CHI00238,906,678,5.2,Morgan St & Polk St,41.87174,-87.65103,Loomis St & Lexington St,41.87223,-87.66136
CHI00531,CHI00374,905,140,26.8,Dusable Harbor,41.88698,-87.61281,DuSable Lake Shore Dr & Monroe St,41.88096,-87.61674
CHI00737,CHI01114,894,585,10.1,Benson Ave & Church St,42.04821,-87.68348,Sheridan Rd & Noyes St (NU),42.05824,-87.67743
CHI00394,CHI00394,894,293,41.7,Shore Dr & 55th St,41.79521,-87.58072,Shore Dr & 55th St,41.79521,-87.58072
CHI00279,CHI00279,885,226,35.5,New St & Illinois St,41.89084,-87.61862,New St & Illinois St,41.89084,-87.61862
13216,13217,870,743,3.3,State St & 33rd St,41.83473,-87.62581,Calumet Ave & 33rd St,41.8349,-87.61793
CHI02028,CHI00299,865,755,3.9,Kingsbury St & Erie St,41.89391,-87.64174,Kingsbury St & Kinzie St,41.88917,-87.63849
CHI01747,CHI00531,856,374,22.2,Navy Pier,41.89228,-87.61204,Dusable Harbor,41.88698,-87.61281
CHI01114,CHI00737,855,526,11.1,Sheridan Rd & Noyes St (NU),42.05824,-87.67743,Benson Ave & Church St,42.04821,-87.68348
CHI00345,CHI00345,848,190,29.8,Columbus Dr & Randolph St,41.88472,-87.61952,Columbus Dr & Randolph St,41.88472,-87.61952
CHI00511,CHI00551,837,631,6.2,Lake Park Ave & 56th St,41.79161,-87.58748,University Ave & 57th St,41.79148,-87.59986
CHI01747,CHI00313,837,152,20.0,Navy Pier,41.89228,-87.61204,Wabash Ave & Grand Ave,41.89146,-87.62676
CHI00374,CHI00252,834,139,30.2,DuSable Lake Shore Dr & Monroe St,41.88096,-87.61674,Michigan Ave & Oak St,41.90096,-87.62378
TA1309000037,KA1503000071,830,620,6.1,Kimbark Ave & 53rd St,41.79946,-87.59478,University Ave & 57th St,41.79148,-87.59986
CHI02025,CHI02025,824,107,37.6,Buckingham Fountain,41.86996,-87.62378,Buckingham Fountain,41.86996,-87.62378
CHI00493,CHI00493,824,242,43.5,DuSable Lake Shore Dr & Diversey Pkwy,41.93259,-87.63643,DuSable Lake Shore Dr & Diversey Pkwy,41.93259,-87.63643
KA1503000071,TA1309000037,816,614,6.5,University Ave & 57th St,41.79148,-87.59986,Kimbark Ave & 53rd St,41.79946,-87.59478
CHI00298,CHI00298,810,276,44.4,Lakefront Trail & Bryn Mawr Ave,41.98404,-87.65228,Lakefront Trail & Bryn Mawr Ave,41.98404,-87.65228
CHI00360,CHI01747,803,59,33.6,Adler Planetarium,41.8661,-87.60727,Navy Pier,41.89228,-87.61204
CHI00374,CHI00525,797,146,30.6,DuSable Lake Shore Dr & Monroe St,41.88096,-87.61674,DuSable Lake Shore Dr & North Blvd,41.91172,-87.6268
CHI00533,CHI01742,796,55,22.3,Shedd Aquarium,41.86723,-87.61536,Millennium Park,41.88103,-87.62408
CHI00225,CHI00232,795,584,5.9,Sheffield Ave & Fullerton Ave,41.92562,-87.65366,Greenview Ave & Fullerton Ave,41.92533,-87.6658
CHI01677,CHI01677,793,119,29.0,Michigan Ave & Washington St,41.88398,-87.62468,Michigan Ave & Washington St,41.88398,-87.62468
CHI01209,CHI01209,792,168,47.8,Lakefront Trail & Wilson Ave,41.96686,-87.64309,Lakefront Trail & Wilson Ave,41.96686,-87.64309
13042,13042,786,115,39.9,Michigan Ave & Oak St,41.90096,-87.62378,Michigan Ave & Oak St,41.90096,-87.62378
CHI00299,CHI00509,778,650,5.5,Kingsbury St & Kinzie St,41.88917,-87.63849,Clinton St & Washington Blvd,41.88338,-87.64118
CHI00313,CHI00313,772,135,32.3,Wabash Ave & Grand Ave,41.89146,-87.62676,Wabash Ave & Grand Ave,41.89146,-87.62676
CHI01806,CHI00551,767,637,5.8,Blackstone Ave & 59th St,41.78788,-87.59046,University Ave & 57th St,41.79148,-87.59986
CHI01749,CHI01747,762,50,29.7,Field Museum,41.86531,-87.61788,Navy Pier,41.89228,-87.61204
CHI00480,CHI00480,761,312,38.1,DuSable Lake Shore Dr & Belmont Ave,41.94077,-87.63919,DuSable Lake Shore Dr & Belmont Ave,41.94077,-87.63919
CHI00360,CHI00374,755,126,20.5,Adler Planetarium,41.8661,-87.60727,DuSable Lake Shore Dr & Monroe St,41.88096,-87.61674
CHI00225,CHI00339,754,563,5.3,Sheffield Ave & Fullerton Ave,41.92562,-87.65366,Southport Ave & Wrightwood Ave,41.92876,-87.66391
CHI00252,CHI00374,754,98,33.8,Michigan Ave & Oak St,41.90096,-87.62378,DuSable Lake Shore Dr & Monroe St,41.88096,-87.61674
CHI00374,CHI00360,751,107,23.6,DuSable Lake Shore Dr & Monroe St,41.88096,-87.61674,Adler Planetarium,41.8661,-87.60727
13332,TA1307000130,746,664,4.0,Loomis St & Lexington St,41.87223,-87.66137,Morgan St & Polk St,41.87174,-87.65103
CHI00252,CHI00525,744,205,22.3,Michigan Ave & Oak St,41.90096,-87.62378,DuSable Lake Shore Dr & North Blvd,41.91172,-87.6268
CHI00238,CHI00501,740,637,5.3,Loomis St & Lexington St,41.87223,-87.66136,Wolcott Ave & Polk St,41.87126,-87.67369
CHI00553,CHI00553,739,108,31.8,Michigan Ave & Lake St,41.88602,-87.6244,Michigan Ave & Lake St,41.88602,-87.6244
CHI00420,CHI00252,731,203,22.8,Theater on the Lake,41.92628,-87.63084,Michigan Ave & Oak St,41.90096,-87.62378
CHI00299,CHI00517,728,583,4.0,Kingsbury St & Kinzie St,41.88917,-87.63849,Desplaines St & Kinzie St,41.88871,-87.64445
CHI00551,CHI01806,726,613,5.8,University Ave & 57th St,41.79148,-87.59986,Blackstone Ave & 59th St,41.78788,-87.59046
CHI01163,CHI01742,723,160,20.1,Michigan Ave & 8th St,41.87277,-87.62398,Millennium Park,41.88103,-87.62408
CHI01163,CHI01747,722,89,32.7,Michigan Ave & 8th St,41.87277,-87.62398,Navy Pier,41.89228,-87.61204
KA1503000064,KA1503000064,716,88,31.4,Dusable Harbor,41.88698,-87.61281,Dusable Harbor,41.88698,-87.61281
CHI00501,CHI00238,713,606,5.6,Wolcott Ave & Polk St,41.87126,-87.67369,Loomis St & Lexington St,41.87223,-87.66136
KA1503000014,TA1309000011,710,645,2.9,Ellis Ave & 60th St,41.7851,-87.60107,Ellis Ave & 58th St,41.78875,-87.60133
CHI00255,CHI00255,699,273,35.8,DuSable Lake Shore Dr & Wellington Ave,41.93669,-87.63683,DuSable Lake Shore Dr & Wellington Ave,41.93669,-87.63683
TA1309000011,KA1503000014,698,674,2.9,Ellis Ave & 58th St,41.78875,-87.60133,Ellis Ave & 60th St,41.7851,-87.60107
CHI00517,CHI00299,694,524,6.4,Desplaines St & Kinzie St,41.88871,-87.64445,Kingsbury St & Kinzie St,41.88917,-87.63849
KA1503000071,TA1309000063,693,541,5.5,University Ave & 57th St,41.79148,-87.59986,Lake Park Ave & 56th St,41.79177,-87.58751
CHI00339,CHI00225,690,577,4.4,Southport Ave & Wrightwood Ave,41.92876,-87.66391,Sheffield Ave & Fullerton Ave,41.92562,-87.65366
CHI00540,CHI00396,685,482,4.9,Wells St & Elm St,41.90322,-87.63434,Wells St & Concord Ln,41.91213,-87.63466
CHI00413,CHI00413,685,232,43.4,Clark St & Lincoln Ave,41.91569,-87.6346,Clark St & Lincoln Ave,41.91569,-87.6346
CHI00394,CHI00583,683,522,9.2,Shore Dr & 55th St,41.79521,-87.58072,Ellis Ave & 55th St,41.7943,-87.60145
13008,13008,679,35,31.3,Millennium Park,41.88103,-87.62408,Millennium Park,41.88103,-87.62408
CHI00525,CHI00374,679,130,26.1,DuSable Lake Shore Dr & North Blvd,41.91172,-87.6268,DuSable Lake Shore Dr & Monroe St,41.88096,-87.61674
CHI01742,CHI00374,675,162,40.3,Millennium Park,41.88103,-87.62408,DuSable Lake Shore Dr & Monroe St,41.88096,-87.61674
CHI00626,CHI00626,673,139,33.4,Lincoln Park Conservatory,41.92394,-87.63583,Lincoln Park Conservatory,41.92394,-87.63583
CHI00294,CHI00540,672,423,4.3,Wells St & Huron St,41.89479,-87.63438,Wells St & Elm St,41.90322,-87.63434
TA1308000012,TA1308000012,671,120,44.6,Montrose Harbor,41.96398,-87.63818,Montrose Harbor,41.96398,-87.63818
TA1307000130,13332,670,601,6.2,Morgan St & Polk St,41.87174,-87.65103,Loomis St & Lexington St,41.87223,-87.66137
CHI00374,CHI00420,664,177,33.4,DuSable Lake Shore Dr & Monroe St,41.88096,-87.61674,Theater on the Lake,41.92628,-87.63084
CHI00474,CHI00474,663,286,36.0,Clark St & Armitage Ave,41.91831,-87.63628,Clark St & Armitage Ave,41.91831,-87.63628
CHI01749,CHI00374,657,41,18.9,Field Museum,41.86531,-87.61788,DuSable Lake Shore Dr & Monroe St,41.88096,-87.61674
CHI00224,CHI00223,657,499,3.8,Calumet Ave & 33rd St,41.83472,-87.61797,State St & 33rd St,41.83473,-87.62581
CHI00495,CHI00508,656,558,7.1,Clark St & Winnemac Ave,41.97335,-87.66785,Ravenswood Ave & Lawrence Ave,41.96845,-87.67423
CHI00374,CHI01749,656,49,21.8,DuSable Lake Shore Dr & Monroe St,41.88096,-87.61674,Field Museum,41.86531,-87.61788
CHI01749,CHI01749,654,51,14.8,Field Museum,41.86531,-87.61788,Field Museum,41.86531,-87.61788
CHI00508,CHI00495,653,543,5.3,Ravenswood Ave & Lawrence Ave,41.96845,-87.67423,Clark St & Winnemac Ave,41.97335,-87.66785
CHI01747,CHI01163,645,56,31.1,Navy Pier,41.89228,-87.61204,Michigan Ave & 8th St,41.87277,-87.62398
CHI00383,CHI00383,643,183,29.9,Field Blvd & South Water St,41.88635,-87.61752,Field Blvd & South Water St,41.88635,-87.61752
CHI00583,CHI00394,640,514,9.3,Ellis Ave & 55th St,41.7943,-87.60145,Shore Dr & 55th St,41.79521,-87.58072
13022,13300,633,99,27.7,Streeter Dr & Grand Ave,41.89228,-87.61204,DuSable Lake Shore Dr & Monroe St,41.88096,-87.61674
CHI00374,CHI01742,632,109,31.6,DuSable Lake Shore Dr & Monroe St,41.88096,-87.61674,Millennium Park,41.88103,-87.62408
CHI01996,CHI00490,631,459,7.8,Woodlawn Ave & 58th St,41.78938,-87.59648,Kimbark Ave & 53rd St,41.79946,-87.59478
CHI00496,CHI00290,630,540,8.1,Broadway & Waveland Ave,41.94907,-87.64863,Sheridan Rd & Montrose Ave,41.96166,-87.65464
CHI00553,CHI00345,622,547,8.8,Michigan Ave & Lake St,41.88602,-87.6244,Columbus Dr & Randolph St,41.88472,-87.61952
CHI00396,CHI00540,621,496,5.8,Wells St & Concord Ln,41.91213,-87.63466,Wells St & Elm St,41.90322,-87.63434
CHI00430,CHI00353,617,437,7.3,Broadway & Cornelia Ave,41.94553,-87.64644,Wilton Ave & Belmont Ave,41.94023,-87.65294
CHI00420,CHI00525,612,167,22.3,Theater on the Lake,41.92628,-87.63084,DuSable Lake Shore Dr & North Blvd,41.91172,-87.6268
CHI00299,CHI02028,611,536,4.6,Kingsbury St & Kinzie St,41.88917,-87.63849,Kingsbury St & Erie St,41.89391,-87.64174
CHI01747,CHI00605,609,139,21.4,Navy Pier,41.89228,-87.61204,Fairbanks Ct & Grand Ave,41.89185,-87.62058
CHI00490,CHI01996,608,422,7.2,Kimbark Ave & 53rd St,41.79946,-87.59478,Woodlawn Ave & 58th St,41.78938,-87.59648
CHI00420,CHI00374,607,193,34.6,Theater on the Lake,41.92628,-87.63084,DuSable Lake Shore Dr & Monroe St,41.88096,-87.61674
CHI00281,CHI00281,606,360,23.8,Clark St & Elm St,41.90297,-87.63132,Clark St & Elm St,41.90297,-87.63132
CHI01747,CHI00450,606,188,24.0,Navy Pier,41.89228,-87.61204,Indiana Ave & Roosevelt Rd,41.86789,-87.62304
CHI00617,CHI00617,597,280,43.6,Marine Dr & Ainslie St,41.9716,-87.65015,Marine Dr & Ainslie St,41.9716,-87.65015
CHI00245,CHI00509,596,453,9.1,Larrabee St & Kingsbury St,41.89776,-87.64289,Clinton St & Washington Blvd,41.88338,-87.64118
15544,13300,595,55,22.3,Shedd Aquarium,41.86723,-87.61536,DuSable Lake Shore Dr & Monroe St,41.88096,-87.61674
CHI00452,CHI00452,590,69,37.6,Michigan Ave & Jackson Blvd,41.87855,-87.62415,Michigan Ave & Jackson Blvd,41.87855,-87.62415
CHI00483,CHI00483,586,95,19.8,Cityfront Plaza Dr & Pioneer Ct,41.89057,-87.62207,Cityfront Plaza Dr & Pioneer Ct,41.89057,-87.62207
CHI00450,CHI01742,586,278,14.4,Indiana Ave & Roosevelt Rd,41.86789,-87.62304,Millennium Park,41.88103,-87.62408
CHI00551,CHI00585,586,448,9.5,University Ave & 57th St,41.79148,-87.59986,Ellis Ave & 53rd St,41.79934,-87.60096
CHI00531,CHI00525,583,149,22.3,Dusable Harbor,41.88698,-87.61281,DuSable Lake Shore Dr & North Blvd,41.91172,-87.6268
CHI00416,CHI00416,574,52,33.3,Wabash Ave & Wacker Pl,41.88687,-87.62603,Wabash Ave & Wacker Pl,41.88687,-87.62603
CHI00414,CHI00530,574,451,4.5,Broadway & Berwyn Ave,41.97836,-87.65979,Clark St & Berwyn Ave,41.97803,-87.66828
CHI00498,CHI01677,570,465,7.5,Canal St & Madison St,41.8824,-87.63976,Michigan Ave & Washington St,41.88398,-87.62468
CHI00540,CHI00294,570,383,5.2,Wells St & Elm St,41.90322,-87.63434,Wells St & Huron St,41.89479,-87.63438
CHI00437,CHI00359,570,358,6.5,Halsted St & Maxwell St,41.86488,-87.64707,Halsted St & Polk St,41.87184,-87.64664
CHI00238,CHI00359,569,462,10.1,Loomis St & Lexington St,41.87223,-87.66136,Halsted St & Polk St,41.87184,-87.64664
CHI00354,CHI00354,568,250,37.6,Pine Grove Ave & Waveland Ave,41.94946,-87.64645,Pine Grove Ave & Waveland Ave,41.94946,-87.64645
CHI00374,CHI00450,564,203,19.1,DuSable Lake Shore Dr & Monroe St,41.88096,-87.61674,Indiana Ave & Roosevelt Rd,41.86789,-87.62304
CHI00455,CHI00455,563,398,34.4,Clarendon Ave & Gordon Ter,41.95787,-87.6495,Clarendon Ave & Gordon Ter,41.95787,-87.6495
CHI00223,CHI00224,561,458,7.9,State St & 33rd St,41.83473,-87.62581,Calumet Ave & 33rd St,41.83472,-87.61797
13300,KA1503000064,559,59,20.5,DuSable Lake Shore Dr & Monroe St,41.88096,-87.61674,Dusable Harbor,41.88698,-87.61281
CHI00533,CHI00531,556,50,26.9,Shedd Aquarium,41.86723,-87.61536,Dusable Harbor,41.88698,-87.61281
CHI00605,CHI00605,556,117,30.7,Fairbanks Ct & Grand Ave,41.89185,-87.62058,Fairbanks Ct & Grand Ave,41.89185,-87.62058
TA1309000063,KA1503000071,555,442,5.2,Lake Park Ave & 56th St,41.79177,-87.58751,University Ave & 57th St,41.79148,-87.59986
CHI00585,CHI00551,552,401,5.8,Ellis Ave & 53rd St,41.79934,-87.60096,University Ave & 57th St,41.79148,-87.59986
CHI00530,CHI00414,551,438,4.6,Clark St & Berwyn Ave,41.97803,-87.66828,Broadway & Berwyn Ave,41.97836,-87.65979
CHI00558,CHI00558,551,232,34.1,Burnham Harbor,41.85741,-87.61379,Burnham Harbor,41.85741,-87.61379
CHI00345,CHI01747,550,73,31.4,Columbus Dr & Randolph St,41.88472,-87.61952,Navy Pier,41.89228,-87.61204
CHI01742,CHI00533,550,54,22.5,Millennium Park,41.88103,-87.62408,Shedd Aquarium,41.86723,-87.61536
CHI00765,CHI00460,549,454,3.2,Ellis Ave & 60th St,41.7851,-87.60107,Ellis Ave & 58th St,41.78875,-87.60133
CHI00524,CHI00604,547,403,11.3,Wabash Ave & Roosevelt Rd,41.86723,-87.62596,Wabash Ave & 16th St,41.86039,-87.62581
CHI01749,CHI01742,545,28,25.0,Field Museum,41.86531,-87.61788,Millennium Park,41.88103,-87.62408
CHI00498,CHI00447,544,500,7.2,Canal St & Madison St,41.8824,-87.63976,LaSalle St & Jackson Blvd,41.87816,-87.63193
CHI00252,CHI00480,542,222,22.1,Michigan Ave & Oak St,41.90096,-87.62378,DuSable Lake Shore Dr & Belmont Ave,41.94077,-87.63919
CHI00460,CHI00765,542,482,3.7,Ellis Ave & 58th St,41.78875,-87.60133,Ellis Ave & 60th St,41.7851,-87.60107
CHI00468,CHI00304,540,487,4.9,Sheridan Rd & Buena Ave,41.95849,-87.655,Sheridan Rd & Irving Park Rd,41.95425,-87.65441
CHI00525,CHI00252,540,152,23.6,DuSable Lake Shore Dr & North Blvd,41.91172,-87.6268,Michigan Ave & Oak St,41.90096,-87.62378
CHI00239,CHI00353,540,415,3.6,Broadway & Belmont Ave,41.94011,-87.64545,Wilton Ave & Belmont Ave,41.94023,-87.65294
CHI01747,CHI00493,535,172,27.5,Navy Pier,41.89228,-87.61204,DuSable Lake Shore Dr & Diversey Pkwy,41.93259,-87.63643
KA1503000064,13022,535,37,20.4,Dusable Harbor,41.88698,-87.61281,Streeter Dr & Grand Ave,41.89228,-87.61204
CHI00353,CHI00430,532,418,6.4,Wilton Ave & Belmont Ave,41.94023,-87.65294,Broadway & Cornelia Ave,41.94553,-87.64644
CHI01747,CHI00360,530,66,34.0,Navy Pier,41.89228,-87.61204,Adler Planetarium,41.8661,-87.60727
CHI00374,CHI00558,527,158,27.5,DuSable Lake Shore Dr & Monroe St,41.88096,-87.61674,Burnham Harbor,41.85741,-87.61379
KA1504000076,TA1309000037,527,436,5.7,Ellis Ave & 55th St,41.7943,-87.60145,Kimbark Ave & 53rd St,41.79946,-87.59478
CHI00427,CHI00298,526,278,16.7,Montrose Harbor,41.96398,-87.63818,Lakefront Trail & Bryn Mawr Ave,41.98404,-87.65228
CHI00531,CHI00252,525,160,24.4,Dusable Harbor,41.88698,-87.61281,Michigan Ave & Oak St,41.90096,-87.62378
22004,22003,524,399,3.4,Blackstone Ave & 59th St,41.78788,-87.59046,University Ave & 59th St,41.78788,-87.59891
CHI00423,CHI00394,524,328,9.5,Woodlawn Ave & 55th St,41.79526,-87.59647,Shore Dr & 55th St,41.79521,-87.58072
CHI00359,CHI00238,524,465,8.7,Halsted St & Polk St,41.87184,-87.64664,Loomis St & Lexington St,41.87223,-87.66136
13265,KA1503000043,522,477,3.0,Kingsbury St & Erie St,41.89391,-87.64174,Kingsbury St & Kinzie St,41.88918,-87.63851
CHI00432,CHI00432,520,102,30.3,Stetson Ave & South Water St,41.88683,-87.62233,Stetson Ave & South Water St,41.88683,-87.62233
CHI00450,CHI01747,517,103,29.9,Indiana Ave & Roosevelt Rd,41.86789,-87.62304,Navy Pier,41.89228,-87.61204
CHI00551,CHI00394,514,373,10.8,University Ave & 57th St,41.79148,-87.59986,Shore Dr & 55th St,41.79521,-87.58072
CHI00330,CHI01747,514,182,27.0,McClurg Ct & Ohio St,41.8926,-87.61729,Navy Pier,41.89228,-87.61204
CHI01747,CHI00330,513,181,33.1,Navy Pier,41.89228,-87.61204,McClurg Ct & Ohio St,41.8926,-87.61729
CHI00299,CHI00299,512,292,19.0,Kingsbury St & Kinzie St,41.88917,-87.63849,Kingsbury St & Kinzie St,41.88917,-87.63849
CHI00418,CHI00418,511,151,41.0,Mies van der Rohe Way & Chestnut St,41.89859,-87.62192,Mies van der Rohe Way & Chestnut St,41.89859,-87.62192
CHI02025,CHI01742,508,125,19.7,Buckingham Fountain,41.86996,-87.62378,Millennium Park,41.88103,-87.62408
CHI00447,CHI00498,506,431,5.3,LaSalle St & Jackson Blvd,41.87816,-87.63193,Canal St & Madison St,41.8824,-87.63976
CHI00299,CHI01091,506,407,6.4,Kingsbury St & Kinzie St,41.88917,-87.63849,Clinton St & Jackson Blvd,41.87832,-87.64099
CHI00394,CHI00551,506,379,11.4,Shore Dr & 55th St,41.79521,-87.58072,University Ave & 57th St,41.79148,-87.59986
CHI00395,CHI00496,505,395,6.5,Clarendon Ave & Junior Ter,41.961,-87.6496,Broadway & Waveland Ave,41.94907,-87.64863
KA1503000014,22003,505,468,4.3,Ellis Ave & 60th St,41.7851,-87.60107,University Ave & 59th St,41.78788,-87.59891
CHI01747,CHI01677,504,38,30.2,Navy Pier,41.89228,-87.61204,Michigan Ave & Washington St,41.88398,-87.62468
CHI00279,CHI01747,504,133,26.1,New St & Illinois St,41.89084,-87.61862,Navy Pier,41.89228,-87.61204
CHI02043,CHI02043,501,136,42.5,Chicago Ave & Sheridan Rd,42.05049,-87.67782,Chicago Ave & Sheridan Rd,42.05049,-87.67782
SL-005,SL-005,498,172,33.1,Indiana Ave & Roosevelt Rd,41.86789,-87.62304,Indiana Ave & Roosevelt Rd,41.86789,-87.62304
CHI00313,CHI01747,497,102,27.6,Wabash Ave & Grand Ave,41.89146,-87.62676,Navy Pier,41.89228,-87.61204
CHI01677,CHI01747,497,37,38.3,Michigan Ave & Washington St,41.88398,-87.62468,Navy Pier,41.89228,-87.61204
CHI00394,CHI00423,496,314,9.5,Shore Dr & 55th St,41.79521,-87.58072,Woodlawn Ave & 55th St,41.79526,-87.59647
CHI00551,CHI00583,494,449,8.7,University Ave & 57th St,41.79148,-87.59986,Ellis Ave & 55th St,41.7943,-87.60145
CHI00423,CHI00551,491,375,6.4,Woodlawn Ave & 55th St,41.79526,-87.59647,University Ave & 57th St,41.79148,-87.59986
CHI00524,CHI00524,491,187,32.5,Wabash Ave & Roosevelt Rd,41.86723,-87.62596,Wabash Ave & Roosevelt Rd,41.86723,-87.62596
604,E008,490,190,9.3,Sheridan Rd & Noyes St (NU),42.05824,-87.67743,Chicago Ave & Sheridan Rd,42.05049,-87.67782
CHI00359,CHI00437,487,333,4.5,Halsted St & Polk St,41.87184,-87.64664,Halsted St & Maxwell St,41.86488,-87.64707
CHI01742,CHI00450,486,280,15.4,Millennium Park,41.88103,-87.62408,Indiana Ave & Roosevelt Rd,41.86789,-87.62304
CHI00299,CHI00306,486,363,9.4,Kingsbury St & Kinzie St,41.88917,-87.63849,Dearborn Pkwy & Delaware Pl,41.89897,-87.62991
CHI00558,CHI00374,484,195,19.1,Burnham Harbor,41.85741,-87.61379,DuSable Lake Shore Dr & Monroe St,41.88096,-87.61674
CHI02026,CHI02026,482,91,49.2,Fort Dearborn Dr & 31st St*,41.83867,-87.60883,Fort Dearborn Dr & 31st St*,41.83867,-87.60883
CHI00585,CHI00583,480,413,8.2,Ellis Ave & 53rd St,41.79934,-87.60096,Ellis Ave & 55th St,41.7943,-87.60145
CHI00232,CHI00225,480,340,4.5,Greenview Ave & Fullerton Ave,41.92533,-87.6658,Sheffield Ave & Fullerton Ave,41.92562,-87.65366
CHI00574,CHI00574,480,87,32.8,Griffin Museum of Science and Industry,41.79173,-87.58395,Griffin Museum of Science and Industry,41.79173,-87.58395
CHI01091,CHI01746,479,422,7.1,Clinton St & Jackson Blvd,41.87832,-87.64099,Clinton St & Lake St,41.88563,-87.64182
CHI00423,CHI00490,479,369,5.8,Woodlawn Ave & 55th St,41.79526,-87.59647,Kimbark Ave & 53rd St,41.79946,-87.59478
CHI01775,CHI01775,479,246,32.3,Federal St & Polk St,41.87208,-87.62955,Federal St & Polk St,41.87208,-87.62955
15541.1.1,15541.1.1,477,21,35.6,Buckingham Fountain,41.87637,-87.62056,Buckingham Fountain,41.87637,-87.62056
CHI00294,CHI00299,477,379,5.2,Wells St & Huron St,41.89479,-87.63438,Kingsbury St & Kinzie St,41.88917,-87.63849
CHI00299,CHI00233,475,371,4.4,Kingsbury St & Kinzie St,41.88917,-87.63849,Clinton St & Madison St,41.88274,-87.64119
CHI00531,CHI00420,474,139,27.8,Dusable Harbor,41.88698,-87.61281,Theater on the Lake,41.92628,-87.63084
KA1503000014,22004,474,403,6.6,Ellis Ave & 60th St,41.7851,-87.60107,Blackstone Ave & 59th St,41.78788,-87.59046
CHI00496,CHI00395,473,342,6.5,Broadway & Waveland Ave,41.94907,-87.64863,Clarendon Ave & Junior Ter,41.961,-87.6496
CHI00448,CHI00448,473,179,30.4,Wabash Ave & 9th St,41.87077,-87.62574,Wabash Ave & 9th St,41.87077,-87.62574
CHI00490,CHI00765,473,300,11.8,Kimbark Ave & 53rd St,41.79946,-87.59478,Ellis Ave & 60th St,41.7851,-87.60107
CHI00607,CHI00607,472,31,44.4,McCormick Place,41.85138,-87.61884,McCormick Place,41.85138,-87.61884
CHI00476,CHI00304,472,390,2.9,Broadway & Sheridan Rd,41.95283,-87.64999,Sheridan Rd & Irving Park Rd,41.95425,-87.65441
CHI01747,CHI01744,470,28,24.2,Navy Pier,41.89228,-87.61204,St. Clair St & Erie St,41.89435,-87.6228
CHI00345,CHI00251,470,376,8.3,Columbus Dr & Randolph St,41.88472,-87.61952,State St & Randolph St,41.88462,-87.62784
CHI01772,CHI01772,468,268,26.0,State St & Chicago Ave,41.89662,-87.62858,State St & Chicago Ave,41.89662,-87.62858
E008,604,468,231,7.1,Chicago Ave & Sheridan Rd,42.05049,-87.67782,Sheridan Rd & Noyes St (NU),42.05824,-87.67743
CHI00358,CHI00358,468,119,29.4,LaSalle St & Illinois St,41.89076,-87.6317,LaSalle St & Illinois St,41.89076,-87.6317
CHI00430,CHI00430,466,243,21.6,Broadway & Cornelia Ave,41.94553,-87.64644,Broadway & Cornelia Ave,41.94553,-87.64644
CHI00626,CHI01747,466,40,36.1,Lincoln Park Conservatory,41.92394,-87.63583,Navy Pier,41.89228,-87.61204
CHI00252,CHI00493,466,219,23.0,Michigan Ave & Oak St,41.90096,-87.62378,DuSable Lake Shore Dr & Diversey Pkwy,41.93259,-87.63643
CHI00245,CHI00299,465,399,4.6,Larrabee St & Kingsbury St,41.89776,-87.64289,Kingsbury St & Kinzie St,41.88917,-87.63849
CHI00583,CHI00585,464,395,7.5,Ellis Ave & 55th St,41.7943,-87.60145,Ellis Ave & 53rd St,41.79934,-87.60096
CHI01744,CHI01744,464,82,37.1,St. Clair St & Erie St,41.89435,-87.6228,St. Clair St & Erie St,41.89435,-87.6228
CHI00525,CHI00531,463,128,18.0,DuSable Lake Shore Dr & North Blvd,41.91172,-87.6268,Dusable Harbor,41.88698,-87.61281
CHI01747,CHI00626,463,56,38.1,Navy Pier,41.89228,-87.61204,Lincoln Park Conservatory,41.92394,-87.63583
KA1503000043,WL-012,462,418,4.4,Kingsbury St & Kinzie St,41.88918,-87.63851,Clinton St & Washington Blvd,41.88338,-87.64118
CHI00290,CHI00310,462,232,14.5,Sheridan Rd & Montrose Ave,41.96166,-87.65464,Sheffield Ave & Waveland Ave,41.94939,-87.65453
CHI00276,CHI00225,461,356,5.9,Ashland Ave & Wrightwood Ave,41.92883,-87.66851,Sheffield Ave & Fullerton Ave,41.92562,-87.65366
CHI01747,CHI00480,460,130,30.5,Navy Pier,41.89228,-87.61204,DuSable Lake Shore Dr & Belmont Ave,41.94077,-87.63919
CHI01677,CHI00498,459,325,8.9,Michigan Ave & Washington St,41.88398,-87.62468,Canal St & Madison St,41.8824,-87.63976
CHI00480,CHI00252,459,202,22.8,DuSable Lake Shore Dr & Belmont Ave,41.94077,-87.63919,Michigan Ave & Oak St,41.90096,-87.62378
CHI00493,CHI00252,458,197,21.4,DuSable Lake Shore Dr & Diversey Pkwy,41.93259,-87.63643,Michigan Ave & Oak St,41.90096,-87.62378
CHI00234,CHI00336,455,403,7.1,Southport Ave & Roscoe St,41.94374,-87.66402,Southport Ave & Waveland Ave,41.94822,-87.66407
CHI00509,CHI00245,454,387,8.1,Clinton St & Washington Blvd,41.88338,-87.64118,Larrabee St & Kingsbury St,41.89776,-87.64289
CHI01772,CHI00540,454,328,7.0,State St & Chicago Ave,41.89662,-87.62858,Wells St & Elm St,41.90322,-87.63434
CHI01742,CHI01163,453,147,26.6,Millennium Park,41.88103,-87.62408,Michigan Ave & 8th St,41.87277,-87.62398
15544,13022,453,30,26.9,Shedd Aquarium,41.86723,-87.61536,Streeter Dr & Grand Ave,41.89228,-87.61204
CHI00496,CHI00455,452,382,5.9,Broadway & Waveland Ave,41.94907,-87.64863,Clarendon Ave & Gordon Ter,41.95787,-87.6495
CHI00490,CHI00585,451,395,5.6,Kimbark Ave & 53rd St,41.79946,-87.59478,Ellis Ave & 53rd St,41.79934,-87.60096
CHI00786,CHI00498,449,383,9.6,Wabash Ave & Adams St,41.87947,-87.62569,Canal St & Madison St,41.8824,-87.63976
CHI00482,CHI00482,449,248,33.3,Pine Grove Ave & Irving Park Rd,41.95437,-87.64794,Pine Grove Ave & Irving Park Rd,41.95437,-87.64794
CHI01772,CHI00281,446,392,6.1,State St & Chicago Ave,41.89662,-87.62858,Clark St & Elm St,41.90297,-87.63132
CHI00294,CHI00294,445,243,15.1,Wells St & Huron St,41.89479,-87.63438,Wells St & Huron St,41.89479,-87.63438
CHI01772,CHI00294,445,388,5.1,State St & Chicago Ave,41.89662,-87.62858,Wells St & Huron St,41.89479,-87.63438
CHI00469,CHI00469,444,205,30.4,Lakeview Ave & Fullerton Pkwy,41.92587,-87.63897,Lakeview Ave & Fullerton Pkwy,41.92587,-87.63897
CHI00460,CHI00490,444,337,7.7,Ellis Ave & 58th St,41.78875,-87.60133,Kimbark Ave & 53rd St,41.79946,-87.59478
CHI00427,CHI00420,444,208,27.5,Montrose Harbor,41.96398,-87.63818,Theater on the Lake,41.92628,-87.63084
CHI01775,CHI00524,442,339,6.6,Federal St & Polk St,41.87208,-87.62955,Wabash Ave & Roosevelt Rd,41.86723,-87.62596
CHI02039,CHI02039,442,142,35.2,Calumet Ave & 18th St,41.85762,-87.61941,Calumet Ave & 18th St,41.85762,-87.61941
CHI01746,CHI01091,441,343,3.7,Clinton St & Lake St,41.88563,-87.64182,Clinton St & Jackson Blvd,41.87832,-87.64099
CHI00450,CHI00533,441,154,16.0,Indiana Ave & Roosevelt Rd,41.86789,-87.62304,Shedd Aquarium,41.86723,-87.61536
CHI00295,CHI00295,440,165,24.2,Dearborn St & Erie St,41.894,-87.62932,Dearborn St & Erie St,41.894,-87.62932
CHI02025,CHI00452,439,128,10.8,Buckingham Fountain,41.86996,-87.62378,Michigan Ave & Jackson Blvd,41.87855,-87.62415
CHI00480,CHI01747,438,109,32.4,DuSable Lake Shore Dr & Belmont Ave,41.94077,-87.63919,Navy Pier,41.89228,-87.61204
CHI01091,CHI00233,438,383,3.4,Clinton St & Jackson Blvd,41.87832,-87.64099,Clinton St & Madison St,41.88274,-87.64119
13300,15544,437,42,20.0,DuSable Lake Shore Dr & Monroe St,41.88096,-87.61674,Shedd Aquarium,41.86723,-87.61536
CHI00330,CHI00525,437,158,17.4,McClurg Ct & Ohio St,41.8926,-87.61729,DuSable Lake Shore Dr & North Blvd,41.91172,-87.6268
CHI00245,CHI01772,436,352,7.3,Larrabee St & Kingsbury St,41.89776,-87.64289,State St & Chicago Ave,41.89662,-87.62858
CHI00551,CHI00551,436,281,27.3,University Ave & 57th St,41.79148,-87.59986,University Ave & 57th St,41.79148,-87.59986
CHI00540,CHI00332,436,299,9.1,Wells St & Elm St,41.90322,-87.63434,Wells St & Hubbard St,41.88991,-87.63427
CHI00336,CHI00234,436,382,7.4,Southport Ave & Waveland Ave,41.94822,-87.66407,Southport Ave & Roscoe St,41.94374,-87.66402
CHI00281,CHI00396,435,275,6.7,Clark St & Elm St,41.90297,-87.63132,Wells St & Concord Ln,41.91213,-87.63466
CHI00306,CHI00299,435,242,11.2,Dearborn Pkwy & Delaware Pl,41.89897,-87.62991,Kingsbury St & Kinzie St,41.88917,-87.63849
CHI00304,CHI00468,433,390,4.8,Sheridan Rd & Irving Park Rd,41.95425,-87.65441,Sheridan Rd & Buena Ave,41.95849,-87.655
KA1503000043,TA1306000003,433,368,3.6,Kingsbury St & Kinzie St,41.88918,-87.63851,Desplaines St & Kinzie St,41.88871,-87.64445
CHI00604,CHI00524,430,306,5.8,Wabash Ave & 16th St,41.86039,-87.62581,Wabash Ave & Roosevelt Rd,41.86723,-87.62596
CHI00765,CHI00490,430,260,10.3,Ellis Ave & 60th St,41.7851,-87.60107,Kimbark Ave & 53rd St,41.79946,-87.59478
CHI00450,CHI00452,426,266,9.1,Indiana Ave & Roosevelt Rd,41.86789,-87.62304,Michigan Ave & Jackson Blvd,41.87855,-87.62415
LF-005,LF-005,426,91,35.3,DuSable Lake Shore Dr & North Blvd,41.91172,-87.6268,DuSable Lake Shore Dr & North Blvd,41.91172,-87.6268
CHI00480,CHI00420,425,160,19.4,DuSable Lake Shore Dr & Belmont Ave,41.94077,-87.63919,Theater on the Lake,41.92628,-87.63084
CHI00450,CHI02025,423,309,15.0,Indiana Ave & Roosevelt Rd,41.86789,-87.62304,Buckingham Fountain,41.86996,-87.62378
TA1306000009,WL-012,423,323,9.3,Larrabee St & Kingsbury St,41.89776,-87.64289,Clinton St & Washington Blvd,41.88338,-87.64118
15544,15544,423,26,21.1,Shedd Aquarium,41.86723,-87.61536,Shedd Aquarium,41.86723,-87.61536
13431,13431,421,52,36.2,Adler Planetarium,41.8661,-87.60727,Adler Planetarium,41.8661,-87.60727
CHI00299,CHI00245,421,328,5.8,Kingsbury St & Kinzie St,41.88917,-87.63849,Larrabee St & Kingsbury St,41.89776,-87.64289
TA1309000037,KA1504000076,420,349,7.6,Kimbark Ave & 53rd St,41.79946,-87.59478,Ellis Ave & 55th St,41.7943,-87.60145
CHI02050,CHI00498,418,340,7.0,Franklin St & Jackson Blvd,41.87771,-87.63533,Canal St & Madison St,41.8824,-87.63976
CHI00551,CHI02034,417,283,14.5,University Ave & 57th St,41.79148,-87.59986,Cornell Ave & Hyde Park Blvd,41.80241,-87.58692
CHI01913,CHI00583,417,341,8.9,University Ave & 59th St,41.78788,-87.59891,Ellis Ave & 55th St,41.7943,-87.60145
CHI00551,CHI00423,416,344,6.5,University Ave & 57th St,41.79148,-87.59986,Woodlawn Ave & 55th St,41.79526,-87.59647
TA1306000016,TA1307000113,416,331,4.7,Sheffield Ave & Fullerton Ave,41.92562,-87.65366,Southport Ave & Wrightwood Ave,41.92877,-87.66391
CHI00482,CHI00304,415,355,3.9,Pine Grove Ave & Irving Park Rd,41.95437,-87.64794,Sheridan Rd & Irving Park Rd,41.95425,-87.65441
CHI00419,CHI00419,415,126,34.6,McClurg Ct & Erie St,41.8945,-87.61786,McClurg Ct & Erie St,41.8945,-87.61786
CHI00474,CHI01747,414,84,29.8,Clark St & Armitage Ave,41.91831,-87.63628,Navy Pier,41.89228,-87.61204
CHI01747,CHI00255,414,162,27.2,Navy Pier,41.89228,-87.61204,DuSable Lake Shore Dr & Wellington Ave,41.93669,-87.63683
604,596,414,285,9.0,Sheridan Rd & Noyes St (NU),42.05824,-87.67743,Benson Ave & Church St,42.048,-87.68344
CHI00306,CHI00306,413,181,33.6,Dearborn Pkwy & Delaware Pl,41.89897,-87.62991,Dearborn Pkwy & Delaware Pl,41.89897,-87.62991
TA1307000113,TA1306000016,411,370,4.2,Southport Ave & Wrightwood Ave,41.92877,-87.66391,Sheffield Ave & Fullerton Ave,41.92562,-87.65366
TA1308000001,TA1308000001,411,113,49.5,Theater on the Lake,41.92628,-87.63084,Theater on the Lake,41.92628,-87.63084
CHI02034,CHI00551,410,248,11.1,Cornell Ave & Hyde Park Blvd,41.80241,-87.58692,University Ave & 57th St,41.79148,-87.59986
CHI00299,CHI01880,410,286,5.7,Kingsbury St & Kinzie St,41.88917,-87.63849,Halsted St & Fulton St,41.88687,-87.64809
22004,KA1503000014,409,333,6.4,Blackstone Ave & 59th St,41.78788,-87.59046,Ellis Ave & 60th St,41.7851,-87.60107
CHI00360,CHI00533,409,130,13.7,Adler Planetarium,41.8661,-87.60727,Shedd Aquarium,41.86723,-87.61536
CHI00342,CHI00342,409,182,40.2,Michigan Ave & 14th St,41.86406,-87.62373,Michigan Ave & 14th St,41.86406,-87.62373
CHI00531,CHI00533,409,41,24.7,Dusable Harbor,41.88698,-87.61281,Shedd Aquarium,41.86723,-87.61536
CHI00290,CHI00496,408,337,7.0,Sheridan Rd & Montrose Ave,41.96166,-87.65464,Broadway & Waveland Ave,41.94907,-87.64863
CHI00559,CHI00551,408,282,10.5,Lake Park Ave & 53rd St,41.79949,-87.58645,University Ave & 57th St,41.79148,-87.59986
CHI01806,CHI01913,407,334,5.3,Blackstone Ave & 59th St,41.78788,-87.59046,University Ave & 59th St,41.78788,-87.59891
CHI00304,CHI00482,407,329,6.8,Sheridan Rd & Irving Park Rd,41.95425,-87.65441,Pine Grove Ave & Irving Park Rd,41.95437,-87.64794
CHI00509,CHI00299,406,368,5.0,Clinton St & Washington Blvd,41.88338,-87.64118,Kingsbury St & Kinzie St,41.88917,-87.63849
CHI00480,CHI00525,406,118,20.9,DuSable Lake Shore Dr & Belmont Ave,41.94077,-87.63919,DuSable Lake Shore Dr & North Blvd,41.91172,-87.6268
CHI00483,CHI01747,406,52,27.1,Cityfront Plaza Dr & Pioneer Ct,41.89057,-87.62207,Navy Pier,41.89228,-87.61204
CHI00455,CHI00496,405,328,6.1,Clarendon Ave & Gordon Ter,41.95787,-87.6495,Broadway & Waveland Ave,41.94907,-87.64863
CHI01163,CHI00450,405,261,16.0,Michigan Ave & 8th St,41.87277,-87.62398,Indiana Ave & Roosevelt Rd,41.86789,-87.62304
CHI00716,CHI00716,405,128,41.3,Walsh Park,41.91461,-87.66797,Walsh Park,41.91461,-87.66797
CHI00233,CHI00299,405,333,5.1,Clinton St & Madison St,41.88274,-87.64119,Kingsbury St & Kinzie St,41.88917,-87.63849
CHI00540,CHI00299,404,330,7.5,Wells St & Elm St,41.90322,-87.63434,Kingsbury St & Kinzie St,41.88917,-87.63849
CHI00250,CHI00250,404,35,41.8,Michigan Ave & Ida B Wells Dr,41.87621,-87.62446,Michigan Ave & Ida B Wells Dr,41.87621,-87.62446
CHI00450,CHI01163,404,304,15.8,Indiana Ave & Roosevelt Rd,41.86789,-87.62304,Michigan Ave & 8th St,41.87277,-87.62398
CHI00496,CHI00304,403,339,5.3,Broadway & Waveland Ave,41.94907,-87.64863,Sheridan Rd & Irving Park Rd,41.95425,-87.65441
CHI01747,CHI00279,403,93,31.9,Navy Pier,41.89228,-87.61204,New St & Illinois St,41.89084,-87.61862
CHI00255,CHI00252,401,205,22.1,DuSable Lake Shore Dr & Wellington Ave,41.93669,-87.63683,Michigan Ave & Oak St,41.90096,-87.62378
CHI01163,CHI00452,401,194,10.9,Michigan Ave & 8th St,41.87277,-87.62398,Michigan Ave & Jackson Blvd,41.87855,-87.62415
KA1503000015,13341,401,350,6.5,Wabash Ave & Adams St,41.87947,-87.62569,Canal St & Madison St,41.8824,-87.63976
596,604,401,263,9.7,Benson Ave & Church St,42.048,-87.68344,Sheridan Rd & Noyes St (NU),42.05824,-87.67743
CHI01114,CHI01114,400,191,36.6,Sheridan Rd & Noyes St (NU),42.05824,-87.67743,Sheridan Rd & Noyes St (NU),42.05824,-87.67743
CHI02034,CHI02034,400,210,40.2,Cornell Ave & Hyde Park Blvd,41.80241,-87.58692,Cornell Ave & Hyde Park Blvd,41.80241,-87.58692
CHI00625,CHI00508,399,314,9.2,Damen Ave & Foster Ave,41.9758,-87.67951,Ravenswood Ave & Lawrence Ave,41.96845,-87.67423
CHI00605,CHI01747,399,77,27.1,Fairbanks Ct & Grand Ave,41.89185,-87.62058,Navy Pier,41.89228,-87.61204
CHI01747,CHI00413,399,80,27.6,Navy Pier,41.89228,-87.61204,Clark St & Lincoln Ave,41.91569,-87.6346
CHI00493,CHI01747,399,120,28.7,DuSable Lake Shore Dr & Diversey Pkwy,41.93259,-87.63643,Navy Pier,41.89228,-87.61204
CHI00524,CHI00342,398,355,9.6,Wabash Ave & Roosevelt Rd,41.86723,-87.62596,Michigan Ave & 14th St,41.86406,-87.62373
CHI00396,CHI00396,398,215,25.0,Wells St & Concord Ln,41.91213,-87.63466,Wells St & Concord Ln,41.91213,-87.63466
CHI00525,CHI00420,398,135,19.9,DuSable Lake Shore Dr & North Blvd,41.91172,-87.6268,Theater on the Lake,41.92628,-87.63084
KA1503000071,KA1504000076,397,370,6.4,University Ave & 57th St,41.79148,-87.59986,Ellis Ave & 55th St,41.7943,-87.60145
CHI00270,CHI00270,397,238,45.2,Sheridan Rd & Argyle St,41.97329,-87.65476,Sheridan Rd & Argyle St,41.97329,-87.65476
CHI00483,CHI00553,397,257,15.6,Cityfront Plaza Dr & Pioneer Ct,41.89057,-87.62207,Michigan Ave & Lake St,41.88602,-87.6244
CHI00358,CHI00306,396,273,5.3,LaSalle St & Illinois St,41.89076,-87.6317,Dearborn Pkwy & Delaware Pl,41.89897,-87.62991
CHI00533,CHI00450,395,80,14.4,Shedd Aquarium,41.86723,-87.61536,Indiana Ave & Roosevelt Rd,41.86789,-87.62304
CHI00551,CHI00559,394,245,10.8,University Ave & 57th St,41.79148,-87.59986,Lake Park Ave & 53rd St,41.79949,-87.58645
CHI00583,CHI00551,394,347,6.8,Ellis Ave & 55th St,41.7943,-87.60145,University Ave & 57th St,41.79148,-87.59986
CHI00490,CHI00460,394,320,8.2,Kimbark Ave & 53rd St,41.79946,-87.59478,Ellis Ave & 58th St,41.78875,-87.60133
CHI01880,CHI00299,394,314,7.4,Halsted St & Fulton St,41.88687,-87.64809,Kingsbury St & Kinzie St,41.88917,-87.63849
13341,13001,393,327,8.0,Canal St & Madison St,41.8824,-87.63976,Michigan Ave & Washington St,41.88399,-87.62468
CHI02025,CHI01163,392,189,17.2,Buckingham Fountain,41.86996,-87.62378,Michigan Ave & 8th St,41.87277,-87.62398
CHI00238,CHI00238,392,286,17.4,Loomis St & Lexington St,41.87223,-87.66136,Loomis St & Lexington St,41.87223,-87.66136
CHI00583,CHI00559,391,316,9.9,Ellis Ave & 55th St,41.7943,-87.60145,Lake Park Ave & 53rd St,41.79949,-87.58645
CHI00450,CHI00360,391,123,15.4,Indiana Ave & Roosevelt Rd,41.86789,-87.62304,Adler Planetarium,41.8661,-87.60727
CHI00490,CHI00423,391,319,6.6,Kimbark Ave & 53rd St,41.79946,-87.59478,Woodlawn Ave & 55th St,41.79526,-87.59647
CHI00394,CHI00765,391,303,12.4,Shore Dr & 55th St,41.79521,-87.58072,Ellis Ave & 60th St,41.7851,-87.60107
CHI01747,CHI01749,390,37,30.8,Navy Pier,41.89228,-87.61204,Field Museum,41.86531,-87.61788
13022,13008,389,46,24.7,Streeter Dr & Grand Ave,41.89228,-87.61204,Millennium Park,41.88103,-87.62408
CHI00241,CHI00299,389,339,7.0,Sedgwick St & Huron St,41.89466,-87.63843,Kingsbury St & Kinzie St,41.88917,-87.63849
22003,KA1503000014,388,370,4.2,University Ave & 59th St,41.78788,-87.59891,Ellis Ave & 60th St,41.7851,-87.60107
CHI00540,CHI00540,388,204,23.2,Wells St & Elm St,41.90322,-87.63434,Wells St & Elm St,41.90322,-87.63434
CHI00420,CHI00427,387,209,26.0,Theater on the Lake,41.92628,-87.63084,Montrose Harbor,41.96398,-87.63818
KA1503000043,13265,387,358,3.6,Kingsbury St & Kinzie St,41.88918,-87.63851,Kingsbury St & Erie St,41.89391,-87.64174
CHI00455,CHI00304,386,299,4.4,Clarendon Ave & Gordon Ter,41.95787,-87.6495,Sheridan Rd & Irving Park Rd,41.95425,-87.65441
CHI02028,CHI02028,386,273,20.3,Kingsbury St & Erie St,41.89391,-87.64174,Kingsbury St & Erie St,41.89391,-87.64174
CHI00452,CHI01747,386,18,29.7,Michigan Ave & Jackson Blvd,41.87855,-87.62415,Navy Pier,41.89228,-87.61204
CHI00450,CHI00374,386,160,20.0,Indiana Ave & Roosevelt Rd,41.86789,-87.62304,DuSable Lake Shore Dr & Monroe St,41.88096,-87.61674
CHI00304,CHI00455,385,291,4.9,Sheridan Rd & Irving Park Rd,41.95425,-87.65441,Clarendon Ave & Gordon Ter,41.95787,-87.6495
CHI01747,CHI00345,385,140,21.6,Navy Pier,41.89228,-87.61204,Columbus Dr & Randolph St,41.88472,-87.61952
13022,LF-005,385,75,22.1,Streeter Dr & Grand Ave,41.89228,-87.61204,DuSable Lake Shore Dr & North Blvd,41.91172,-87.6268
CHI00294,CHI00396,385,249,9.9,Wells St & Huron St,41.89479,-87.63438,Wells St & Concord Ln,41.91213,-87.63466
CHI01743,CHI00245,384,342,10.8,Canal St & Adams St,41.87926,-87.63991,Larrabee St & Kingsbury St,41.89776,-87.64289
623,623,383,71,35.5,Michigan Ave & 8th St,41.87277,-87.62398,Michigan Ave & 8th St,41.87277,-87.62398
CHI00281,CHI00294,382,276,5.4,Clark St & Elm St,41.90297,-87.63132,Wells St & Huron St,41.89479,-87.63438
CHI00559,CHI00583,382,286,9.1,Lake Park Ave & 53rd St,41.79949,-87.58645,Ellis Ave & 55th St,41.7943,-87.60145
CHI00522,CHI00522,382,159,35.3,Stockton Dr & Wrightwood Ave,41.93132,-87.63874,Stockton Dr & Wrightwood Ave,41.93132,-87.63874
CHI01772,CHI00245,382,300,7.6,State St & Chicago Ave,41.89662,-87.62858,Larrabee St & Kingsbury St,41.89776,-87.64289
CHI00225,CHI00276,381,263,8.5,Sheffield Ave & Fullerton Ave,41.92562,-87.65366,Ashland Ave & Wrightwood Ave,41.92883,-87.66851
CHI00304,CHI00496,381,288,5.0,Sheridan Rd & Irving Park Rd,41.95425,-87.65441,Broadway & Waveland Ave,41.94907,-87.64863
CHI00390,CHI00390,380,189,26.1,Broadway & Barry Ave,41.93758,-87.6441,Broadway & Barry Ave,41.93758,-87.6441
CHI00540,CHI01772,379,292,11.3,Wells St & Elm St,41.90322,-87.63434,State St & Chicago Ave,41.89662,-87.62858
CHI00622,CHI00622,379,164,31.1,Milwaukee Ave & The 606,41.91376,-87.68267,Milwaukee Ave & The 606,41.91376,-87.68267
CHI01742,CHI00252,379,51,31.8,Millennium Park,41.88103,-87.62408,Michigan Ave & Oak St,41.90096,-87.62378
13022,13042,378,55,21.6,Streeter Dr & Grand Ave,41.89228,-87.61204,Michigan Ave & Oak St,41.90096,-87.62378
CHI00524,CHI00243,377,234,9.3,Wabash Ave & Roosevelt Rd,41.86723,-87.62596,Michigan Ave & 18th St,41.85793,-87.62434
CHI00460,CHI00583,376,313,8.3,Ellis Ave & 58th St,41.78875,-87.60133,Ellis Ave & 55th St,41.7943,-87.60145
CHI00281,CHI00474,376,279,9.3,Clark St & Elm St,41.90297,-87.63132,Clark St & Armitage Ave,41.91831,-87.63628
CHI00493,CHI00525,376,121,19.0,DuSable Lake Shore Dr & Diversey Pkwy,41.93259,-87.63643,DuSable Lake Shore Dr & North Blvd,41.91172,-87.6268
CHI00525,CHI00474,376,166,15.2,DuSable Lake Shore Dr & North Blvd,41.91172,-87.6268,Clark St & Armitage Ave,41.91831,-87.63628
CHI01913,CHI01806,375,313,4.5,University Ave & 59th St,41.78788,-87.59891,Blackstone Ave & 59th St,41.78788,-87.59046
CHI00299,CHI00347,374,294,14.7,Kingsbury St & Kinzie St,41.88917,-87.63849,Green St & Madison St,41.88186,-87.64926
CHI02025,CHI01747,374,44,31.1,Buckingham Fountain,41.86996,-87.62378,Navy Pier,41.89228,-87.61204
CHI00294,CHI00281,374,235,6.4,Wells St & Huron St,41.89479,-87.63438,Clark St & Elm St,41.90297,-87.63132
CHI00490,CHI00559,374,314,8.2,Kimbark Ave & 53rd St,41.79946,-87.59478,Lake Park Ave & 53rd St,41.79949,-87.58645
CHI00252,CHI00255,373,181,21.1,Michigan Ave & Oak St,41.90096,-87.62378,DuSable Lake Shore Dr & Wellington Ave,41.93669,-87.63683
13008,13022,373,42,31.4,Millennium Park,41.88103,-87.62408,Streeter Dr & Grand Ave,41.89228,-87.61204
13341,TA1309000004,373,338,5.5,Canal St & Madison St,41.8824,-87.63976,LaSalle St & Jackson Blvd,41.87816,-87.63193
CHI00583,CHI00423,371,308,6.6,Ellis Ave & 55th St,41.7943,-87.60145,Woodlawn Ave & 55th St,41.79526,-87.59647
CHI00525,CHI00281,371,257,13.5,DuSable Lake Shore Dr & North Blvd,41.91172,-87.6268,Clark St & Elm St,41.90297,-87.63132
CHI00423,CHI01996,371,270,5.4,Woodlawn Ave & 55th St,41.79526,-87.59647,Woodlawn Ave & 58th St,41.78938,-87.59648
CHI00358,CHI01747,370,65,29.5,LaSalle St & Illinois St,41.89076,-87.6317,Navy Pier,41.89228,-87.61204
CHI00524,CHI00533,370,166,10.1,Wabash Ave & Roosevelt Rd,41.86723,-87.62596,Shedd Aquarium,41.86723,-87.61536
CHI00583,CHI01913,370,254,4.7,Ellis Ave & 55th St,41.7943,-87.60145,University Ave & 59th St,41.78788,-87.59891
22003,22004,369,335,4.0,University Ave & 59th St,41.78788,-87.59891,Blackstone Ave & 59th St,41.78788,-87.59046
CHI00406,CHI00238,368,265,6.8,Aberdeen St & Jackson Blvd,41.87773,-87.65479,Loomis St & Lexington St,41.87223,-87.66136
CHI00423,CHI00765,368,200,7.8,Woodlawn Ave & 55th St,41.79526,-87.59647,Ellis Ave & 60th St,41.7851,-87.60107
TA1308000009,TA1308000009,368,99,56.3,Shore Dr & 55th St,41.79521,-87.58072,Shore Dr & 55th St,41.79521,-87.58072
CHI00255,CHI01747,368,111,29.6,DuSable Lake Shore Dr & Wellington Ave,41.93669,-87.63683,Navy Pier,41.89228,-87.61204
CHI01772,CHI00418,367,302,6.1,State St & Chicago Ave,41.89662,-87.62858,Mies van der Rohe Way & Chestnut St,41.89859,-87.62192
CHI00525,CHI00626,367,140,22.2,DuSable Lake Shore Dr & North Blvd,41.91172,-87.6268,Lincoln Park Conservatory,41.92394,-87.63583
CHI00765,CHI01996,367,277,6.2,Ellis Ave & 60th St,41.7851,-87.60107,Woodlawn Ave & 58th St,41.78938,-87.59648
TA1309000066,TA1309000035,367,323,5.4,Ravenswood Ave & Lawrence Ave,41.96845,-87.67423,Clark St & Winnemac Ave,41.97335,-87.66785
CHI00474,CHI00281,366,279,14.7,Clark St & Armitage Ave,41.91831,-87.63628,Clark St & Elm St,41.90297,-87.63132
CHI00398,CHI01677,366,284,8.0,Canal St & Monroe St,41.88291,-87.63974,Michigan Ave & Washington St,41.88398,-87.62468
CHI00396,CHI00294,366,236,7.8,Wells St & Concord Ln,41.91213,-87.63466,Wells St & Huron St,41.89479,-87.63438
TA1306000009,KA1503000043,365,299,4.3,Larrabee St & Kingsbury St,41.89776,-87.64289,Kingsbury St & Kinzie St,41.88918,-87.63851
CHI00314,CHI00314,365,77,45.5,Cannon Dr & Fullerton Ave,41.92676,-87.63443,Cannon Dr & Fullerton Ave,41.92676,-87.63443
CHI01996,CHI00423,365,284,5.1,Woodlawn Ave & 58th St,41.78938,-87.59648,Woodlawn Ave & 55th St,41.79526,-87.59647
CHI00583,CHI01902,365,276,5.8,Ellis Ave & 55th St,41.7943,-87.60145,Drexel Ave & 60th St,41.78586,-87.60455
KA1503000071,KA1503000052,365,304,5.8,University Ave & 57th St,41.79148,-87.59986,Ellis Ave & 53rd St,41.79934,-87.60096
CHI01091,CHI00299,364,297,7.0,Clinton St & Jackson Blvd,41.87832,-87.64099,Kingsbury St & Kinzie St,41.88917,-87.63849
CHI00402,CHI00233,364,275,5.8,Peoria St & Jackson Blvd,41.87765,-87.64962,Clinton St & Madison St,41.88274,-87.64119
CHI01542,CHI00233,362,306,4.9,Clinton St & Tilden St,41.87588,-87.64079,Clinton St & Madison St,41.88274,-87.64119
CHI00253,CHI00306,361,289,9.1,Daley Center Plaza,41.88424,-87.62963,Dearborn Pkwy & Delaware Pl,41.89897,-87.62991
CHI00299,CHI00498,361,279,4.2,Kingsbury St & Kinzie St,41.88917,-87.63849,Canal St & Madison St,41.8824,-87.63976
CHI00360,CHI01742,360,34,27.3,Adler Planetarium,41.8661,-87.60727,Millennium Park,41.88103,-87.62408
CHI00625,CHI00381,360,210,4.5,Damen Ave & Foster Ave,41.9758,-87.67951,Damen Ave & Leland Ave,41.96708,-87.67908
TA1307000121,13332,359,346,7.2,Halsted St & Polk St,41.87184,-87.64664,Loomis St & Lexington St,41.87223,-87.66137
CHI00474,CHI00396,359,291,4.9,Clark St & Armitage Ave,41.91831,-87.63628,Wells St & Concord Ln,41.91213,-87.63466
CHI00585,CHI00490,359,313,5.6,Ellis Ave & 53rd St,41.79934,-87.60096,Kimbark Ave & 53rd St,41.79946,-87.59478
CHI00395,CHI00395,358,195,31.4,Clarendon Ave & Junior Ter,41.961,-87.6496,Clarendon Ave & Junior Ter,41.961,-87.6496
TA1309000004,13341,358,323,4.9,LaSalle St & Jackson Blvd,41.87816,-87.63193,Canal St & Madison St,41.8824,-87.63976
CHI00298,CHI00427,358,159,18.7,Lakefront Trail & Bryn Mawr Ave,41.98404,-87.65228,Montrose Harbor,41.96398,-87.63818
CHI00508,CHI00272,358,246,6.8,Ravenswood Ave & Lawrence Ave,41.96845,-87.67423,Broadway & Wilson Ave,41.96522,-87.65814
CHI00420,CHI00493,357,161,20.2,Theater on the Lake,41.92628,-87.63084,DuSable Lake Shore Dr & Diversey Pkwy,41.93259,-87.63643
CHI00299,CHI00540,357,274,10.4,Kingsbury St & Kinzie St,41.88917,-87.63849,Wells St & Elm St,41.90322,-87.63434
TA1306000016,TA1307000001,355,273,4.5,Sheffield Ave & Fullerton Ave,41.92562,-87.65366,Greenview Ave & Fullerton Ave,41.92533,-87.6658
CHI01747,CHI00416,355,22,32.1,Navy Pier,41.89228,-87.61204,Wabash Ave & Wacker Pl,41.88687,-87.62603
CHI00761,CHI00498,355,240,5.5,Clark St & Lake St,41.88602,-87.63088,Canal St & Madison St,41.8824,-87.63976
CHI00252,CHI01742,354,52,34.3,Michigan Ave & Oak St,41.90096,-87.62378,Millennium Park,41.88103,-87.62408
CHI00553,CHI01747,354,41,31.8,Michigan Ave & Lake St,41.88602,-87.6244,Navy Pier,41.89228,-87.61204
CHI00525,CHI00480,354,120,19.2,DuSable Lake Shore Dr & North Blvd,41.91172,-87.6268,DuSable Lake Shore Dr & Belmont Ave,41.94077,-87.63919
CHI00342,CHI00524,353,304,9.9,Michigan Ave & 14th St,41.86406,-87.62373,Wabash Ave & Roosevelt Rd,41.86723,-87.62596
CHI00288,CHI00509,353,305,9.6,State St & Kinzie St,41.88937,-87.62708,Clinton St & Washington Blvd,41.88338,-87.64118
CHI00281,CHI01772,353,310,5.9,Clark St & Elm St,41.90297,-87.63132,State St & Chicago Ave,41.89662,-87.62858
CHI00252,CHI00531,353,107,24.8,Michigan Ave & Oak St,41.90096,-87.62378,Dusable Harbor,41.88698,-87.61281
CHI00765,CHI01913,352,314,4.1,Ellis Ave & 60th St,41.7851,-87.60107,University Ave & 59th St,41.78788,-87.59891
22003,KA1504000076,352,303,4.5,University Ave & 59th St,41.78788,-87.59891,Ellis Ave & 55th St,41.7943,-87.60145
CHI00563,CHI00563,352,158,42.9,Broadway & Granville Ave,41.99478,-87.66028,Broadway & Granville Ave,41.99478,-87.66028
TA1308000009,KA1503000071,352,249,9.2,Shore Dr & 55th St,41.79521,-87.58072,University Ave & 57th St,41.79148,-87.59986
CHI00295,CHI00281,352,216,6.9,Dearborn St & Erie St,41.894,-87.62932,Clark St & Elm St,41.90297,-87.63132
CHI01747,CHI00553,352,29,34.6,Navy Pier,41.89228,-87.61204,Michigan Ave & Lake St,41.88602,-87.6244
CHI00481,CHI00234,352,268,5.0,Southport Ave & Irving Park Rd,41.95418,-87.66436,Southport Ave & Roscoe St,41.94374,-87.66402
CHI00493,CHI00420,351,178,18.0,DuSable Lake Shore Dr & Diversey Pkwy,41.93259,-87.63643,Theater on the Lake,41.92628,-87.63084
CHI01747,CHI00474,351,82,28.2,Navy Pier,41.89228,-87.61204,Clark St & Armitage Ave,41.91831,-87.63628
CHI00294,CHI01772,351,291,8.9,Wells St & Huron St,41.89479,-87.63438,State St & Chicago Ave,41.89662,-87.62858
CHI00402,CHI01091,351,254,6.1,Peoria St & Jackson Blvd,41.87765,-87.64962,Clinton St & Jackson Blvd,41.87832,-87.64099
CHI00420,CHI00480,351,120,14.8,Theater on the Lake,41.92628,-87.63084,DuSable Lake Shore Dr & Belmont Ave,41.94077,-87.63919
CHI00533,CHI00252,350,42,31.7,Shedd Aquarium,41.86723,-87.61536,Michigan Ave & Oak St,41.90096,-87.62378
SL-005,TA1309000002,349,247,6.5,Indiana Ave & Roosevelt Rd,41.86789,-87.62304,Michigan Ave & Jackson Blvd,41.87777,-87.62416
CHI00525,CHI00255,349,164,17.3,DuSable Lake Shore Dr & North Blvd,41.91172,-87.6268,DuSable Lake Shore Dr & Wellington Ave,41.93669,-87.63683
CHI00509,CHI00555,348,302,8.3,Clinton St & Washington Blvd,41.88338,-87.64118,Rush St & Hubbard St,41.89018,-87.62619
CHI00486,CHI00556,348,297,5.5,Emerald Ave & 31st St,41.8382,-87.64514,Shields Ave & 31st St,41.83846,-87.63541
CHI00287,CHI00225,348,280,5.7,Clark St & Wrightwood Ave,41.92955,-87.64312,Sheffield Ave & Fullerton Ave,41.92562,-87.65366
13022,TA1308000001,348,72,27.3,Streeter Dr & Grand Ave,41.89228,-87.61204,Theater on the Lake,41.92628,-87.63084
CHI00524,CHI01775,348,264,5.3,Wabash Ave & Roosevelt Rd,41.86723,-87.62596,Federal St & Polk St,41.87208,-87.62955
CHI00473,CHI00353,348,280,5.2,Halsted St & Roscoe St,41.94367,-87.64895,Wilton Ave & Belmont Ave,41.94023,-87.65294
CHI00474,CHI00525,348,155,15.0,Clark St & Armitage Ave,41.91831,-87.63628,DuSable Lake Shore Dr & North Blvd,41.91172,-87.6268
CHI00437,CHI01748,347,185,7.1,Halsted St & Maxwell St,41.86488,-87.64707,900 W Harrison St,41.87475,-87.64981
CHI00353,CHI00473,347,259,4.1,Wilton Ave & Belmont Ave,41.94023,-87.65294,Halsted St & Roscoe St,41.94367,-87.64895
CHI00347,CHI00299,347,284,7.3,Green St & Madison St,41.88186,-87.64926,Kingsbury St & Kinzie St,41.88917,-87.63849
CHI00525,CHI00330,346,114,19.2,DuSable Lake Shore Dr & North Blvd,41.91172,-87.6268,McClurg Ct & Ohio St,41.8926,-87.61729
CHI00281,CHI00358,346,203,7.4,Clark St & Elm St,41.90297,-87.63132,LaSalle St & Illinois St,41.89076,-87.6317
TA1307000139,13216,346,308,6.6,MLK Jr Dr & 29th St,41.84205,-87.617,State St & 33rd St,41.83473,-87.62581
CHI00281,CHI01744,345,290,8.5,Clark St & Elm St,41.90297,-87.63132,St. Clair St & Erie St,41.89435,-87.6228
CHI00765,CHI01806,345,273,5.7,Ellis Ave & 60th St,41.7851,-87.60107,Blackstone Ave & 59th St,41.78788,-87.59046
CHI00462,CHI00462,345,205,30.7,Clark St & Schiller St,41.90799,-87.6315,Clark St & Schiller St,41.90799,-87.6315
CHI00480,CHI00427,344,121,17.6,DuSable Lake Shore Dr & Belmont Ave,41.94077,-87.63919,Montrose Harbor,41.96398,-87.63818
KA1504000135,TA1308000050,344,276,5.4,Wells St & Elm St,41.90322,-87.63434,Wells St & Concord Ln,41.91213,-87.63466
CHI00332,CHI00332,344,139,18.5,Wells St & Hubbard St,41.88991,-87.63427,Wells St & Hubbard St,41.88991,-87.63427
CHI00394,CHI00490,342,205,9.5,Shore Dr & 55th St,41.79521,-87.58072,Kimbark Ave & 53rd St,41.79946,-87.59478
CHI00482,CHI00354,341,287,8.6,Pine Grove Ave & Irving Park Rd,41.95437,-87.64794,Pine Grove Ave & Waveland Ave,41.94946,-87.64645
CHI00583,CHI00460,341,271,4.9,Ellis Ave & 55th St,41.7943,-87.60145,Ellis Ave & 58th St,41.78875,-87.60133
CHI00420,CHI00531,341,109,39.2,Theater on the Lake,41.92628,-87.63084,Dusable Harbor,41.88698,-87.61281
CHI00299,CHI00294,341,274,8.2,Kingsbury St & Kinzie St,41.88917,-87.63849,Wells St & Huron St,41.89479,-87.63438
CHI00490,CHI00394,341,219,11.3,Kimbark Ave & 53rd St,41.79946,-87.59478,Shore Dr & 55th St,41.79521,-87.58072
WL-012,TA1306000009,341,298,7.4,Clinton St & Washington Blvd,41.88338,-87.64118,Larrabee St & Kingsbury St,41.89776,-87.64289
CHI00353,CHI00496,340,297,7.0,Wilton Ave & Belmont Ave,41.94023,-87.65294,Broadway & Waveland Ave,41.94907,-87.64863
CHI01746,CHI01743,340,288,5.4,Clinton St & Lake St,41.88563,-87.64182,Canal St & Adams St,41.87926,-87.63991
CHI00353,CHI00353,339,179,23.5,Wilton Ave & Belmont Ave,41.94023,-87.65294,Wilton Ave & Belmont Ave,41.94023,-87.65294
CHI00765,CHI00765,339,197,28.9,Ellis Ave & 60th St,41.7851,-87.60107,Ellis Ave & 60th St,41.7851,-87.60107
TA1308000050,KA1504000135,339,291,5.1,Wells St & Concord Ln,41.91213,-87.63466,Wells St & Elm St,41.90322,-87.63434
CHI02050,CHI02050,339,89,23.6,Franklin St & Jackson Blvd,41.87771,-87.63533,Franklin St & Jackson Blvd,41.87771,-87.63533
CHI00413,CHI01747,339,39,34.2,Clark St & Lincoln Ave,41.91569,-87.6346,Navy Pier,41.89228,-87.61204
CHI00336,CHI00481,338,288,4.2,Southport Ave & Waveland Ave,41.94822,-87.66407,Southport Ave & Irving Park Rd,41.95418,-87.66436
CHI00233,CHI00233,338,178,17.9,Clinton St & Madison St,41.88274,-87.64119,Clinton St & Madison St,41.88274,-87.64119
CHI00274,CHI00255,338,188,8.7,Sheffield Ave & Wellington Ave,41.93625,-87.65266,DuSable Lake Shore Dr & Wellington Ave,41.93669,-87.63683
CHI00396,CHI00474,338,282,4.8,Wells St & Concord Ln,41.91213,-87.63466,Clark St & Armitage Ave,41.91831,-87.63628
CHI00300,CHI00300,337,182,28.4,California Ave & Montrose Ave,41.96107,-87.69544,California Ave & Montrose Ave,41.96107,-87.69544
CHI00531,CHI01742,337,51,24.9,Dusable Harbor,41.88698,-87.61281,Millennium Park,41.88103,-87.62408
CHI00471,CHI00508,336,257,5.0,Ravenswood Ave & Berteau Ave,41.95792,-87.67357,Ravenswood Ave & Lawrence Ave,41.96845,-87.67423
CHI00605,CHI00313,335,244,5.3,Fairbanks Ct & Grand Ave,41.89185,-87.62058,Wabash Ave & Grand Ave,41.89146,-87.62676
CHI00259,CHI02023,335,270,6.6,Elston Ave & Cortland St,41.91643,-87.66675,Sheffield Ave & Kingsbury St,41.91053,-87.65311
CHI00508,CHI00625,334,296,5.0,Ravenswood Ave & Lawrence Ave,41.96845,-87.67423,Damen Ave & Foster Ave,41.9758,-87.67951
CHI00245,CHI01091,334,299,9.2,Larrabee St & Kingsbury St,41.89776,-87.64289,Clinton St & Jackson Blvd,41.87832,-87.64099
CHI01747,CHI00427,334,85,48.3,Navy Pier,41.89228,-87.61204,Montrose Harbor,41.96398,-87.63818
CHI00525,CHI00493,334,133,17.4,DuSable Lake Shore Dr & North Blvd,41.91172,-87.6268,DuSable Lake Shore Dr & Diversey Pkwy,41.93259,-87.63643
CHI00405,CHI00498,333,255,4.4,Dearborn St & Monroe St,41.88135,-87.62953,Canal St & Madison St,41.8824,-87.63976
TA1309000035,TA1309000066,332,304,4.4,Clark St & Winnemac Ave,41.97335,-87.66785,Ravenswood Ave & Lawrence Ave,41.96845,-87.67423
CHI00360,CHI00450,332,128,14.3,Adler Planetarium,41.8661,-87.60727,Indiana Ave & Roosevelt Rd,41.86789,-87.62304
CHI00385,CHI00474,332,257,8.2,Clark St & Drummond Pl,41.93125,-87.64433,Clark St & Armitage Ave,41.91831,-87.63628
CHI00524,CHI02039,331,289,6.9,Wabash Ave & Roosevelt Rd,41.86723,-87.62596,Calumet Ave & 18th St,41.85762,-87.61941
CHI00517,CHI00332,331,235,4.5,Desplaines St & Kinzie St,41.88871,-87.64445,Wells St & Hubbard St,41.88991,-87.63427
CHI00368,CHI00368,331,113,23.2,Rush St & Superior St,41.89576,-87.62593,Rush St & Superior St,41.89576,-87.62593
CHI00525,CHI00413,330,154,17.2,DuSable Lake Shore Dr & North Blvd,41.91172,-87.6268,Clark St & Lincoln Ave,41.91569,-87.6346
CHI02028,CHI00509,330,251,6.2,Kingsbury St & Erie St,41.89391,-87.64174,Clinton St & Washington Blvd,41.88338,-87.64118
CHI00761,CHI00509,330,293,5.1,Clark St & Lake St,41.88602,-87.63088,Clinton St & Washington Blvd,41.88338,-87.64118
CHI00427,CHI00455,330,181,11.1,Montrose Harbor,41.96398,-87.63818,Clarendon Ave & Gordon Ter,41.95787,-87.6495
TA1306000003,KA1503000043,330,248,3.2,Desplaines St & Kinzie St,41.88871,-87.64445,Kingsbury St & Kinzie St,41.88918,-87.63851
CHI00330,CHI00313,330,244,6.5,McClurg Ct & Ohio St,41.8926,-87.61729,Wabash Ave & Grand Ave,41.89146,-87.62676
CHI00219,CHI00378,329,232,4.9,St. Louis Ave & Fullerton Ave,41.92482,-87.7145,Kedzie Ave & Milwaukee Ave,41.92912,-87.70802
22004,TA1309000011,329,243,4.7,Blackstone Ave & 59th St,41.78788,-87.59046,Ellis Ave & 58th St,41.78875,-87.60133
CHI00236,CHI00274,329,246,4.2,Southport Ave & Wellington Ave,41.93577,-87.6636,Sheffield Ave & Wellington Ave,41.93625,-87.65266
CHI01163,CHI02025,327,130,24.2,Michigan Ave & 8th St,41.87277,-87.62398,Buckingham Fountain,41.86996,-87.62378
CHI00674,CHI00674,327,180,19.1,Clark St & Newport St,41.94454,-87.65468,Clark St & Newport St,41.94454,-87.65468
CHI00306,CHI00358,327,237,6.9,Dearborn Pkwy & Delaware Pl,41.89897,-87.62991,LaSalle St & Illinois St,41.89076,-87.6317
CHI00452,CHI00450,327,236,12.5,Michigan Ave & Jackson Blvd,41.87855,-87.62415,Indiana Ave & Roosevelt Rd,41.86789,-87.62304
CHI00310,CHI00290,327,176,9.3,Sheffield Ave & Waveland Ave,41.94939,-87.65453,Sheridan Rd & Montrose Ave,41.96166,-87.65464
22004,KA1504000076,327,253,7.4,Blackstone Ave & 59th St,41.78788,-87.59046,Ellis Ave & 55th St,41.7943,-87.60145
CHI00405,CHI00306,327,274,13.4,Dearborn St & Monroe St,41.88135,-87.62953,Dearborn Pkwy & Delaware Pl,41.89897,-87.62991
TA1309000011,KA1504000076,327,287,3.5,Ellis Ave & 58th St,41.78875,-87.60133,Ellis Ave & 55th St,41.7943,-87.60145
KA1503000064,13300,326,61,24.3,Dusable Harbor,41.88698,-87.61281,DuSable Lake Shore Dr & Monroe St,41.88096,-87.61674
CHI00418,CHI01772,326,256,5.6,Mies van der Rohe Way & Chestnut St,41.89859,-87.62192,State St & Chicago Ave,41.89662,-87.62858
CHI00496,CHI00482,326,287,4.6,Broadway & Waveland Ave,41.94907,-87.64863,Pine Grove Ave & Irving Park Rd,41.95437,-87.64794
CHI00332,CHI00540,326,239,8.7,Wells St & Hubbard St,41.88991,-87.63427,Wells St & Elm St,41.90322,-87.63434
CHI00330,CHI01772,326,298,7.5,McClurg Ct & Ohio St,41.8926,-87.61729,State St & Chicago Ave,41.89662,-87.62858
CHI00553,CHI00483,326,218,8.8,Michigan Ave & Lake St,41.88602,-87.6244,Cityfront Plaza Dr & Pioneer Ct,41.89057,-87.62207
KA1504000076,KA1503000052,326,290,3.5,Ellis Ave & 55th St,41.7943,-87.60145,Ellis Ave & 53rd St,41.79934,-87.60096
CHI01163,CHI00533,325,40,15.5,Michigan Ave & 8th St,41.87277,-87.62398,Shedd Aquarium,41.86723,-87.61536
CHI00288,CHI00288,325,81,28.7,State St & Kinzie St,41.88937,-87.62708,State St & Kinzie St,41.88937,-87.62708
CHI00367,CHI00367,324,144,17.8,Orleans St & Merchandise Mart Plaza,41.88824,-87.6364,Orleans St & Merchandise Mart Plaza,41.88824,-87.6364
CHI00294,CHI00245,324,287,5.0,Wells St & Huron St,41.89479,-87.63438,Larrabee St & Kingsbury St,41.89776,-87.64289
CHI01747,CHI00358,323,47,27.3,Navy Pier,41.89228,-87.61204,LaSalle St & Illinois St,41.89076,-87.6317
CHI01806,CHI00765,323,229,8.4,Blackstone Ave & 59th St,41.78788,-87.59046,Ellis Ave & 60th St,41.7851,-87.60107
KA1503000071,TA1308000009,323,206,14.4,University Ave & 57th St,41.79148,-87.59986,Shore Dr & 55th St,41.79521,-87.58072
CHI00585,CHI00559,323,245,11.8,Ellis Ave & 53rd St,41.79934,-87.60096,Lake Park Ave & 53rd St,41.79949,-87.58645
CHI00626,CHI00252,323,104,26.7,Lincoln Park Conservatory,41.92394,-87.63583,Michigan Ave & Oak St,41.90096,-87.62378
CHI00420,CHI00255,322,141,14.5,Theater on the Lake,41.92628,-87.63084,DuSable Lake Shore Dr & Wellington Ave,41.93669,-87.63683
CHI00353,CHI00239,322,218,8.3,Wilton Ave & Belmont Ave,41.94023,-87.65294,Broadway & Belmont Ave,41.94011,-87.64545
13022,15544,322,43,29.4,Streeter Dr & Grand Ave,41.89228,-87.61204,Shedd Aquarium,41.86723,-87.61536
CHI01747,CHI00452,322,25,29.1,Navy Pier,41.89228,-87.61204,Michigan Ave & Jackson Blvd,41.87855,-87.62415
CHI01775,CHI00253,321,267,8.1,Federal St & Polk St,41.87208,-87.62955,Daley Center Plaza,41.88424,-87.62963
CHI01747,CHI02025,321,63,29.1,Navy Pier,41.89228,-87.61204,Buckingham Fountain,41.86996,-87.62378
CHI00374,CHI01163,321,44,30.6,DuSable Lake Shore Dr & Monroe St,41.88096,-87.61674,Michigan Ave & 8th St,41.87277,-87.62398
13332,TA1309000064,320,292,5.7,Loomis St & Lexington St,41.87223,-87.66137,Wolcott Ave & Polk St,41.87126,-87.67369
CHI00427,CHI00480,320,98,17.4,Montrose Harbor,41.96398,-87.63818,DuSable Lake Shore Dr & Belmont Ave,41.94077,-87.63919
CHI00533,CHI01163,320,24,23.3,Shedd Aquarium,41.86723,-87.61536,Michigan Ave & 8th St,41.87277,-87.62398
CHI00517,CHI00517,320,149,19.5,Desplaines St & Kinzie St,41.88871,-87.64445,Desplaines St & Kinzie St,41.88871,-87.64445
CHI00252,CHI00413,320,156,17.2,Michigan Ave & Oak St,41.90096,-87.62378,Clark St & Lincoln Ave,41.91569,-87.6346
CHI01742,CHI01749,320,53,23.8,Millennium Park,41.88103,-87.62408,Field Museum,41.86531,-87.61788
CHI00406,CHI00402,319,236,3.1,Aberdeen St & Jackson Blvd,41.87773,-87.65479,Peoria St & Jackson Blvd,41.87765,-87.64962
CHI00470,CHI00470,319,88,29.2,Mies van der Rohe Way & Chicago Ave,41.89695,-87.62176,Mies van der Rohe Way & Chicago Ave,41.89695,-87.62176
CHI01913,CHI00765,319,278,8.8,University Ave & 59th St,41.78788,-87.59891,Ellis Ave & 60th St,41.7851,-87.60107
CHI01677,CHI00345,319,241,12.4,Michigan Ave & Washington St,41.88398,-87.62468,Columbus Dr & Randolph St,41.88472,-87.61952
CHI00253,CHI01775,319,243,8.4,Daley Center Plaza,41.88424,-87.62963,Federal St & Polk St,41.87208,-87.62955
CHI00287,CHI00287,319,201,28.9,Clark St & Wrightwood Ave,41.92955,-87.64312,Clark St & Wrightwood Ave,41.92955,-87.64312
13001,13341,319,276,8.5,Michigan Ave & Washington St,41.88399,-87.62468,Canal St & Madison St,41.8824,-87.63976
CHI00274,CHI00390,318,220,6.3,Sheffield Ave & Wellington Ave,41.93625,-87.65266,Broadway & Barry Ave,41.93758,-87.6441
CHI00533,CHI00452,318,27,18.4,Shedd Aquarium,41.86723,-87.61536,Michigan Ave & Jackson Blvd,41.87855,-87.62415
CHI00498,CHI00294,318,204,8.6,Canal St & Madison St,41.8824,-87.63976,Wells St & Huron St,41.89479,-87.63438
CHI00304,CHI00290,318,219,4.5,Sheridan Rd & Irving Park Rd,41.95425,-87.65441,Sheridan Rd & Montrose Ave,41.96166,-87.65464
CHI00255,CHI00427,318,180,18.7,DuSable Lake Shore Dr & Wellington Ave,41.93669,-87.63683,Montrose Harbor,41.96398,-87.63818
CHI00402,CHI00402,317,199,26.1,Peoria St & Jackson Blvd,41.87765,-87.64962,Peoria St & Jackson Blvd,41.87765,-87.64962
CHI00359,CHI01091,317,223,5.3,Halsted St & Polk St,41.87184,-87.64664,Clinton St & Jackson Blvd,41.87832,-87.64099
CHI00390,CHI00430,317,244,7.2,Broadway & Barry Ave,41.93758,-87.6441,Broadway & Cornelia Ave,41.94553,-87.64644
KA1503000071,22005,317,201,4.7,University Ave & 57th St,41.79148,-87.59986,Drexel Ave & 60th St,41.78586,-87.60455
CHI01091,CHI00406,317,273,5.8,Clinton St & Jackson Blvd,41.87832,-87.64099,Aberdeen St & Jackson Blvd,41.87773,-87.65479
CHI00427,CHI01747,316,69,50.2,Montrose Harbor,41.96398,-87.63818,Navy Pier,41.89228,-87.61204
CHI00430,CHI00482,316,252,5.6,Broadway & Cornelia Ave,41.94553,-87.64644,Pine Grove Ave & Irving Park Rd,41.95437,-87.64794
CHI00322,CHI00372,316,262,6.1,May St & Taylor St,41.86939,-87.65537,Morgan St & Polk St,41.87174,-87.65103
CHI00465,CHI00225,316,271,3.7,Sheffield Ave & Wrightwood Ave,41.92871,-87.65383,Sheffield Ave & Fullerton Ave,41.92562,-87.65366
CHI01747,CHI00250,316,11,28.3,Navy Pier,41.89228,-87.61204,Michigan Ave & Ida B Wells Dr,41.87621,-87.62446
TA1307000001,TA1306000016,316,242,4.4,Greenview Ave & Fullerton Ave,41.92533,-87.6658,Sheffield Ave & Fullerton Ave,41.92562,-87.65366
CHI00405,CHI01775,316,225,7.1,Dearborn St & Monroe St,41.88135,-87.62953,Federal St & Polk St,41.87208,-87.62955
CHI00396,CHI00281,315,238,7.7,Wells St & Concord Ln,41.91213,-87.63466,Clark St & Elm St,41.90297,-87.63132
CHI01747,CHI00418,315,24,25.4,Navy Pier,41.89228,-87.61204,Mies van der Rohe Way & Chestnut St,41.89859,-87.62192
KA1504000076,KA1503000071,315,290,4.3,Ellis Ave & 55th St,41.7943,-87.60145,University Ave & 57th St,41.79148,-87.59986
CHI00495,CHI00608,315,192,6.1,Clark St & Winnemac Ave,41.97335,-87.66785,Clark St & Bryn Mawr Ave,41.98359,-87.66915
CHI02032,CHI02032,315,59,49.9,Lake Park Ave & 35th St,41.83127,-87.6088,Lake Park Ave & 35th St,41.83127,-87.6088
15544,13008,315,26,21.6,Shedd Aquarium,41.86723,-87.61536,Millennium Park,41.88103,-87.62408
CHI00476,CHI00476,314,195,28.0,Broadway & Sheridan Rd,41.95283,-87.64999,Broadway & Sheridan Rd,41.95283,-87.64999
CHI01746,CHI01746,314,207,17.4,Clinton St & Lake St,41.88563,-87.64182,Clinton St & Lake St,41.88563,-87.64182
CHI00575,CHI00245,314,215,3.4,Larrabee St & Division St,41.90349,-87.64335,Larrabee St & Kingsbury St,41.89776,-87.64289
CHI00430,CHI00390,314,224,7.0,Broadway & Cornelia Ave,41.94553,-87.64644,Broadway & Barry Ave,41.93758,-87.6441
CHI02057,CHI00316,313,199,6.5,Damen Ave & Pierce Ave,41.90936,-87.67776,Damen Ave & Chicago Ave,41.89569,-87.67713
22002,TA1309000037,313,224,6.5,Woodlawn Ave & 58th St,41.78938,-87.59648,Kimbark Ave & 53rd St,41.79946,-87.59478
CHI00490,CHI01913,312,216,8.2,Kimbark Ave & 53rd St,41.79946,-87.59478,University Ave & 59th St,41.78788,-87.59891
13215,13216,311,294,5.7,Rhodes Ave & 32nd St,41.83623,-87.61353,State St & 33rd St,41.83473,-87.62581
CHI00442,CHI00307,311,239,5.6,Kedzie Ave & Palmer Ct,41.92153,-87.70732,California Ave & Milwaukee Ave,41.92269,-87.69715
CHI00559,CHI01996,310,250,9.6,Lake Park Ave & 53rd St,41.79949,-87.58645,Woodlawn Ave & 58th St,41.78938,-87.59648
CHI01677,CHI00509,310,273,7.3,Michigan Ave & Washington St,41.88398,-87.62468,Clinton St & Washington Blvd,41.88338,-87.64118
CHI00322,CHI00440,310,254,7.0,May St & Taylor St,41.86939,-87.65537,Wood St & Taylor St (Temp),41.86927,-87.67373
TA1309000037,KA1503000014,310,241,11.0,Kimbark Ave & 53rd St,41.79946,-87.59478,Ellis Ave & 60th St,41.7851,-87.60107
CHI00531,CHI00450,309,142,16.8,Dusable Harbor,41.88698,-87.61281,Indiana Ave & Roosevelt Rd,41.86789,-87.62304
CHI01902,CHI00583,309,269,6.1,Drexel Ave & 60th St,41.78586,-87.60455,Ellis Ave & 55th St,41.7943,-87.60145
CHI00252,CHI00626,309,72,29.1,Michigan Ave & Oak St,41.90096,-87.62378,Lincoln Park Conservatory,41.92394,-87.63583
CHI00245,CHI01743,308,277,9.9,Larrabee St & Kingsbury St,41.89776,-87.64289,Canal St & Adams St,41.87926,-87.63991
TA1309000037,22002,308,220,5.9,Kimbark Ave & 53rd St,41.79946,-87.59478,Woodlawn Ave & 58th St,41.78938,-87.59648
CHI01806,CHI00583,308,200,7.3,Blackstone Ave & 59th St,41.78788,-87.59046,Ellis Ave & 55th St,41.7943,-87.60145
CHI00367,CHI00540,308,190,8.5,Orleans St & Merchandise Mart Plaza,41.88824,-87.6364,Wells St & Elm St,41.90322,-87.63434
CHI00281,CHI00351,308,232,4.8,Clark St & Elm St,41.90297,-87.63132,Clark St & Chicago Ave,41.89675,-87.63088
CHI00519,CHI00556,308,196,4.2,Wentworth Ave & 33rd St,41.83453,-87.63182,Shields Ave & 31st St,41.83846,-87.63541
CHI01742,CHI02025,308,90,16.8,Millennium Park,41.88103,-87.62408,Buckingham Fountain,41.86996,-87.62378
CHI00255,CHI00525,307,119,21.3,DuSable Lake Shore Dr & Wellington Ave,41.93669,-87.63683,DuSable Lake Shore Dr & North Blvd,41.91172,-87.6268
CHI00253,CHI00253,307,124,16.5,Daley Center Plaza,41.88424,-87.62963,Daley Center Plaza,41.88424,-87.62963
CHI00378,CHI00623,307,190,7.7,Kedzie Ave & Milwaukee Ave,41.92912,-87.70802,Kosciuszko Park,41.93058,-87.72378
TA1309000064,13332,307,282,5.4,Wolcott Ave & Polk St,41.87126,-87.67369,Loomis St & Lexington St,41.87223,-87.66137
CHI01747,CHI00295,307,37,23.8,Navy Pier,41.89228,-87.61204,Dearborn St & Erie St,41.894,-87.62932
CHI00365,CHI00365,306,127,33.6,Clarendon Ave & Leland Ave,41.96797,-87.65,Clarendon Ave & Leland Ave,41.96797,-87.65
CHI00418,CHI00313,306,180,15.1,Mies van der Rohe Way & Chestnut St,41.89859,-87.62192,Wabash Ave & Grand Ave,41.89146,-87.62676
CHI00544,CHI00544,306,116,28.2,Ritchie Ct & Banks St,41.90686,-87.62622,Ritchie Ct & Banks St,41.90686,-87.62622
CHI00295,CHI00299,305,253,6.3,Dearborn St & Erie St,41.894,-87.62932,Kingsbury St & Kinzie St,41.88917,-87.63849
CHI00487,CHI00487,305,184,17.7,Sedgwick St & Webster Ave,41.92217,-87.63889,Sedgwick St & Webster Ave,41.92217,-87.63889
TA1307000121,TA1309000001,305,226,4.9,Halsted St & Polk St,41.87184,-87.64664,Halsted St & Maxwell St,41.86488,-87.64707
CHI00233,CHI01091,305,248,3.8,Clinton St & Madison St,41.88274,-87.64119,Clinton St & Jackson Blvd,41.87832,-87.64099
CHI01742,CHI00525,305,43,40.8,Millennium Park,41.88103,-87.62408,DuSable Lake Shore Dr & North Blvd,41.91172,-87.6268
CHI00509,CHI00288,305,256,8.0,Clinton St & Washington Blvd,41.88338,-87.64118,State St & Kinzie St,41.88937,-87.62708
CHI00640,CHI00640,305,100,31.6,LaSalle Dr & Huron St,41.89487,-87.63233,LaSalle Dr & Huron St,41.89487,-87.63233
CHI00306,CHI00281,305,236,7.4,Dearborn Pkwy & Delaware Pl,41.89897,-87.62991,Clark St & Elm St,41.90297,-87.63132
TA1309000001,TA1307000121,304,219,4.4,Halsted St & Maxwell St,41.86488,-87.64707,Halsted St & Polk St,41.87184,-87.64664
CHI00386,CHI00223,304,212,6.6,MLK Jr Dr & 29th St,41.84205,-87.617,State St & 33rd St,41.83473,-87.62581
CHI00313,CHI00330,304,210,12.4,Wabash Ave & Grand Ave,41.89146,-87.62676,McClurg Ct & Ohio St,41.8926,-87.61729
CHI00354,CHI00482,304,261,5.7,Pine Grove Ave & Waveland Ave,41.94946,-87.64645,Pine Grove Ave & Irving Park Rd,41.95437,-87.64794
22002,22004,304,275,5.1,Woodlawn Ave & 58th St,41.78938,-87.59648,Blackstone Ave & 59th St,41.78788,-87.59046
CHI00396,CHI00454,304,175,7.2,Wells St & Concord Ln,41.91213,-87.63466,Larrabee St & Webster Ave,41.92182,-87.64414
CHI00498,CHI00498,304,129,16.1,Canal St & Madison St,41.8824,-87.63976,Canal St & Madison St,41.8824,-87.63976
CHI01742,CHI00531,304,63,32.5,Millennium Park,41.88103,-87.62408,Dusable Harbor,41.88698,-87.61281
13109,KA1504000146,303,263,7.7,Broadway & Berwyn Ave,41.97836,-87.65979,Clark St & Berwyn Ave,41.97803,-87.66856
CHI00525,CHI00383,303,174,16.6,DuSable Lake Shore Dr & North Blvd,41.91172,-87.6268,Field Blvd & South Water St,41.88635,-87.61752
CHI00551,CHI01902,303,216,6.3,University Ave & 57th St,41.79148,-87.59986,Drexel Ave & 60th St,41.78586,-87.60455
CHI00533,CHI00360,303,54,14.4,Shedd Aquarium,41.86723,-87.61536,Adler Planetarium,41.8661,-87.60727
CHI00294,CHI00393,303,167,7.4,Wells St & Huron St,41.89479,-87.63438,Wells St & Evergreen Ave,41.90672,-87.63484
CHI00225,CHI00259,302,278,7.6,Sheffield Ave & Fullerton Ave,41.92562,-87.65366,Elston Ave & Cortland St,41.91643,-87.66675
CHI00427,CHI00354,302,95,15.1,Montrose Harbor,41.96398,-87.63818,Pine Grove Ave & Waveland Ave,41.94946,-87.64645
CHI00555,CHI00555,302,82,24.3,Rush St & Hubbard St,41.89018,-87.62619,Rush St & Hubbard St,41.89018,-87.62619
CHI01744,CHI00281,302,256,9.5,St. Clair St & Erie St,41.89435,-87.6228,Clark St & Elm St,41.90297,-87.63132
CHI00358,CHI00281,301,195,8.2,LaSalle St & Illinois St,41.89076,-87.6317,Clark St & Elm St,41.90297,-87.63132
13008,SL-005,301,189,11.2,Millennium Park,41.88103,-87.62408,Indiana Ave & Roosevelt Rd,41.86789,-87.62304
13160,TA1307000121,301,283,4.6,May St & Taylor St,41.86949,-87.65491,Halsted St & Polk St,41.87184,-87.64664
CHI00279,CHI00288,301,233,11.1,New St & Illinois St,41.89084,-87.61862,State St & Kinzie St,41.88937,-87.62708
CHI00279,CHI00299,300,238,8.8,New St & Illinois St,41.89084,-87.61862,Kingsbury St & Kinzie St,41.88917,-87.63849
CHI00259,CHI00225,300,279,8.4,Elston Ave & Cortland St,41.91643,-87.66675,Sheffield Ave & Fullerton Ave,41.92562,-87.65366
CHI00394,CHI01996,300,236,11.2,Shore Dr & 55th St,41.79521,-87.58072,Woodlawn Ave & 58th St,41.78938,-87.59648
SL-005,13008,300,178,11.2,Indiana Ave & Roosevelt Rd,41.86789,-87.62304,Millennium Park,41.88103,-87.62408
CHI00583,CHI00583,300,191,21.2,Ellis Ave & 55th St,41.7943,-87.60145,Ellis Ave & 55th St,41.7943,-87.60145
CHI00396,CHI00494,300,175,10.5,Wells St & Concord Ln,41.91213,-87.63466,Lincoln Ave & Fullerton Ave,41.92416,-87.64638
CHI00225,CHI00287,299,229,6.2,Sheffield Ave & Fullerton Ave,41.92562,-87.65366,Clark St & Wrightwood Ave,41.92955,-87.64312
CHI00252,CHI00474,299,73,28.7,Michigan Ave & Oak St,41.90096,-87.62378,Clark St & Armitage Ave,41.91831,-87.63628
CHI01996,CHI00583,299,260,6.4,Woodlawn Ave & 58th St,41.78938,-87.59648,Ellis Ave & 55th St,41.7943,-87.60145
CHI00612,CHI00524,299,261,8.6,Delano Ct & Roosevelt Rd,41.86749,-87.63219,Wabash Ave & Roosevelt Rd,41.86723,-87.62596
CHI00413,CHI00494,299,190,7.5,Clark St & Lincoln Ave,41.91569,-87.6346,Lincoln Ave & Fullerton Ave,41.92416,-87.64638
CHI00674,CHI00353,298,231,10.5,Clark St & Newport St,41.94454,-87.65468,Wilton Ave & Belmont Ave,41.94023,-87.65294
CHI01751,CHI01751,298,42,29.9,Michigan Ave & Pearson St,41.89766,-87.62351,Michigan Ave & Pearson St,41.89766,-87.62351
CHI00511,CHI01996,298,218,4.4,Lake Park Ave & 56th St,41.79161,-87.58748,Woodlawn Ave & 58th St,41.78938,-87.59648
CHI01747,CHI00558,298,101,33.1,Navy Pier,41.89228,-87.61204,Burnham Harbor,41.85741,-87.61379
CHI00556,CHI00486,298,244,5.0,Shields Ave & 31st St,41.83846,-87.63541,Emerald Ave & 31st St,41.8382,-87.64514
CHI00299,CHI00295,297,224,7.7,Kingsbury St & Kinzie St,41.88917,-87.63849,Dearborn St & Erie St,41.894,-87.62932
CHI02023,CHI00259,297,243,6.8,Sheffield Ave & Kingsbury St,41.91053,-87.65311,Elston Ave & Cortland St,41.91643,-87.66675
LF-005,13022,297,71,21.8,DuSable Lake Shore Dr & North Blvd,41.91172,-87.6268,Streeter Dr & Grand Ave,41.89228,-87.61204
KA1503000043,638,297,260,5.4,Kingsbury St & Kinzie St,41.88918,-87.63851,Clinton St & Jackson Blvd,41.87823,-87.64093
CHI00299,CHI00241,297,259,5.6,Kingsbury St & Kinzie St,41.88917,-87.63849,Sedgwick St & Huron St,41.89466,-87.63843
CHI00395,CHI00476,297,236,4.8,Clarendon Ave & Junior Ter,41.961,-87.6496,Broadway & Sheridan Rd,41.95283,-87.64999
CHI00559,CHI00559,297,136,31.4,Lake Park Ave & 53rd St,41.79949,-87.58645,Lake Park Ave & 53rd St,41.79949,-87.58645
CHI00506,CHI00225,297,211,3.1,Racine Ave & Wrightwood Ave,41.92889,-87.65897,Sheffield Ave & Fullerton Ave,41.92562,-87.65366
KA1503000043,TA1306000009,297,248,4.9,Kingsbury St & Kinzie St,41.88918,-87.63851,Larrabee St & Kingsbury St,41.89776,-87.64289
CHI01744,CHI01747,297,19,28.4,St. Clair St & Erie St,41.89435,-87.6228,Navy Pier,41.89228,-87.61204
KA1503000014,22002,297,253,4.9,Ellis Ave & 60th St,41.7851,-87.60107,Woodlawn Ave & 58th St,41.78938,-87.59648
CHI00294,CHI00332,296,207,5.0,Wells St & Huron St,41.89479,-87.63438,Wells St & Hubbard St,41.88991,-87.63427
CHI00251,CHI00251,296,67,26.3,State St & Randolph St,41.88462,-87.62784,State St & Randolph St,41.88462,-87.62784
CHI01744,CHI00509,295,256,11.6,St. Clair St & Erie St,41.89435,-87.6228,Clinton St & Washington Blvd,41.88338,-87.64118
CHI00394,CHI00559,295,185,11.3,Shore Dr & 55th St,41.79521,-87.58072,Lake Park Ave & 53rd St,41.79949,-87.58645
CHI00310,CHI00310,295,145,33.7,Sheffield Ave & Waveland Ave,41.94939,-87.65453,Sheffield Ave & Waveland Ave,41.94939,-87.65453
CHI00252,CHI00469,295,176,18.7,Michigan Ave & Oak St,41.90096,-87.62378,Lakeview Ave & Fullerton Pkwy,41.92587,-87.63897
CHI00383,CHI00531,295,185,24.2,Field Blvd & South Water St,41.88635,-87.61752,Dusable Harbor,41.88698,-87.61281
CHI00782,CHI00782,295,37,28.6,Wells St & 19th St,41.8568,-87.63388,Wells St & 19th St,41.8568,-87.63388
CHI00509,CHI00294,295,213,8.0,Clinton St & Washington Blvd,41.88338,-87.64118,Wells St & Huron St,41.89479,-87.63438
639,639,294,50,40.1,Lakefront Trail & Wilson Ave,41.96667,-87.64301,Lakefront Trail & Wilson Ave,41.96667,-87.64301
CHI00558,CHI01747,294,80,29.9,Burnham Harbor,41.85741,-87.61379,Navy Pier,41.89228,-87.61204
CHI00287,CHI00226,294,209,5.4,Clark St & Wrightwood Ave,41.92955,-87.64312,Wilton Ave & Diversey Pkwy,41.93242,-87.65271
CHI00322,CHI00359,294,258,7.0,May St & Taylor St,41.86939,-87.65537,Halsted St & Polk St,41.87184,-87.64664
CHI01775,CHI00405,294,234,6.2,Federal St & Polk St,41.87208,-87.62955,Dearborn St & Monroe St,41.88135,-87.62953
CHI00490,CHI00490,294,192,28.6,Kimbark Ave & 53rd St,41.79946,-87.59478,Kimbark Ave & 53rd St,41.79946,-87.59478
CHI00255,CHI00493,294,187,22.1,DuSable Lake Shore Dr & Wellington Ave,41.93669,-87.63683,DuSable Lake Shore Dr & Diversey Pkwy,41.93259,-87.63643
CHI01749,CHI00450,294,93,14.3,Field Museum,41.86531,-87.61788,Indiana Ave & Roosevelt Rd,41.86789,-87.62304
CHI00509,CHI01677,294,257,6.9,Clinton St & Washington Blvd,41.88338,-87.64118,Michigan Ave & Washington St,41.88398,-87.62468
CHI00396,CHI00299,294,248,11.2,Wells St & Concord Ln,41.91213,-87.63466,Kingsbury St & Kinzie St,41.88917,-87.63849
CHI00496,CHI00353,293,249,7.7,Broadway & Waveland Ave,41.94907,-87.64863,Wilton Ave & Belmont Ave,41.94023,-87.65294
CHI00420,CHI00469,293,171,13.7,Theater on the Lake,41.92628,-87.63084,Lakeview Ave & Fullerton Pkwy,41.92587,-87.63897
CHI00737,CHI02038,292,199,22.0,Benson Ave & Church St,42.04821,-87.68348,Chicago Ave & Washington St,42.03257,-87.6791
CHI00454,CHI00454,292,121,28.6,Larrabee St & Webster Ave,41.92182,-87.64414,Larrabee St & Webster Ave,41.92182,-87.64414
CHI02028,CHI00367,292,213,4.1,Kingsbury St & Erie St,41.89391,-87.64174,Orleans St & Merchandise Mart Plaza,41.88824,-87.6364
CHI00427,CHI00255,292,137,19.7,Montrose Harbor,41.96398,-87.63818,DuSable Lake Shore Dr & Wellington Ave,41.93669,-87.63683
CHI00299,CHI00878,291,218,6.3,Kingsbury St & Kinzie St,41.88917,-87.63849,Morgan St & Lake St*,41.8855,-87.65229
CHI01748,CHI00437,291,192,7.2,900 W Harrison St,41.87475,-87.64981,Halsted St & Maxwell St,41.86488,-87.64707
CHI00878,CHI00509,291,260,5.7,Morgan St & Lake St*,41.8855,-87.65229,Clinton St & Washington Blvd,41.88338,-87.64118
CHI00354,CHI00239,290,215,6.3,Pine Grove Ave & Waveland Ave,41.94946,-87.64645,Broadway & Belmont Ave,41.94011,-87.64545
TA1308000001,13022,290,75,29.6,Theater on the Lake,41.92628,-87.63084,Streeter Dr & Grand Ave,41.89228,-87.61204
CHI00493,CHI00374,290,148,34.0,DuSable Lake Shore Dr & Diversey Pkwy,41.93259,-87.63643,DuSable Lake Shore Dr & Monroe St,41.88096,-87.61674
13332,TA1307000121,290,265,8.9,Loomis St & Lexington St,41.87223,-87.66137,Halsted St & Polk St,41.87184,-87.64664
CHI00316,CHI00254,289,202,7.3,Damen Ave & Chicago Ave,41.89569,-87.67713,Damen Ave & Wicker Park Ave,41.90881,-87.67719
CHI00279,CHI00525,289,103,21.0,New St & Illinois St,41.89084,-87.61862,DuSable Lake Shore Dr & North Blvd,41.91172,-87.6268
CHI00525,CHI00522,289,118,14.4,DuSable Lake Shore Dr & North Blvd,41.91172,-87.6268,Stockton Dr & Wrightwood Ave,41.93132,-87.63874
CHI01996,CHI00511,289,193,6.2,Woodlawn Ave & 58th St,41.78938,-87.59648,Lake Park Ave & 56th St,41.79161,-87.58748
KA1503000043,TA1305000032,289,248,4.7,Kingsbury St & Kinzie St,41.88918,-87.63851,Clinton St & Madison St,41.88274,-87.64119
CHI00737,CHI01208,288,178,11.2,Benson Ave & Church St,42.04821,-87.68348,University Library (NU),42.05294,-87.67345
KA1504000076,TA1309000011,288,235,3.7,Ellis Ave & 55th St,41.7943,-87.60145,Ellis Ave & 58th St,41.78875,-87.60133
CHI01742,CHI00360,288,43,26.3,Millennium Park,41.88103,-87.62408,Adler Planetarium,41.8661,-87.60727
CHI00272,CHI00508,287,202,7.3,Broadway & Wilson Ave,41.96522,-87.65814,Ravenswood Ave & Lawrence Ave,41.96845,-87.67423
638,KA1503000043,287,246,7.4,Clinton St & Jackson Blvd,41.87823,-87.64093,Kingsbury St & Kinzie St,41.88918,-87.63851
CHI00501,CHI00372,287,242,10.1,Wolcott Ave & Polk St,41.87126,-87.67369,Morgan St & Polk St,41.87174,-87.65103
CHI00353,CHI00480,287,189,9.1,Wilton Ave & Belmont Ave,41.94023,-87.65294,DuSable Lake Shore Dr & Belmont Ave,41.94077,-87.63919
13022,KA1503000064,287,112,22.2,Streeter Dr & Grand Ave,41.89228,-87.61204,Dusable Harbor,41.88698,-87.61281
CHI00360,CHI01749,287,58,14.0,Adler Planetarium,41.8661,-87.60727,Field Museum,41.86531,-87.61788
CHI01772,CHI00462,287,223,11.1,State St & Chicago Ave,41.89662,-87.62858,Clark St & Schiller St,41.90799,-87.6315
TA1307000164,KA1503000071,287,209,3.9,Woodlawn Ave & 55th St,41.79527,-87.59647,University Ave & 57th St,41.79148,-87.59986
CHI00537,CHI00537,286,114,29.3,Rush St & Cedar St,41.90231,-87.6277,Rush St & Cedar St,41.90231,-87.6277
CHI00560,CHI00560,286,93,54.5,Calumet Ave & 21st St,41.85418,-87.61915,Calumet Ave & 21st St,41.85418,-87.61915
TA1307000039,TA1308000050,286,211,5.5,Clark St & Elm St,41.90311,-87.63199,Wells St & Concord Ln,41.91213,-87.63466
13042,TA1308000001,286,99,19.2,Michigan Ave & Oak St,41.90096,-87.62378,Theater on the Lake,41.92628,-87.63084
CHI00474,CHI00494,286,209,5.6,Clark St & Armitage Ave,41.91831,-87.63628,Lincoln Ave & Fullerton Ave,41.92416,-87.64638
CHI00243,CHI00243,286,91,34.5,Michigan Ave & 18th St,41.85793,-87.62434,Michigan Ave & 18th St,41.85793,-87.62434
CHI00583,CHI00520,286,207,9.1,Ellis Ave & 55th St,41.7943,-87.60145,Blackstone Ave & Hyde Park Blvd,41.80256,-87.59037
TA1309000011,22004,286,235,4.8,Ellis Ave & 58th St,41.78875,-87.60133,Blackstone Ave & 59th St,41.78788,-87.59046
CHI00495,CHI00495,285,168,23.9,Clark St & Winnemac Ave,41.97335,-87.66785,Clark St & Winnemac Ave,41.97335,-87.66785
CHI00345,CHI00509,285,213,8.3,Columbus Dr & Randolph St,41.88472,-87.61952,Clinton St & Washington Blvd,41.88338,-87.64118
CHI00353,CHI00234,285,163,7.7,Wilton Ave & Belmont Ave,41.94023,-87.65294,Southport Ave & Roscoe St,41.94374,-87.66402
CHI00234,CHI00234,285,155,26.6,Southport Ave & Roscoe St,41.94374,-87.66402,Southport Ave & Roscoe St,41.94374,-87.66402
CHI02038,CHI00737,285,179,12.7,Chicago Ave & Washington St,42.03257,-87.6791,Benson Ave & Church St,42.04821,-87.68348
CHI00244,CHI00296,285,241,5.0,Ashland Ave & Division St,41.90323,-87.66945,Damen Ave & Thomas St (Augusta Blvd),41.90132,-87.67741
CHI01902,CHI00551,284,237,7.2,Drexel Ave & 60th St,41.78586,-87.60455,University Ave & 57th St,41.79148,-87.59986
CHI00462,CHI00281,284,233,6.7,Clark St & Schiller St,41.90799,-87.6315,Clark St & Elm St,41.90297,-87.63132
CHI00296,CHI00254,284,216,15.3,Damen Ave & Thomas St (Augusta Blvd),41.90132,-87.67741,Damen Ave & Wicker Park Ave,41.90881,-87.67719
KA1503000071,KA1503000071,284,180,35.5,University Ave & 57th St,41.79148,-87.59986,University Ave & 57th St,41.79148,-87.59986
CHI00421,CHI00259,284,185,5.3,Clifton Ave & Armitage Ave,41.91822,-87.65694,Elston Ave & Cortland St,41.91643,-87.66675
CHI00254,CHI00254,284,180,18.0,Damen Ave & Wicker Park Ave,41.90881,-87.67719,Damen Ave & Wicker Park Ave,41.90881,-87.67719
CHI02028,CHI00295,283,216,8.1,Kingsbury St & Erie St,41.89391,-87.64174,Dearborn St & Erie St,41.894,-87.62932
CHI00383,CHI00525,283,126,20.7,Field Blvd & South Water St,41.88635,-87.61752,DuSable Lake Shore Dr & North Blvd,41.91172,-87.6268
CHI00416,CHI00313,282,212,7.4,Wabash Ave & Wacker Pl,41.88687,-87.62603,Wabash Ave & Grand Ave,41.89146,-87.62676
CHI00396,CHI00413,282,192,6.6,Wells St & Concord Ln,41.91213,-87.63466,Clark St & Lincoln Ave,41.91569,-87.6346
CHI00378,CHI00219,282,200,5.8,Kedzie Ave & Milwaukee Ave,41.92912,-87.70802,St. Louis Ave & Fullerton Ave,41.92482,-87.7145
CHI00531,CHI00360,282,45,28.0,Dusable Harbor,41.88698,-87.61281,Adler Planetarium,41.8661,-87.60727
KA1504000076,TA1308000009,282,235,8.7,Ellis Ave & 55th St,41.7943,-87.60145,Shore Dr & 55th St,41.79521,-87.58072
638,13021,281,270,4.2,Clinton St & Jackson Blvd,41.87823,-87.64093,Clinton St & Lake St,41.88563,-87.64183
CHI00354,CHI02055,281,189,5.1,Pine Grove Ave & Waveland Ave,41.94946,-87.64645,Wilton Ave & Addison St,41.94746,-87.65321
CHI00460,CHI00511,281,254,6.4,Ellis Ave & 58th St,41.78875,-87.60133,Lake Park Ave & 56th St,41.79161,-87.58748
TA1309000039,TA1309000039,281,123,34.4,DuSable Lake Shore Dr & Diversey Pkwy,41.93259,-87.63643,DuSable Lake Shore Dr & Diversey Pkwy,41.93259,-87.63643
CHI00481,CHI00336,281,216,7.4,Southport Ave & Irving Park Rd,41.95418,-87.66436,Southport Ave & Waveland Ave,41.94822,-87.66407
CHI00282,CHI00282,281,170,32.2,Western Ave & Winnebago Ave,41.91552,-87.68702,Western Ave & Winnebago Ave,41.91552,-87.68702
CHI00372,CHI00372,280,184,15.5,Morgan St & Polk St,41.87174,-87.65103,Morgan St & Polk St,41.87174,-87.65103
CHI01775,CHI00604,280,213,13.8,Federal St & Polk St,41.87208,-87.62955,Wabash Ave & 16th St,41.86039,-87.62581
CHI02034,CHI00460,280,246,11.6,Cornell Ave & Hyde Park Blvd,41.80241,-87.58692,Ellis Ave & 58th St,41.78875,-87.60133
CHI00509,CHI01744,280,256,12.4,Clinton St & Washington Blvd,41.88338,-87.64118,St. Clair St & Erie St,41.89435,-87.6228
CHI00440,CHI00322,280,234,7.7,Wood St & Taylor St (Temp),41.86927,-87.67373,May St & Taylor St,41.86939,-87.65537
CHI00281,CHI00295,280,144,7.4,Clark St & Elm St,41.90297,-87.63132,Dearborn St & Erie St,41.894,-87.62932
CHI01996,CHI00765,280,224,6.1,Woodlawn Ave & 58th St,41.78938,-87.59648,Ellis Ave & 60th St,41.7851,-87.60107
CHI00590,CHI01983,280,241,5.2,Western Ave & Granville Ave,41.99416,-87.68944,Peterson/Ridge Metra,41.9918,-87.67489
CHI00295,CHI00509,279,211,10.3,Dearborn St & Erie St,41.894,-87.62932,Clinton St & Washington Blvd,41.88338,-87.64118
CHI00482,CHI00430,279,199,5.9,Pine Grove Ave & Irving Park Rd,41.95437,-87.64794,Broadway & Cornelia Ave,41.94553,-87.64644
CHI01913,CHI00490,279,189,8.7,University Ave & 59th St,41.78788,-87.59891,Kimbark Ave & 53rd St,41.79946,-87.59478
CHI00508,CHI00471,279,215,6.3,Ravenswood Ave & Lawrence Ave,41.96845,-87.67423,Ravenswood Ave & Berteau Ave,41.95792,-87.67357
CHI01772,CHI02028,279,227,6.6,State St & Chicago Ave,41.89662,-87.62858,Kingsbury St & Erie St,41.89391,-87.64174
CHI01163,CHI00374,278,44,31.9,Michigan Ave & 8th St,41.87277,-87.62398,DuSable Lake Shore Dr & Monroe St,41.88096,-87.61674
CHI00737,CHI00737,278,74,52.5,Benson Ave & Church St,42.04821,-87.68348,Benson Ave & Church St,42.04821,-87.68348
CHI00496,CHI00496,278,147,24.7,Broadway & Waveland Ave,41.94907,-87.64863,Broadway & Waveland Ave,41.94907,-87.64863
CHI00487,CHI00257,278,198,5.2,Sedgwick St & Webster Ave,41.92217,-87.63889,Sedgwick St & North Ave,41.911,-87.63853
CHI01750,CHI00299,278,219,4.9,Milwaukee Ave & Grand Ave,41.89158,-87.64838,Kingsbury St & Kinzie St,41.88917,-87.63849
CHI00480,CHI00353,277,197,8.4,DuSable Lake Shore Dr & Belmont Ave,41.94077,-87.63919,Wilton Ave & Belmont Ave,41.94023,-87.65294
CHI00257,CHI00487,277,190,5.5,Sedgwick St & North Ave,41.911,-87.63853,Sedgwick St & Webster Ave,41.92217,-87.63889
KA1503000043,23003,277,225,4.9,Kingsbury St & Kinzie St,41.88918,-87.63851,Halsted St & Fulton St,41.88687,-87.64809
CHI00765,CHI00394,277,199,12.8,Ellis Ave & 60th St,41.7851,-87.60107,Shore Dr & 55th St,41.79521,-87.58072
CHI00509,CHI00878,277,256,5.7,Clinton St & Washington Blvd,41.88338,-87.64118,Morgan St & Lake St*,41.8855,-87.65229
CHI00473,CHI00473,276,147,19.2,Halsted St & Roscoe St,41.94367,-87.64895,Halsted St & Roscoe St,41.94367,-87.64895
CHI00233,CHI00517,276,204,5.4,Clinton St & Madison St,41.88274,-87.64119,Desplaines St & Kinzie St,41.88871,-87.64445
CHI01983,CHI00590,276,228,5.6,Peterson/Ridge Metra,41.9918,-87.67489,Western Ave & Granville Ave,41.99416,-87.68944
CHI00290,CHI00290,276,152,39.3,Sheridan Rd & Montrose Ave,41.96166,-87.65464,Sheridan Rd & Montrose Ave,41.96166,-87.65464
CHI00420,CHI00287,276,123,13.4,Theater on the Lake,41.92628,-87.63084,Clark St & Wrightwood Ave,41.92955,-87.64312
CHI00507,CHI00454,276,225,4.9,Sheffield Ave & Webster Ave,41.92154,-87.65382,Larrabee St & Webster Ave,41.92182,-87.64414
TA1307000039,TA1307000039,276,189,23.2,Clark St & Elm St,41.90311,-87.63199,Clark St & Elm St,41.90311,-87.63199
CHI00540,CHI00260,276,225,5.2,Wells St & Elm St,41.90322,-87.63434,Wells St & Walton St,41.89993,-87.63443
CHI00372,CHI00501,275,246,10.4,Morgan St & Polk St,41.87174,-87.65103,Wolcott Ave & Polk St,41.87126,-87.67369
CHI00761,CHI00761,275,101,18.8,Clark St & Lake St,41.88602,-87.63088,Clark St & Lake St,41.88602,-87.63088
SL-005,623,275,226,12.0,Indiana Ave & Roosevelt Rd,41.86789,-87.62304,Michigan Ave & 8th St,41.87277,-87.62398
CHI01806,CHI00460,275,207,6.5,Blackstone Ave & 59th St,41.78788,-87.59046,Ellis Ave & 58th St,41.78875,-87.60133
CHI00418,CHI00252,274,89,29.7,Mies van der Rohe Way & Chestnut St,41.89859,-87.62192,Michigan Ave & Oak St,41.90096,-87.62378
13379,13063,274,239,3.7,Clarendon Ave & Gordon Ter,41.95787,-87.6495,Sheridan Rd & Irving Park Rd,41.95424,-87.65441
CHI00555,CHI00509,274,221,8.0,Rush St & Hubbard St,41.89018,-87.62619,Clinton St & Washington Blvd,41.88338,-87.64118
CHI00583,CHI00511,274,214,7.3,Ellis Ave & 55th St,41.7943,-87.60145,Lake Park Ave & 56th St,41.79161,-87.58748
CHI00294,CHI00509,274,212,8.1,Wells St & Huron St,41.89479,-87.63438,Clinton St & Washington Blvd,41.88338,-87.64118
CHI00328,CHI00223,274,242,5.9,Rhodes Ave & 32nd St,41.83622,-87.61353,State St & 33rd St,41.83473,-87.62581
CHI00509,CHI02028,274,216,6.5,Clinton St & Washington Blvd,41.88338,-87.64118,Kingsbury St & Erie St,41.89391,-87.64174
CHI00233,CHI01542,273,245,5.5,Clinton St & Madison St,41.88274,-87.64119,Clinton St & Tilden St,41.87588,-87.64079
CHI00374,CHI00330,273,71,21.1,DuSable Lake Shore Dr & Monroe St,41.88096,-87.61674,McClurg Ct & Ohio St,41.8926,-87.61729
CHI00281,CHI00462,273,211,6.6,Clark St & Elm St,41.90297,-87.63132,Clark St & Schiller St,41.90799,-87.6315
CHI00330,CHI00605,273,193,15.9,McClurg Ct & Ohio St,41.8926,-87.61729,Fairbanks Ct & Grand Ave,41.89185,-87.62058
CHI01996,CHI00394,273,206,9.3,Woodlawn Ave & 58th St,41.78938,-87.59648,Shore Dr & 55th St,41.79521,-87.58072
CHI00223,CHI00386,273,191,7.6,State St & 33rd St,41.83473,-87.62581,MLK Jr Dr & 29th St,41.84205,-87.617
KA1503000052,KA1503000071,272,208,4.7,Ellis Ave & 53rd St,41.79934,-87.60096,University Ave & 57th St,41.79148,-87.59986
CHI00482,CHI00496,272,232,5.7,Pine Grove Ave & Irving Park Rd,41.95437,-87.64794,Broadway & Waveland Ave,41.94907,-87.64863
CHI00243,CHI00524,272,177,6.2,Michigan Ave & 18th St,41.85793,-87.62434,Wabash Ave & Roosevelt Rd,41.86723,-87.62596
CHI01996,CHI01806,272,227,4.7,Woodlawn Ave & 58th St,41.78938,-87.59648,Blackstone Ave & 59th St,41.78788,-87.59046
TA1307000062,KA1503000043,271,243,4.0,Sedgwick St & Huron St,41.89467,-87.63843,Kingsbury St & Kinzie St,41.88918,-87.63851
13021,638,271,221,3.5,Clinton St & Lake St,41.88563,-87.64183,Clinton St & Jackson Blvd,41.87823,-87.64093
CHI00393,CHI00294,271,155,6.1,Wells St & Evergreen Ave,41.90672,-87.63484,Wells St & Huron St,41.89479,-87.63438
CHI00225,CHI00506,271,209,4.6,Sheffield Ave & Fullerton Ave,41.92562,-87.65366,Racine Ave & Wrightwood Ave,41.92889,-87.65897
CHI00359,CHI00322,271,242,5.8,Halsted St & Polk St,41.87184,-87.64664,May St & Taylor St,41.86939,-87.65537
CHI00509,CHI00517,271,221,4.8,Clinton St & Washington Blvd,41.88338,-87.64118,Desplaines St & Kinzie St,41.88871,-87.64445
CHI00224,CHI00343,271,203,5.3,Calumet Ave & 33rd St,41.83472,-87.61797,State St & 35th St,41.83104,-87.6268
CHI00455,CHI00427,271,152,9.6,Clarendon Ave & Gordon Ter,41.95787,-87.6495,Montrose Harbor,41.96398,-87.63818
CHI00307,CHI00442,270,246,5.7,California Ave & Milwaukee Ave,41.92269,-87.69715,Kedzie Ave & Palmer Ct,41.92153,-87.70732
CHI01747,CHI00383,270,86,18.8,Navy Pier,41.89228,-87.61204,Field Blvd & South Water St,41.88635,-87.61752
CHI00606,CHI00606,270,147,22.5,Wells St & Polk St,41.87273,-87.63352,Wells St & Polk St,41.87273,-87.63352
KA1504000076,22005,270,211,5.3,Ellis Ave & 55th St,41.7943,-87.60145,Drexel Ave & 60th St,41.78586,-87.60455
22005,KA1503000071,270,205,5.1,Drexel Ave & 60th St,41.78586,-87.60455,University Ave & 57th St,41.79148,-87.59986
CHI00452,CHI01742,270,42,31.2,Michigan Ave & Jackson Blvd,41.87855,-87.62415,Millennium Park,41.88103,-87.62408
TA1306000013,TA1306000013,269,97,35.9,New St & Illinois St,41.89084,-87.61862,New St & Illinois St,41.89084,-87.61862
CHI00420,CHI00522,269,124,13.8,Theater on the Lake,41.92628,-87.63084,Stockton Dr & Wrightwood Ave,41.93132,-87.63874
CHI00461,CHI00508,269,215,6.5,Clark St & Leland Ave,41.96709,-87.6673,Ravenswood Ave & Lawrence Ave,41.96845,-87.67423
CHI00281,CHI00413,269,159,8.0,Clark St & Elm St,41.90297,-87.63132,Clark St & Lincoln Ave,41.91569,-87.6346
CHI00381,CHI00625,268,160,5.5,Damen Ave & Leland Ave,41.96708,-87.67908,Damen Ave & Foster Ave,41.9758,-87.67951
WL-012,KA1503000043,268,246,5.1,Clinton St & Washington Blvd,41.88338,-87.64118,Kingsbury St & Kinzie St,41.88918,-87.63851
22004,22002,268,231,4.9,Blackstone Ave & 59th St,41.78788,-87.59046,Woodlawn Ave & 58th St,41.78938,-87.59648
CHI01091,CHI01091,268,138,17.2,Clinton St & Jackson Blvd,41.87832,-87.64099,Clinton St & Jackson Blvd,41.87832,-87.64099
CHI01775,CHI00450,268,215,12.7,Federal St & Polk St,41.87208,-87.62955,Indiana Ave & Roosevelt Rd,41.86789,-87.62304
CHI02057,CHI00296,268,176,7.2,Damen Ave & Pierce Ave,41.90936,-87.67776,Damen Ave & Thomas St (Augusta Blvd),41.90132,-87.67741
CHI00414,CHI00495,268,205,6.4,Broadway & Berwyn Ave,41.97836,-87.65979,Clark St & Winnemac Ave,41.97335,-87.66785
CHI00448,CHI02025,267,222,10.5,Wabash Ave & 9th St,41.87077,-87.62574,Buckingham Fountain,41.86996,-87.62378
CHI00418,CHI01747,267,22,33.5,Mies van der Rohe Way & Chestnut St,41.89859,-87.62192,Navy Pier,41.89228,-87.61204
CHI00406,CHI00518,267,216,5.0,Aberdeen St & Jackson Blvd,41.87773,-87.65479,Desplaines St & Jackson Blvd,41.87812,-87.64395
CHI00336,CHI00336,267,137,24.6,Southport Ave & Waveland Ave,41.94822,-87.66407,Southport Ave & Waveland Ave,41.94822,-87.66407
CHI00450,CHI00449,267,260,10.5,Indiana Ave & Roosevelt Rd,41.86789,-87.62304,Franklin St & Monroe St,41.88032,-87.63519
CHI01747,CHI00251,267,38,26.2,Navy Pier,41.89228,-87.61204,State St & Randolph St,41.88462,-87.62784
CHI00878,CHI00299,266,199,6.1,Morgan St & Lake St*,41.8855,-87.65229,Kingsbury St & Kinzie St,41.88917,-87.63849
13042,13022,266,39,25.6,Michigan Ave & Oak St,41.90096,-87.62378,Streeter Dr & Grand Ave,41.89228,-87.61204
CHI00533,CHI00524,266,130,8.8,Shedd Aquarium,41.86723,-87.61536,Wabash Ave & Roosevelt Rd,41.86723,-87.62596
CHI00765,CHI00423,266,181,7.6,Ellis Ave & 60th St,41.7851,-87.60107,Woodlawn Ave & 55th St,41.79526,-87.59647
CHI00438,CHI01775,266,230,6.6,Dearborn St & Adams St,41.87936,-87.62979,Federal St & Polk St,41.87208,-87.62955
CHI00250,CHI01747,266,14,29.6,Michigan Ave & Ida B Wells Dr,41.87621,-87.62446,Navy Pier,41.89228,-87.61204
KA1503000043,TA1307000128,266,232,8.9,Kingsbury St & Kinzie St,41.88918,-87.63851,Dearborn Pkwy & Delaware Pl,41.89897,-87.62991
CHI02039,CHI00342,266,190,8.4,Calumet Ave & 18th St,41.85762,-87.61941,Michigan Ave & 14th St,41.86406,-87.62373
CHI00411,CHI00353,266,228,3.6,Racine Ave & Belmont Ave,41.93974,-87.65887,Wilton Ave & Belmont Ave,41.94023,-87.65294
13216,TA1307000139,265,226,7.1,State St & 33rd St,41.83473,-87.62581,MLK Jr Dr & 29th St,41.84205,-87.617
CHI00234,CHI00481,265,217,6.4,Southport Ave & Roscoe St,41.94374,-87.66402,Southport Ave & Irving Park Rd,41.95418,-87.66436
CHI00251,CHI00498,265,189,7.2,State St & Randolph St,41.88462,-87.62784,Canal St & Madison St,41.8824,-87.63976
CHI00294,CHI00260,265,209,6.8,Wells St & Huron St,41.89479,-87.63438,Wells St & Walton St,41.89993,-87.63443
CHI00452,CHI01163,265,156,16.9,Michigan Ave & Jackson Blvd,41.87855,-87.62415,Michigan Ave & 8th St,41.87277,-87.62398
CHI00290,CHI00482,265,228,6.5,Sheridan Rd & Montrose Ave,41.96166,-87.65464,Pine Grove Ave & Irving Park Rd,41.95437,-87.64794
CHI01208,CHI00737,264,156,12.5,University Library (NU),42.05294,-87.67345,Benson Ave & Church St,42.04821,-87.68348
CHI00469,CHI00252,264,117,20.5,Lakeview Ave & Fullerton Pkwy,41.92587,-87.63897,Michigan Ave & Oak St,41.90096,-87.62378
CHI00498,CHI00345,264,207,10.2,Canal St & Madison St,41.8824,-87.63976,Columbus Dr & Randolph St,41.88472,-87.61952
CHI00559,CHI00394,264,175,9.5,Lake Park Ave & 53rd St,41.79949,-87.58645,Shore Dr & 55th St,41.79521,-87.58072
13001,13001,264,41,25.9,Michigan Ave & Washington St,41.88399,-87.62468,Michigan Ave & Washington St,41.88399,-87.62468
CHI01742,CHI00420,264,92,38.4,Millennium Park,41.88103,-87.62408,Theater on the Lake,41.92628,-87.63084
CHI00351,CHI00281,263,176,6.8,Clark St & Chicago Ave,41.89675,-87.63088,Clark St & Elm St,41.90297,-87.63132
CHI00386,CHI00386,263,129,24.3,MLK Jr Dr & 29th St,41.84205,-87.617,MLK Jr Dr & 29th St,41.84205,-87.617
CHI00279,CHI00295,263,128,9.5,New St & Illinois St,41.89084,-87.61862,Dearborn St & Erie St,41.894,-87.62932
CHI01749,CHI01163,263,44,20.2,Field Museum,41.86531,-87.61788,Michigan Ave & 8th St,41.87277,-87.62398
CHI00520,CHI00551,263,171,11.8,Blackstone Ave & Hyde Park Blvd,41.80256,-87.59037,University Ave & 57th St,41.79148,-87.59986
CHI00508,CHI00463,263,233,4.9,Ravenswood Ave & Lawrence Ave,41.96845,-87.67423,Paulina St & Montrose Ave,41.96151,-87.67139
CHI00255,CHI00420,263,122,15.8,DuSable Lake Shore Dr & Wellington Ave,41.93669,-87.63683,Theater on the Lake,41.92628,-87.63084
CHI00474,CHI00385,262,192,9.0,Clark St & Armitage Ave,41.91831,-87.63628,Clark St & Drummond Pl,41.93125,-87.64433
CHI01772,CHI00241,262,211,5.4,State St & Chicago Ave,41.89662,-87.62858,Sedgwick St & Huron St,41.89466,-87.63843
TA1308000009,KA1504000076,262,211,9.5,Shore Dr & 55th St,41.79521,-87.58072,Ellis Ave & 55th St,41.7943,-87.60145
CHI00383,CHI01747,262,88,21.2,Field Blvd & South Water St,41.88635,-87.61752,Navy Pier,41.89228,-87.61204
CHI00388,CHI00388,262,103,32.4,Damen Ave & Cortland St,41.91598,-87.67733,Damen Ave & Cortland St,41.91598,-87.67733
CHI02021,CHI02021,261,49,24.0,Wentworth Ave & Cermak Rd*,41.85321,-87.63187,Wentworth Ave & Cermak Rd*,41.85321,-87.63187
CHI00260,CHI00396,261,141,7.9,Wells St & Walton St,41.89993,-87.63443,Wells St & Concord Ln,41.91213,-87.63466
CHI00252,CHI00330,261,126,17.9,Michigan Ave & Oak St,41.90096,-87.62378,McClurg Ct & Ohio St,41.8926,-87.61729
CHI00786,CHI00786,261,48,29.6,Wabash Ave & Adams St,41.87947,-87.62569,Wabash Ave & Adams St,41.87947,-87.62569
CHI00260,CHI00294,261,191,3.6,Wells St & Walton St,41.89993,-87.63443,Wells St & Huron St,41.89479,-87.63438
CHI00345,CHI00374,261,67,38.1,Columbus Dr & Randolph St,41.88472,-87.61952,DuSable Lake Shore Dr & Monroe St,41.88096,-87.61674
CHI00353,CHI00674,261,218,8.8,Wilton Ave & Belmont Ave,41.94023,-87.65294,Clark St & Newport St,41.94454,-87.65468
CHI00524,CHI00450,261,165,20.6,Wabash Ave & Roosevelt Rd,41.86723,-87.62596,Indiana Ave & Roosevelt Rd,41.86789,-87.62304
CHI00522,CHI00420,260,109,14.4,Stockton Dr & Wrightwood Ave,41.93132,-87.63874,Theater on the Lake,41.92628,-87.63084
13325,13379,260,236,5.2,Broadway & Waveland Ave,41.94907,-87.64863,Clarendon Ave & Gordon Ter,41.95787,-87.6495
CHI00306,CHI00525,260,123,12.4,Dearborn Pkwy & Delaware Pl,41.89897,-87.62991,DuSable Lake Shore Dr & North Blvd,41.91172,-87.6268
CHI00290,CHI00476,260,186,5.4,Sheridan Rd & Montrose Ave,41.96166,-87.65464,Broadway & Sheridan Rd,41.95283,-87.64999
CHI00253,CHI00295,260,198,12.2,Daley Center Plaza,41.88424,-87.62963,Dearborn St & Erie St,41.894,-87.62932
CHI00623,CHI00378,260,171,9.0,Kosciuszko Park,41.93058,-87.72378,Kedzie Ave & Milwaukee Ave,41.92912,-87.70802
CHI00321,CHI00513,260,215,4.5,Aberdeen St & Monroe St,41.88037,-87.65537,Jefferson St & Monroe St,41.88033,-87.64275
CHI00332,CHI00517,260,142,4.9,Wells St & Hubbard St,41.88991,-87.63427,Desplaines St & Kinzie St,41.88871,-87.64445
CHI00517,CHI02028,259,207,5.0,Desplaines St & Kinzie St,41.88871,-87.64445,Kingsbury St & Erie St,41.89391,-87.64174
CHI00378,CHI00442,259,174,6.1,Kedzie Ave & Milwaukee Ave,41.92912,-87.70802,Kedzie Ave & Palmer Ct,41.92153,-87.70732
CHI00281,CHI00418,259,206,7.9,Clark St & Elm St,41.90297,-87.63132,Mies van der Rohe Way & Chestnut St,41.89859,-87.62192
CHI01745,CHI00509,259,193,8.2,Franklin St & Chicago Ave,41.89679,-87.63564,Clinton St & Washington Blvd,41.88338,-87.64118
CHI00372,CHI00437,259,196,5.9,Morgan St & Polk St,41.87174,-87.65103,Halsted St & Maxwell St,41.86488,-87.64707
CHI00406,CHI00406,259,124,22.7,Aberdeen St & Jackson Blvd,41.87773,-87.65479,Aberdeen St & Jackson Blvd,41.87773,-87.65479
CHI00288,CHI00279,258,198,14.0,State St & Kinzie St,41.88937,-87.62708,New St & Illinois St,41.89084,-87.61862
KA1504000090,13085,258,193,4.3,St. Louis Ave & Fullerton Ave,41.92482,-87.7145,Kedzie Ave & Milwaukee Ave,41.929,-87.70803
CHI00413,CHI00281,257,187,8.5,Clark St & Lincoln Ave,41.91569,-87.6346,Clark St & Elm St,41.90297,-87.63132
CHI00259,CHI02022,257,180,8.1,Elston Ave & Cortland St,41.91643,-87.66675,Bissell St & Armitage Ave*,41.9183,-87.65218
CHI00511,CHI00583,257,214,6.7,Lake Park Ave & 56th St,41.79161,-87.58748,Ellis Ave & 55th St,41.7943,-87.60145
TA1309000037,KA1503000052,257,226,3.3,Kimbark Ave & 53rd St,41.79946,-87.59478,Ellis Ave & 53rd St,41.79934,-87.60096
CHI00360,CHI01163,257,41,22.8,Adler Planetarium,41.8661,-87.60727,Michigan Ave & 8th St,41.87277,-87.62398
KA1503000014,TA1309000037,256,186,10.4,Ellis Ave & 60th St,41.7851,-87.60107,Kimbark Ave & 53rd St,41.79946,-87.59478
CHI00515,CHI00238,256,240,7.1,Ashland Ave & 13th St,41.86523,-87.66651,Loomis St & Lexington St,41.87223,-87.66136
TA1305000032,TA1306000003,256,221,4.8,Clinton St & Madison St,41.88274,-87.64119,Desplaines St & Kinzie St,41.88871,-87.64445
CHI01787,CHI01677,256,220,6.2,Wacker Dr & Washington St,41.88315,-87.63724,Michigan Ave & Washington St,41.88398,-87.62468
CHI00517,CHI00509,256,184,4.7,Desplaines St & Kinzie St,41.88871,-87.64445,Clinton St & Washington Blvd,41.88338,-87.64118
CHI00298,CHI00420,256,127,36.5,Lakefront Trail & Bryn Mawr Ave,41.98404,-87.65228,Theater on the Lake,41.92628,-87.63084
CHI00494,CHI00494,256,145,29.2,Lincoln Ave & Fullerton Ave,41.92416,-87.64638,Lincoln Ave & Fullerton Ave,41.92416,-87.64638
CHI01745,CHI00299,256,212,5.6,Franklin St & Chicago Ave,41.89679,-87.63564,Kingsbury St & Kinzie St,41.88917,-87.63849
TA1305000002,SL-012,256,188,4.9,Wabash Ave & Roosevelt Rd,41.86723,-87.62596,Wabash Ave & 16th St,41.86039,-87.62581
CHI00354,CHI00390,256,176,8.7,Pine Grove Ave & Waveland Ave,41.94946,-87.64645,Broadway & Barry Ave,41.93758,-87.6441
CHI00310,CHI00304,256,166,4.7,Sheffield Ave & Waveland Ave,41.94939,-87.65453,Sheridan Rd & Irving Park Rd,41.95425,-87.65441
CHI01747,CHI00469,255,113,26.1,Navy Pier,41.89228,-87.61204,Lakeview Ave & Fullerton Pkwy,41.92587,-87.63897
CHI00525,CHI00469,255,107,15.1,DuSable Lake Shore Dr & North Blvd,41.91172,-87.6268,Lakeview Ave & Fullerton Pkwy,41.92587,-87.63897
CHI00358,CHI00279,255,141,8.6,LaSalle St & Illinois St,41.89076,-87.6317,New St & Illinois St,41.89084,-87.61862
CHI00418,CHI00281,255,204,6.6,Mies van der Rohe Way & Chestnut St,41.89859,-87.62192,Clark St & Elm St,41.90297,-87.63132
CHI00390,CHI00496,255,171,6.8,Broadway & Barry Ave,41.93758,-87.6441,Broadway & Waveland Ave,41.94907,-87.64863
623,13008,255,82,15.1,Michigan Ave & 8th St,41.87277,-87.62398,Millennium Park,41.88103,-87.62408
CHI01996,CHI00559,255,180,9.6,Woodlawn Ave & 58th St,41.78938,-87.59648,Lake Park Ave & 53rd St,41.79949,-87.58645
CHI00238,CHI00406,255,170,6.6,Loomis St & Lexington St,41.87223,-87.66136,Aberdeen St & Jackson Blvd,41.87773,-87.65479
15544,KA1503000064,255,23,25.5,Shedd Aquarium,41.86723,-87.61536,Dusable Harbor,41.88698,-87.61281
CHI00450,CHI01749,255,136,12.3,Indiana Ave & Roosevelt Rd,41.86789,-87.62304,Field Museum,41.86531,-87.61788
CHI00299,CHI00447,255,235,5.7,Kingsbury St & Kinzie St,41.88917,-87.63849,LaSalle St & Jackson Blvd,41.87816,-87.63193
CHI00463,CHI00508,254,183,4.0,Paulina St & Montrose Ave,41.96151,-87.67139,Ravenswood Ave & Lawrence Ave,41.96845,-87.67423
CHI00427,CHI00290,254,109,14.1,Montrose Harbor,41.96398,-87.63818,Sheridan Rd & Montrose Ave,41.96166,-87.65464
638,TA1305000032,254,202,3.3,Clinton St & Jackson Blvd,41.87823,-87.64093,Clinton St & Madison St,41.88274,-87.64119
CHI00462,CHI01772,254,223,7.1,Clark St & Schiller St,41.90799,-87.6315,State St & Chicago Ave,41.89662,-87.62858
CHI01091,CHI00402,254,172,4.8,Clinton St & Jackson Blvd,41.87832,-87.64099,Peoria St & Jackson Blvd,41.87765,-87.64962
CHI00481,CHI00304,254,169,3.8,Southport Ave & Irving Park Rd,41.95418,-87.66436,Sheridan Rd & Irving Park Rd,41.95425,-87.65441
CHI01091,CHI00245,254,223,15.2,Clinton St & Jackson Blvd,41.87832,-87.64099,Larrabee St & Kingsbury St,41.89776,-87.64289
CHI02025,CHI00450,254,137,28.3,Buckingham Fountain,41.86996,-87.62378,Indiana Ave & Roosevelt Rd,41.86789,-87.62304
CHI00360,CHI00531,254,53,24.7,Adler Planetarium,41.8661,-87.60727,Dusable Harbor,41.88698,-87.61281
CHI00279,CHI00313,254,116,26.2,New St & Illinois St,41.89084,-87.61862,Wabash Ave & Grand Ave,41.89146,-87.62676
CHI01747,CHI00354,254,101,35.1,Navy Pier,41.89228,-87.61204,Pine Grove Ave & Waveland Ave,41.94946,-87.64645
CHI00498,CHI00299,254,209,4.5,Canal St & Madison St,41.8824,-87.63976,Kingsbury St & Kinzie St,41.88917,-87.63849
CHI00241,CHI01772,254,202,6.3,Sedgwick St & Huron St,41.89466,-87.63843,State St & Chicago Ave,41.89662,-87.62858
CHI00454,CHI00396,254,145,9.9,Larrabee St & Webster Ave,41.92182,-87.64414,Wells St & Concord Ln,41.91213,-87.63466
CHI00347,CHI00347,254,151,18.2,Green St & Madison St,41.88186,-87.64926,Green St & Madison St,41.88186,-87.64926
CHI00427,CHI00525,254,79,34.2,Montrose Harbor,41.96398,-87.63818,DuSable Lake Shore Dr & North Blvd,41.91172,-87.6268
CHI00353,CHI00390,254,180,5.9,Wilton Ave & Belmont Ave,41.94023,-87.65294,Broadway & Barry Ave,41.93758,-87.6441
CHI00604,CHI01775,254,188,9.0,Wabash Ave & 16th St,41.86039,-87.62581,Federal St & Polk St,41.87208,-87.62955
CHI00383,CHI00345,254,158,11.5,Field Blvd & South Water St,41.88635,-87.61752,Columbus Dr & Randolph St,41.88472,-87.61952
CHI00563,CHI01983,253,152,7.7,Broadway & Granville Ave,41.99478,-87.66028,Peterson/Ridge Metra,41.9918,-87.67489
CHI00419,CHI00252,253,151,13.9,McClurg Ct & Erie St,41.8945,-87.61786,Michigan Ave & Oak St,41.90096,-87.62378
CHI00460,CHI01806,253,207,6.0,Ellis Ave & 58th St,41.78875,-87.60133,Blackstone Ave & 59th St,41.78788,-87.59046
TA1306000029,TA1306000029,253,99,43.0,McClurg Ct & Ohio St,41.8926,-87.61729,McClurg Ct & Ohio St,41.8926,-87.61729
CHI00509,CHI00509,253,184,7.3,Clinton St & Washington Blvd,41.88338,-87.64118,Clinton St & Washington Blvd,41.88338,-87.64118
CHI01749,CHI00524,253,116,10.5,Field Museum,41.86531,-87.61788,Wabash Ave & Roosevelt Rd,41.86723,-87.62596
CHI00313,CHI00279,253,154,13.8,Wabash Ave & Grand Ave,41.89146,-87.62676,New St & Illinois St,41.89084,-87.61862
CHI00450,CHI01775,253,221,8.3,Indiana Ave & Roosevelt Rd,41.86789,-87.62304,Federal St & Polk St,41.87208,-87.62955
CHI00245,CHI00575,253,185,3.6,Larrabee St & Kingsbury St,41.89776,-87.64289,Larrabee St & Division St,41.90349,-87.64335
CHI01772,CHI00544,253,218,8.5,State St & Chicago Ave,41.89662,-87.62858,Ritchie Ct & Banks St,41.90686,-87.62622
13050,WL-012,252,216,7.7,State St & Kinzie St,41.88936,-87.62708,Clinton St & Washington Blvd,41.88338,-87.64118
CHI02043,CHI00737,252,138,19.2,Chicago Ave & Sheridan Rd,42.05049,-87.67782,Benson Ave & Church St,42.04821,-87.68348
CHI01091,CHI00359,252,197,6.6,Clinton St & Jackson Blvd,41.87832,-87.64099,Halsted St & Polk St,41.87184,-87.64664
CHI00558,CHI00531,252,160,37.1,Burnham Harbor,41.85741,-87.61379,Dusable Harbor,41.88698,-87.61281
CHI00508,CHI00391,252,172,6.3,Ravenswood Ave & Lawrence Ave,41.96845,-87.67423,Winthrop Ave & Lawrence Ave,41.96881,-87.65766
CHI00377,CHI00496,252,199,7.4,Clark St & Wellington Ave,41.9365,-87.64754,Broadway & Waveland Ave,41.94907,-87.64863
CHI00385,CHI00469,252,223,8.5,Clark St & Drummond Pl,41.93125,-87.64433,Lakeview Ave & Fullerton Pkwy,41.92587,-87.63897
CHI00299,CHI00279,252,191,9.0,Kingsbury St & Kinzie St,41.88917,-87.63849,New St & Illinois St,41.89084,-87.61862
CHI01742,CHI00345,252,164,12.2,Millennium Park,41.88103,-87.62408,Columbus Dr & Randolph St,41.88472,-87.61952
CHI01772,CHI00367,252,152,7.7,State St & Chicago Ave,41.89662,-87.62858,Orleans St & Merchandise Mart Plaza,41.88824,-87.6364
CHI01209,CHI00427,252,125,30.5,Lakefront Trail & Wilson Ave,41.96686,-87.64309,Montrose Harbor,41.96398,-87.63818
TA1308000001,13042,251,108,20.2,Theater on the Lake,41.92628,-87.63084,Michigan Ave & Oak St,41.90096,-87.62378
CHI00225,CHI00225,251,129,18.0,Sheffield Ave & Fullerton Ave,41.92562,-87.65366,Sheffield Ave & Fullerton Ave,41.92562,-87.65366
CHI00455,CHI00476,251,222,4.1,Clarendon Ave & Gordon Ter,41.95787,-87.6495,Broadway & Sheridan Rd,41.95283,-87.64999
CHI00345,CHI01743,251,203,10.9,Columbus Dr & Randolph St,41.88472,-87.61952,Canal St & Adams St,41.87926,-87.63991
CHI00393,CHI00332,251,146,8.5,Wells St & Evergreen Ave,41.90672,-87.63484,Wells St & Hubbard St,41.88991,-87.63427
CHI00420,CHI00330,251,127,28.5,Theater on the Lake,41.92628,-87.63084,McClurg Ct & Ohio St,41.8926,-87.61729
CHI00619,CHI00316,250,110,4.8,Damen Ave & Lake St,41.88496,-87.67684,Damen Ave & Chicago Ave,41.89569,-87.67713
CHI00645,CHI00622,250,154,11.8,Albany Ave & Bloomingdale Ave,41.91402,-87.70513,Milwaukee Ave & The 606,41.91376,-87.68267
CHI01163,CHI00553,250,62,17.6,Michigan Ave & 8th St,41.87277,-87.62398,Michigan Ave & Lake St,41.88602,-87.6244
13277,TA1307000134,249,217,5.0,Broadway & Belmont Ave,41.94011,-87.64545,Wilton Ave & Belmont Ave,41.94023,-87.65294
CHI00238,CHI01748,249,135,10.5,Loomis St & Lexington St,41.87223,-87.66136,900 W Harrison St,41.87475,-87.64981
CHI00509,CHI00540,249,159,11.6,Clinton St & Washington Blvd,41.88338,-87.64118,Wells St & Elm St,41.90322,-87.63434
CHI00327,CHI00327,249,178,18.0,Burling St & Diversey Pkwy,41.93314,-87.64776,Burling St & Diversey Pkwy,41.93314,-87.64776
CHI01913,CHI00551,249,204,7.0,University Ave & 59th St,41.78788,-87.59891,University Ave & 57th St,41.79148,-87.59986
CHI00437,CHI00372,249,177,5.7,Halsted St & Maxwell St,41.86488,-87.64707,Morgan St & Polk St,41.87174,-87.65103
623,TA1309000002,248,189,5.8,Michigan Ave & 8th St,41.87277,-87.62398,Michigan Ave & Jackson Blvd,41.87777,-87.62416
CHI00509,CHI00447,247,237,13.3,Clinton St & Washington Blvd,41.88338,-87.64118,LaSalle St & Jackson Blvd,41.87816,-87.63193
TA1309000002,SL-005,247,182,7.8,Michigan Ave & Jackson Blvd,41.87777,-87.62416,Indiana Ave & Roosevelt Rd,41.86789,-87.62304
CHI00299,CHI00288,247,171,6.6,Kingsbury St & Kinzie St,41.88917,-87.63849,State St & Kinzie St,41.88937,-87.62708
CHI00496,CHI00390,247,168,6.5,Broadway & Waveland Ave,41.94907,-87.64863,Broadway & Barry Ave,41.93758,-87.6441
CHI02021,CHI00607,247,121,9.1,Wentworth Ave & Cermak Rd*,41.85321,-87.63187,McCormick Place,41.85138,-87.61884
CHI00450,CHI00531,247,102,21.5,Indiana Ave & Roosevelt Rd,41.86789,-87.62304,Dusable Harbor,41.88698,-87.61281
CHI00372,CHI00322,247,203,5.1,Morgan St & Polk St,41.87174,-87.65103,May St & Taylor St,41.86939,-87.65537
CHI00498,CHI01772,246,200,10.8,Canal St & Madison St,41.8824,-87.63976,State St & Chicago Ave,41.89662,-87.62858
CHI00225,CHI00465,246,195,10.2,Sheffield Ave & Fullerton Ave,41.92562,-87.65366,Sheffield Ave & Wrightwood Ave,41.92871,-87.65383
CHI00604,CHI00604,246,113,33.8,Wabash Ave & 16th St,41.86039,-87.62581,Wabash Ave & 16th St,41.86039,-87.62581
CHI00556,CHI00519,246,195,5.2,Shields Ave & 31st St,41.83846,-87.63541,Wentworth Ave & 33rd St,41.83453,-87.63182
CHI00469,CHI00420,246,120,19.4,Lakeview Ave & Fullerton Pkwy,41.92587,-87.63897,Theater on the Lake,41.92628,-87.63084
CHI00522,CHI00525,246,81,18.0,Stockton Dr & Wrightwood Ave,41.93132,-87.63874,DuSable Lake Shore Dr & North Blvd,41.91172,-87.6268
CHI00525,CHI00427,246,106,36.5,DuSable Lake Shore Dr & North Blvd,41.91172,-87.6268,Montrose Harbor,41.96398,-87.63818
CHI00525,CHI00444,246,157,16.9,DuSable Lake Shore Dr & North Blvd,41.91172,-87.6268,Clark St & North Ave,41.91197,-87.63194
CHI01743,CHI00406,246,177,6.1,Canal St & Adams St,41.87926,-87.63991,Aberdeen St & Jackson Blvd,41.87773,-87.65479
