station_id,name,lat,lng,starts,starts_member,ends,ends_member,net,member_share
CHI01747,Navy Pier,41.89228,-87.61204,53982,11296,53592.0,9869.0,-390.0,0.209
CHI00374,DuSable Lake Shore Dr & Monroe St,41.88096,-87.61674,31030,6500,29843.0,6902.0,-1187.0,0.209
CHI00252,Michigan Ave & Oak St,41.90096,-87.62378,28414,9756,28044.0,9311.0,-370.0,0.343
CHI00525,DuSable Lake Shore Dr & North Blvd,41.91172,-87.6268,28025,11641,28757.0,10496.0,732.0,0.415
CHI00299,Kingsbury St & Kinzie St,41.88917,-87.63849,27814,20907,27424.0,21004.0,-390.0,0.752
CHI00420,Theater on the Lake,41.92628,-87.63084,22542,9289,23083.0,8766.0,541.0,0.412
CHI01742,Millennium Park,41.88103,-87.62408,21028,6124,20997.0,5507.0,-31.0,0.291
CHI00281,Clark St & Elm St,41.90297,-87.63132,21000,13941,20703.0,14455.0,-297.0,0.664
CHI00509,Clinton St & Washington Blvd,41.88338,-87.64118,20490,16924,20315.0,16298.0,-175.0,0.826
CHI00396,Wells St & Concord Ln,41.91213,-87.63466,20210,13118,20185.0,13197.0,-25.0,0.649
CHI00498,Canal St & Madison St,41.8824,-87.63976,19675,14446,19445.0,14189.0,-230.0,0.734
CHI00233,Clinton St & Madison St,41.88274,-87.64119,19661,14552,19520.0,14775.0,-141.0,0.74
CHI00540,Wells St & Elm St,41.90322,-87.63434,19046,13097,18745.0,12906.0,-301.0,0.688
CHI00294,Wells St & Huron St,41.89479,-87.63438,18816,12916,17406.0,12281.0,-1410.0,0.686
CHI01772,State St & Chicago Ave,41.89662,-87.62858,18711,13291,18646.0,13530.0,-65.0,0.71
CHI00474,Clark St & Armitage Ave,41.91831,-87.63628,18164,10762,18177.0,10883.0,13.0,0.592
CHI00413,Clark St & Lincoln Ave,41.91569,-87.6346,17964,10329,18040.0,10269.0,76.0,0.575
CHI00330,McClurg Ct & Ohio St,41.8926,-87.61729,16570,10164,16324.0,9809.0,-246.0,0.613
CHI00531,Dusable Harbor,41.88698,-87.61281,16255,4332,15794.0,5385.0,-461.0,0.267
CHI00313,Wabash Ave & Grand Ave,41.89146,-87.62676,16248,8980,15851.0,8335.0,-397.0,0.553
CHI00345,Columbus Dr & Randolph St,41.88472,-87.61952,16149,9804,14566.0,9610.0,-1583.0,0.607
CHI00295,Dearborn St & Erie St,41.894,-87.62932,16018,10203,16008.0,9770.0,-10.0,0.637
CHI01677,Michigan Ave & Washington St,41.88398,-87.62468,15814,8483,15643.0,7889.0,-171.0,0.536
CHI00332,Wells St & Hubbard St,41.88991,-87.63427,15808,10215,15017.0,10351.0,-791.0,0.646
CHI00279,New St & Illinois St,41.89084,-87.61862,15771,8560,15097.0,8711.0,-674.0,0.543
CHI01091,Clinton St & Jackson Blvd,41.87832,-87.64099,15769,11901,15714.0,11623.0,-55.0,0.755
CHI00306,Dearborn Pkwy & Delaware Pl,41.89897,-87.62991,15533,10192,15542.0,10117.0,9.0,0.656
CHI00533,Shedd Aquarium,41.86723,-87.61536,15385,2640,14675.0,3339.0,-710.0,0.172
CHI00450,Indiana Ave & Roosevelt Rd,41.86789,-87.62304,15350,8340,14590.0,7901.0,-760.0,0.543
CHI00353,Wilton Ave & Belmont Ave,41.94023,-87.65294,15332,9907,15481.0,10220.0,149.0,0.646
CHI00517,Desplaines St & Kinzie St,41.88871,-87.64445,15203,10676,13949.0,9932.0,-1254.0,0.702
CHI00358,LaSalle St & Illinois St,41.89076,-87.6317,14817,8604,14115.0,8051.0,-702.0,0.581
CHI00430,Broadway & Cornelia Ave,41.94553,-87.64644,14759,9722,14719.0,10106.0,-40.0,0.659
CHI00427,Montrose Harbor,41.96398,-87.63818,14676,5897,14752.0,6146.0,76.0,0.402
CHI00493,DuSable Lake Shore Dr & Diversey Pkwy,41.93259,-87.63643,14654,8160,15057.0,8399.0,403.0,0.557
CHI01743,Canal St & Adams St,41.87926,-87.63991,14570,11053,14194.0,10899.0,-376.0,0.759
CHI00367,Orleans St & Merchandise Mart Plaza,41.88824,-87.6364,14357,10006,14011.0,10267.0,-346.0,0.697
CHI02028,Kingsbury St & Erie St,41.89391,-87.64174,14296,10800,13716.0,10680.0,-580.0,0.755
CHI00553,Michigan Ave & Lake St,41.88602,-87.6244,13899,7414,13548.0,7158.0,-351.0,0.533
CHI00245,Larrabee St & Kingsbury St,41.89776,-87.64289,13880,10629,13197.0,10390.0,-683.0,0.766
CHI00496,Broadway & Waveland Ave,41.94907,-87.64863,13591,9410,13639.0,9601.0,48.0,0.692
CHI01163,Michigan Ave & 8th St,41.87277,-87.62398,13435,4454,12374.0,4513.0,-1061.0,0.332
KA1503000043,Kingsbury St & Kinzie St,41.88918,-87.63851,13417,10840,13208.0,10899.0,-209.0,0.808
CHI00480,DuSable Lake Shore Dr & Belmont Ave,41.94077,-87.63919,13091,7010,13166.0,7134.0,75.0,0.535
CHI00390,Broadway & Barry Ave,41.93758,-87.6441,13061,8474,13355.0,8762.0,294.0,0.649
CHI01746,Clinton St & Lake St,41.88563,-87.64182,12793,9644,12355.0,9415.0,-438.0,0.754
CHI00524,Wabash Ave & Roosevelt Rd,41.86723,-87.62596,12769,8240,12897.0,8497.0,128.0,0.645
CHI00287,Clark St & Wrightwood Ave,41.92955,-87.64312,12644,8443,12672.0,8566.0,28.0,0.668
CHI00347,Green St & Madison St,41.88186,-87.64926,12492,8641,12699.0,8778.0,207.0,0.692
CHI00253,Daley Center Plaza,41.88424,-87.62963,12469,8772,12324.0,9511.0,-145.0,0.704
CHI00508,Ravenswood Ave & Lawrence Ave,41.96845,-87.67423,12353,9195,12240.0,9005.0,-113.0,0.744
CHI00336,Southport Ave & Waveland Ave,41.94822,-87.66407,12353,8384,12429.0,8270.0,76.0,0.679
CHI00354,Pine Grove Ave & Waveland Ave,41.94946,-87.64645,12350,8013,12353.0,8144.0,3.0,0.649
CHI01161,Halsted St & Clybourn Ave,41.90966,-87.64813,12239,8383,12135.0,8452.0,-104.0,0.685
CHI00255,DuSable Lake Shore Dr & Wellington Ave,41.93669,-87.63683,12175,7016,12226.0,7015.0,51.0,0.576
CHI00605,Fairbanks Ct & Grand Ave,41.89185,-87.62058,12173,7118,11709.0,6421.0,-464.0,0.585
CHI01744,St. Clair St & Erie St,41.89435,-87.6228,12134,7555,14081.0,8785.0,1947.0,0.623
CHI00494,Lincoln Ave & Fullerton Ave,41.92416,-87.64638,11994,8437,12116.0,8456.0,122.0,0.703
CHI01775,Federal St & Polk St,41.87208,-87.62955,11708,8098,11499.0,8112.0,-209.0,0.692
CHI00225,Sheffield Ave & Fullerton Ave,41.92562,-87.65366,11593,7719,11284.0,7565.0,-309.0,0.666
CHI00551,University Ave & 57th St,41.79148,-87.59986,11589,8634,11370.0,8605.0,-219.0,0.745
CHI00469,Lakeview Ave & Fullerton Pkwy,41.92587,-87.63897,11316,6920,11427.0,6993.0,111.0,0.612
13022,Streeter Dr & Grand Ave,41.89228,-87.61204,11278,2835,11275.0,2345.0,-3.0,0.251
CHI00761,Clark St & Lake St,41.88602,-87.63088,11247,7572,10483.0,7181.0,-764.0,0.673
CHI00674,Clark St & Newport St,41.94454,-87.65468,11233,6362,11894.0,6992.0,661.0,0.566
CHI00462,Clark St & Schiller St,41.90799,-87.6315,11231,7337,10807.0,6975.0,-424.0,0.653
CHI01880,Halsted St & Fulton St,41.88687,-87.64809,11216,7389,11371.0,7068.0,155.0,0.659
CHI00583,Ellis Ave & 55th St,41.7943,-87.60145,11132,8419,10940.0,8470.0,-192.0,0.756
CHI00454,Larrabee St & Webster Ave,41.92182,-87.64414,11099,6773,11272.0,7099.0,173.0,0.61
CHI02050,Franklin St & Jackson Blvd,41.87771,-87.63533,10793,6782,10211.0,6870.0,-582.0,0.628
CHI00360,Adler Planetarium,41.8661,-87.60727,10752,2781,9945.0,2902.0,-807.0,0.259
CHI00234,Southport Ave & Roscoe St,41.94374,-87.66402,10735,6847,10810.0,7075.0,75.0,0.638
CHI00393,Wells St & Evergreen Ave,41.90672,-87.63484,10673,6422,10306.0,6172.0,-367.0,0.602
CHI00418,Mies van der Rohe Way & Chestnut St,41.89859,-87.62192,10524,6272,10567.0,6163.0,43.0,0.596
CHI00385,Clark St & Drummond Pl,41.93125,-87.64433,10501,7339,11074.0,7790.0,573.0,0.699
CHI00244,Ashland Ave & Division St,41.90323,-87.66945,10497,7389,10836.0,7898.0,339.0,0.704
CHI00473,Halsted St & Roscoe St,41.94367,-87.64895,10398,6537,10371.0,6520.0,-27.0,0.629
CHI00405,Dearborn St & Monroe St,41.88135,-87.62953,10375,7154,10848.0,7574.0,473.0,0.69
CHI00537,Rush St & Cedar St,41.90231,-87.6277,10375,6722,10277.0,6440.0,-98.0,0.648
CHI00304,Sheridan Rd & Irving Park Rd,41.95425,-87.65441,10273,6786,9991.0,6979.0,-282.0,0.661
CHI00449,Franklin St & Monroe St,41.88032,-87.63519,10203,8001,11868.0,9768.0,1665.0,0.784
CHI00241,Sedgwick St & Huron St,41.89466,-87.63843,10162,7624,9401.0,6945.0,-761.0,0.75
CHI00482,Pine Grove Ave & Irving Park Rd,41.95437,-87.64794,10149,6853,9999.0,6729.0,-150.0,0.675
WL-012,Clinton St & Washington Blvd,41.88338,-87.64118,10149,8638,10274.0,8572.0,125.0,0.851
CHI00504,Halsted St & Wrightwood Ave,41.92914,-87.64908,10099,6393,10068.0,6650.0,-31.0,0.633
CHI00465,Sheffield Ave & Wrightwood Ave,41.92871,-87.65383,9970,6007,9789.0,6054.0,-181.0,0.603
CHI00260,Wells St & Walton St,41.89993,-87.63443,9938,6577,9345.0,6579.0,-593.0,0.662
CHI00476,Broadway & Sheridan Rd,41.95283,-87.64999,9925,6878,9820.0,7051.0,-105.0,0.693
CHI00406,Aberdeen St & Jackson Blvd,41.87773,-87.65479,9908,6943,9216.0,6548.0,-692.0,0.701
CHI00383,Field Blvd & South Water St,41.88635,-87.61752,9811,5672,9390.0,5554.0,-421.0,0.578
CHI00648,Franklin St & Illinois St,41.89102,-87.63548,9724,6303,9419.0,6196.0,-305.0,0.648
CHI00419,McClurg Ct & Erie St,41.8945,-87.61786,9701,6316,9515.0,6635.0,-186.0,0.651
CHI00239,Broadway & Belmont Ave,41.94011,-87.64545,9654,6161,9887.0,6547.0,233.0,0.638
CHI00626,Lincoln Park Conservatory,41.92394,-87.63583,9590,4162,9945.0,4314.0,355.0,0.434
CHI00483,Cityfront Plaza Dr & Pioneer Ct,41.89057,-87.62207,9584,5201,8162.0,4535.0,-1422.0,0.543
KA1503000071,University Ave & 57th St,41.79148,-87.59986,9578,7641,9578.0,7601.0,0.0,0.798
CHI01750,Milwaukee Ave & Grand Ave,41.89158,-87.64838,9562,6056,8689.0,5689.0,-873.0,0.633
CHI00455,Clarendon Ave & Gordon Ter,41.95787,-87.6495,9559,6749,9538.0,6715.0,-21.0,0.706
CHI00495,Clark St & Winnemac Ave,41.97335,-87.66785,9538,6198,9572.0,6305.0,34.0,0.65
CHI00298,Lakefront Trail & Bryn Mawr Ave,41.98404,-87.65228,9538,4817,10061.0,5296.0,523.0,0.505
CHI00288,State St & Kinzie St,41.88937,-87.62708,9522,5868,9386.0,5620.0,-136.0,0.616
13341,Canal St & Madison St,41.8824,-87.63976,9494,7570,9856.0,7910.0,362.0,0.797
CHI01745,Franklin St & Chicago Ave,41.89679,-87.63564,9493,6310,8502.0,6143.0,-991.0,0.665
CHI02025,Buckingham Fountain,41.86996,-87.62378,9488,3623,8501.0,3672.0,-987.0,0.382
CHI00251,State St & Randolph St,41.88462,-87.62784,9467,5622,8986.0,4976.0,-481.0,0.594
CHI01749,Field Museum,41.86531,-87.61788,9455,1676,7879.0,1932.0,-1576.0,0.177
CHI00274,Sheffield Ave & Wellington Ave,41.93625,-87.65266,9441,6142,9496.0,6156.0,55.0,0.651
CHI00448,Wabash Ave & 9th St,41.87077,-87.62574,9432,5785,8949.0,5583.0,-483.0,0.613
CHI00368,Rush St & Superior St,41.89576,-87.62593,9381,5917,9160.0,5586.0,-221.0,0.631
CHI00765,Ellis Ave & 60th St,41.7851,-87.60107,9336,6923,9356.0,6988.0,20.0,0.742
CHI00310,Sheffield Ave & Waveland Ave,41.94939,-87.65453,9335,4979,9782.0,5505.0,447.0,0.533
CHI00402,Peoria St & Jackson Blvd,41.87765,-87.64962,9314,6397,8950.0,6395.0,-364.0,0.687
TA1305000032,Clinton St & Madison St,41.88274,-87.64119,9306,7520,9641.0,7883.0,335.0,0.808
CHI00377,Clark St & Wellington Ave,41.9365,-87.64754,9256,5884,9309.0,6357.0,53.0,0.636
CHI00522,Stockton Dr & Wrightwood Ave,41.93132,-87.63874,9186,5755,9423.0,6047.0,237.0,0.626
CHI00290,Sheridan Rd & Montrose Ave,41.96166,-87.65464,9008,5963,8868.0,6185.0,-140.0,0.662
CHI00490,Kimbark Ave & 53rd St,41.79946,-87.59478,8989,6440,8857.0,6313.0,-132.0,0.716
CHI00470,Mies van der Rohe Way & Chicago Ave,41.89695,-87.62176,8962,5716,8934.0,5712.0,-28.0,0.638
CHI00507,Sheffield Ave & Webster Ave,41.92154,-87.65382,8923,5873,9372.0,6122.0,449.0,0.658
CHI02023,Sheffield Ave & Kingsbury St,41.91053,-87.65311,8900,6442,8767.0,6383.0,-133.0,0.724
TA1307000039,Clark St & Elm St,41.90311,-87.63199,8878,6901,8662.0,6872.0,-216.0,0.777
CHI00257,Sedgwick St & North Ave,41.911,-87.63853,8766,5673,8603.0,5626.0,-163.0,0.647
CHI00452,Michigan Ave & Jackson Blvd,41.87855,-87.62415,8760,3683,8556.0,3257.0,-204.0,0.42
CHI00238,Loomis St & Lexington St,41.87223,-87.66136,8754,6623,8393.0,6362.0,-361.0,0.757
CHI00447,LaSalle St & Jackson Blvd,41.87816,-87.63193,8739,6778,9635.0,7835.0,896.0,0.776
CHI00622,Milwaukee Ave & The 606,41.91376,-87.68267,8737,5857,8719.0,5992.0,-18.0,0.67
CHI00395,Clarendon Ave & Junior Ter,41.961,-87.6496,8726,5826,8656.0,5737.0,-70.0,0.668
CHI00376,Franklin St & Lake St,41.88584,-87.6355,8704,6185,8349.0,6138.0,-355.0,0.711
CHI00518,Desplaines St & Jackson Blvd,41.87812,-87.64395,8578,6054,8127.0,5998.0,-451.0,0.706
CHI00487,Sedgwick St & Webster Ave,41.92217,-87.63889,8516,5553,8481.0,5633.0,-35.0,0.652
13300,DuSable Lake Shore Dr & Monroe St,41.88096,-87.61674,8513,1801,8077.0,1890.0,-436.0,0.212
KA1503000014,Ellis Ave & 60th St,41.7851,-87.60107,8492,6837,8309.0,6887.0,-183.0,0.805
CHI00416,Wabash Ave & Wacker Pl,41.88687,-87.62603,8491,3977,7938.0,3370.0,-553.0,0.468
CHI02022,Bissell St & Armitage Ave*,41.9183,-87.65218,8272,5100,8693.0,5217.0,421.0,0.617
CHI00544,Ritchie Ct & Banks St,41.90686,-87.62622,8265,5244,8063.0,5243.0,-202.0,0.634
CHI00351,Clark St & Chicago Ave,41.89675,-87.63088,8216,5320,7857.0,5328.0,-359.0,0.648
CHI00226,Wilton Ave & Diversey Pkwy,41.93242,-87.65271,8149,5503,8498.0,5962.0,349.0,0.675
CHI00240,Dayton St & North Ave,41.91058,-87.64942,8124,5438,8086.0,5632.0,-38.0,0.669
CHI00521,Canal St & Jackson Blvd,41.87812,-87.63997,8033,6257,7755.0,6061.0,-278.0,0.779
CHI00259,Elston Ave & Cortland St,41.91643,-87.66675,8008,5586,7877.0,5449.0,-131.0,0.698
CHI00394,Shore Dr & 55th St,41.79521,-87.58072,7995,4814,7948.0,4838.0,-47.0,0.602
CHI00291,Halsted St & Dickens Ave,41.91994,-87.64883,7988,5073,8399.0,5188.0,411.0,0.635
CHI00342,Michigan Ave & 14th St,41.86406,-87.62373,7986,5162,7538.0,4868.0,-448.0,0.646
CHI00530,Clark St & Berwyn Ave,41.97803,-87.66828,7923,5121,8026.0,5061.0,103.0,0.646
CHI00236,Southport Ave & Wellington Ave,41.93577,-87.6636,7918,4770,7916.0,4955.0,-2.0,0.602
CHI00432,Stetson Ave & South Water St,41.88683,-87.62233,7916,4804,6842.0,4022.0,-1074.0,0.607
CHI00327,Burling St & Diversey Pkwy,41.93314,-87.64776,7885,5723,7981.0,5869.0,96.0,0.726
CHI00878,Morgan St & Lake St*,41.8855,-87.65229,7858,5192,8017.0,5413.0,159.0,0.661
CHI00444,Clark St & North Ave,41.91197,-87.63194,7821,4412,7994.0,4183.0,173.0,0.564
CHI02057,Damen Ave & Pierce Ave,41.90936,-87.67776,7796,4918,8058.0,4808.0,262.0,0.631
638,Clinton St & Jackson Blvd,41.87823,-87.64093,7752,6308,8005.0,6414.0,253.0,0.814
CHI00388,Damen Ave & Cortland St,41.91598,-87.67733,7743,4847,7709.0,4831.0,-34.0,0.626
CHI00266,Wells St & Randolph St,41.88429,-87.63396,7717,5097,8480.0,5434.0,763.0,0.66
CHI00606,Wells St & Polk St,41.87273,-87.63352,7711,5042,7224.0,4898.0,-487.0,0.654
KA1504000135,Wells St & Elm St,41.90322,-87.63434,7638,5796,7492.0,5626.0,-146.0,0.759
CHI00275,Ogden Ave & Chicago Ave,41.89636,-87.65406,7595,5270,7315.0,5075.0,-280.0,0.694
CHI00378,Kedzie Ave & Milwaukee Ave,41.92912,-87.70802,7587,4687,7634.0,4890.0,47.0,0.618
CHI00715,Aberdeen St & Randolph St,41.88411,-87.65427,7573,4958,7728.0,5192.0,155.0,0.655
CHI00411,Racine Ave & Belmont Ave,41.93974,-87.65887,7540,4617,7430.0,4760.0,-110.0,0.612
CHI00640,LaSalle Dr & Huron St,41.89487,-87.63233,7533,4597,7217.0,4147.0,-316.0,0.61
21544,State St & Chicago Ave,41.89662,-87.62858,7500,5836,7504.0,5993.0,4.0,0.778
CHI00575,Larrabee St & Division St,41.90349,-87.64335,7462,4769,6790.0,4661.0,-672.0,0.639
CHI00307,California Ave & Milwaukee Ave,41.92269,-87.69715,7445,4769,7375.0,4692.0,-70.0,0.641
CHI00316,Damen Ave & Chicago Ave,41.89569,-87.67713,7436,5045,7722.0,5346.0,286.0,0.678
CHI00301,Clark St & Grace St,41.95078,-87.65917,7432,3972,7479.0,4311.0,47.0,0.534
CHI00285,Lincoln Ave & Diversey Pkwy,41.93222,-87.65862,7333,4890,7407.0,4988.0,74.0,0.667
CHI00329,Wood St & Milwaukee Ave,41.90766,-87.67255,7268,4975,7488.0,5025.0,220.0,0.685
TA1308000050,Wells St & Concord Ln,41.91213,-87.63466,7249,5263,7350.0,5309.0,101.0,0.726
13011,Canal St & Adams St,41.87926,-87.63991,7157,5854,7277.0,5911.0,120.0,0.818
CHI00372,Morgan St & Polk St,41.87174,-87.65103,7146,5663,6745.0,5280.0,-401.0,0.792
CHI00558,Burnham Harbor,41.85741,-87.61379,7111,3605,6691.0,3272.0,-420.0,0.507
CHI00421,Clifton Ave & Armitage Ave,41.91822,-87.65694,7027,4826,7315.0,5213.0,288.0,0.687
TA1306000009,Larrabee St & Kingsbury St,41.89776,-87.64289,6991,5763,6471.0,5441.0,-520.0,0.824
CHI00398,Canal St & Monroe St,41.88291,-87.63974,6974,5307,6652.0,5227.0,-322.0,0.761
CHI00468,Sheridan Rd & Buena Ave,41.95849,-87.655,6936,4784,6834.0,4681.0,-102.0,0.69
CHI00555,Rush St & Hubbard St,41.89018,-87.62619,6934,4360,6668.0,4094.0,-266.0,0.629
CHI00438,Dearborn St & Adams St,41.87936,-87.62979,6878,4604,7233.0,4959.0,355.0,0.669
CHI02054,Sheffield Ave & Addison St ,41.94701,-87.65441,6866,3509,7339.0,3886.0,473.0,0.511
CHI00272,Broadway & Wilson Ave,41.96522,-87.65814,6793,4470,6766.0,4449.0,-27.0,0.658
CHI00477,Lincoln Ave & Melrose St,41.9406,-87.66944,6791,4857,6989.0,4957.0,198.0,0.715
CHI01903,Elizabeth St & Randolph St,41.88434,-87.65891,6739,4487,6714.0,4588.0,-25.0,0.666
CHI00269,Honore St & Division St,41.90312,-87.67393,6739,4429,7020.0,4604.0,281.0,0.657
CHI00359,Halsted St & Polk St,41.87184,-87.64664,6685,5108,6091.0,4768.0,-594.0,0.764
13042,Michigan Ave & Oak St,41.90096,-87.62378,6652,2945,6584.0,2817.0,-68.0,0.443
SL-005,Indiana Ave & Roosevelt Rd,41.86789,-87.62304,6540,4254,6378.0,4043.0,-162.0,0.65
CHI00781,Financial Pl & Ida B Wells Dr,41.87502,-87.63309,6529,4419,5993.0,4035.0,-536.0,0.677
CHI00254,Damen Ave & Wicker Park Ave,41.90881,-87.67719,6512,4268,7054.0,4550.0,542.0,0.655
CHI00273,Racine Ave & Fullerton Ave,41.92557,-87.65842,6512,4407,6697.0,4723.0,185.0,0.677
CHI00786,Wabash Ave & Adams St,41.87947,-87.62569,6432,3705,6229.0,3709.0,-203.0,0.576
CHI00750,Orleans St & Hubbard St,41.89002,-87.63662,6407,4627,5915.0,4138.0,-492.0,0.722
TA1306000010,Daley Center Plaza,41.88424,-87.62963,6395,5022,6494.0,5260.0,99.0,0.785
CHI00335,Southport Ave & Belmont Ave,41.93948,-87.66375,6373,4208,6332.0,4304.0,-41.0,0.66
TA1306000003,Desplaines St & Kinzie St,41.88871,-87.64445,6372,4875,5708.0,4421.0,-664.0,0.765
CHI01751,Michigan Ave & Pearson St,41.89766,-87.62351,6359,2898,6042.0,3062.0,-317.0,0.456
13008,Millennium Park,41.88103,-87.62408,6356,2257,6491.0,2083.0,135.0,0.355
TA1307000151,Wells St & Hubbard St,41.88991,-87.63427,6338,4704,6321.0,4896.0,-17.0,0.742
CHI00216,Clark St & Ida B Wells Dr,41.87593,-87.63059,6276,4046,5184.0,3608.0,-1092.0,0.645
CHI01988,Green St & Randolph St*,41.8836,-87.64863,6273,3809,6375.0,3979.0,102.0,0.607
CHI02039,Calumet Ave & 18th St,41.85762,-87.61941,6267,3497,6184.0,3744.0,-83.0,0.558
13045,Dearborn St & Erie St,41.894,-87.62932,6255,4719,6062.0,4487.0,-193.0,0.754
CHI01787,Wacker Dr & Washington St,41.88315,-87.63724,6242,4727,6435.0,5070.0,193.0,0.757
KA1504000076,Ellis Ave & 55th St,41.7943,-87.60145,6237,5000,6236.0,5100.0,-1.0,0.802
CHI00453,Franklin St & Adams St ,41.87943,-87.6355,6223,4313,6583.0,4259.0,360.0,0.693
TA1305000022,Orleans St & Merchandise Mart Plaza,41.88823,-87.63641,6220,4650,5928.0,4659.0,-292.0,0.748
13001,Michigan Ave & Washington St,41.88399,-87.62468,6171,4049,6178.0,3859.0,7.0,0.656
CHI00242,Sangamon St & Lake St,41.88578,-87.65103,6150,4040,6766.0,4489.0,616.0,0.657
CHI00407,Halsted St & Willow St,41.91387,-87.64876,6141,4171,6110.0,4220.0,-31.0,0.679
TA1307000117,Wabash Ave & Grand Ave,41.89146,-87.62676,6117,4247,6137.0,4045.0,20.0,0.694
CHI00339,Southport Ave & Wrightwood Ave,41.92876,-87.66391,6110,4041,6276.0,4093.0,166.0,0.661
CHI00286,Carpenter St & Huron St,41.89456,-87.65345,6066,4058,5827.0,3983.0,-239.0,0.669
CHI00264,Sheffield Ave & Willow St,41.91369,-87.65285,6062,4470,6142.0,4488.0,80.0,0.737
CHI00318,Damen Ave & Division St,41.90327,-87.67844,6017,3937,6008.0,4052.0,-9.0,0.654
CHI00243,Michigan Ave & 18th St,41.85793,-87.62434,6002,3377,5982.0,3304.0,-20.0,0.563
CHI00461,Clark St & Leland Ave,41.96709,-87.6673,5963,3762,5871.0,3798.0,-92.0,0.631
13265,Kingsbury St & Erie St,41.89391,-87.64174,5933,4710,5368.0,4248.0,-565.0,0.794
TA1307000128,Dearborn Pkwy & Delaware Pl,41.89897,-87.62991,5913,4396,5939.0,4472.0,26.0,0.743
CHI00322,May St & Taylor St,41.86939,-87.65537,5863,4250,5562.0,4074.0,-301.0,0.725
TA1307000134,Wilton Ave & Belmont Ave,41.94023,-87.65294,5845,4170,5862.0,4365.0,17.0,0.713
CHI00423,Woodlawn Ave & 55th St,41.79526,-87.59647,5839,3969,5575.0,4056.0,-264.0,0.68
CHI01837,Lincoln Ave & Roscoe St*,41.94335,-87.67067,5825,4239,5928.0,4269.0,103.0,0.728
CHI01915,Michigan Ave & Madison St,41.88213,-87.62513,5813,3131,5420.0,2980.0,-393.0,0.539
CHI01928,Wells St & Institute Pl,41.89738,-87.63442,5800,3851,5410.0,3675.0,-390.0,0.664
13021,Clinton St & Lake St,41.88563,-87.64183,5782,4618,5706.0,4669.0,-76.0,0.799
CHI00271,State St & Pearson St,41.89745,-87.62873,5780,3883,5348.0,3783.0,-432.0,0.672
CHI00246,State St & Van Buren St,41.87718,-87.62784,5775,3396,5073.0,3142.0,-702.0,0.588
CHI01209,Lakefront Trail & Wilson Ave,41.96686,-87.64309,5750,2342,5730.0,2287.0,-20.0,0.407
13146,Clark St & Armitage Ave,41.91831,-87.63628,5739,3795,5857.0,3813.0,118.0,0.661
LF-005,DuSable Lake Shore Dr & North Blvd,41.91172,-87.6268,5733,2727,5913.0,2527.0,180.0,0.476
CHI01774,State St & Harrison St,41.87405,-87.62772,5656,3258,5303.0,2948.0,-353.0,0.576
CHI00439,Sangamon St & Washington Blvd,41.88316,-87.6511,5645,3784,5778.0,4095.0,133.0,0.67
CHI00250,Michigan Ave & Ida B Wells Dr,41.87621,-87.62446,5637,2050,5269.0,1761.0,-368.0,0.364
TA1306000029,McClurg Ct & Ohio St,41.8926,-87.61729,5633,4169,5630.0,3941.0,-3.0,0.74
CHI01748,900 W Harrison St,41.87475,-87.64981,5633,3711,5012.0,3420.0,-621.0,0.659
CHI00604,Wabash Ave & 16th St,41.86039,-87.62581,5620,3752,5267.0,3500.0,-353.0,0.668
CHI00437,Halsted St & Maxwell St,41.86488,-87.64707,5610,3562,5799.0,3908.0,189.0,0.635
KA1503000012,Clark St & Lake St,41.88602,-87.63089,5598,4329,5383.0,4327.0,-215.0,0.773
CHI00441,Larrabee St & Armitage Ave,41.91808,-87.64375,5545,3476,5614.0,3474.0,69.0,0.627
13430,LaSalle St & Illinois St,41.89076,-87.6317,5522,3618,5397.0,3628.0,-125.0,0.655
CHI00270,Sheridan Rd & Argyle St,41.97329,-87.65476,5508,3525,5528.0,3643.0,20.0,0.64
CHI00321,Aberdeen St & Monroe St,41.88037,-87.65537,5497,3979,5222.0,3838.0,-275.0,0.724
TA1305000011,Michigan Ave & Lake St,41.88602,-87.6244,5464,3567,5400.0,3611.0,-64.0,0.653
CHI00232,Greenview Ave & Fullerton Ave,41.92533,-87.6658,5456,3629,5832.0,3886.0,376.0,0.665
CHI01251,Orleans St & Chestnut St (NEXT Apts),41.8982,-87.63754,5430,3504,4911.0,3232.0,-519.0,0.645
CHI00282,Western Ave & Winnebago Ave,41.91552,-87.68702,5419,3589,5410.0,3611.0,-9.0,0.662
CHI02056,Aberdeen St & Carroll Ave,41.88819,-87.65459,5373,3661,5103.0,3500.0,-270.0,0.681
13263,Columbus Dr & Randolph St,41.88472,-87.61952,5365,3803,4720.0,3435.0,-645.0,0.709
TA1305000006,Dearborn St & Monroe St,41.88131,-87.62952,5354,4014,5410.0,4190.0,56.0,0.75
CHI00562,Clark St & Montrose Ave,41.96159,-87.66604,5349,3469,5184.0,3551.0,-165.0,0.649
CHI00370,Desplaines St & Randolph St,41.8837,-87.64424,5346,3562,4750.0,3303.0,-596.0,0.666
TA1306000016,Sheffield Ave & Fullerton Ave,41.92562,-87.65366,5336,3933,5199.0,3936.0,-137.0,0.737
CHI00608,Clark St & Bryn Mawr Ave,41.98359,-87.66915,5328,3629,5430.0,3407.0,102.0,0.681
23003,Halsted St & Fulton St,41.88687,-87.64809,5325,3854,5210.0,3690.0,-115.0,0.724
CHI01996,Woodlawn Ave & 58th St,41.78938,-87.59648,5310,3776,5315.0,3799.0,5.0,0.711
CHI00607,McCormick Place,41.85138,-87.61884,5266,1280,4685.0,1229.0,-581.0,0.243
CHI00627,Paulina St & Flournoy St,41.87306,-87.66913,5261,3991,5115.0,3911.0,-146.0,0.759
CHI00229,Ogden Ave & Race Ave,41.89179,-87.65876,5257,3628,5324.0,3556.0,67.0,0.69
CHI00333,Ashland Ave & Blackhawk St,41.90707,-87.66725,5253,3429,5363.0,3730.0,110.0,0.653
TA1309000066,Ravenswood Ave & Lawrence Ave,41.96845,-87.67423,5249,4215,5233.0,4179.0,-16.0,0.803
CHI00501,Wolcott Ave & Polk St,41.87126,-87.67369,5217,4283,5106.0,4331.0,-111.0,0.821
CHI00617,Marine Dr & Ainslie St,41.9716,-87.65015,5214,3091,5170.0,3142.0,-44.0,0.593
TA1307000120,Green St & Madison St,41.88186,-87.64926,5212,4046,5377.0,4114.0,165.0,0.776
13179,Clark St & Lincoln Ave,41.91569,-87.6346,5199,3436,5332.0,3425.0,133.0,0.661
CHI00296,Damen Ave & Thomas St (Augusta Blvd),41.90132,-87.67741,5174,3526,5321.0,3651.0,147.0,0.681
CHI00481,Southport Ave & Irving Park Rd,41.95418,-87.66436,5136,3224,4997.0,3258.0,-139.0,0.628
CHI00414,Broadway & Berwyn Ave,41.97836,-87.65979,5109,3607,5208.0,3696.0,99.0,0.706
TA1306000013,New St & Illinois St,41.89084,-87.61862,5101,3435,5196.0,3531.0,95.0,0.673
CHI00457,Noble St & Milwaukee Ave,41.9007,-87.66261,5093,3614,5018.0,3617.0,-75.0,0.71
CHI00701,Larrabee St & Oak St,41.90029,-87.64257,5072,3808,4916.0,3637.0,-156.0,0.751
CHI00365,Clarendon Ave & Leland Ave,41.96797,-87.65,5072,3404,5058.0,3222.0,-14.0,0.671
CHI00563,Broadway & Granville Ave,41.99478,-87.66028,5068,3312,5127.0,3383.0,59.0,0.654
15544,Shedd Aquarium,41.86723,-87.61536,5060,989,4831.0,1331.0,-229.0,0.195
CHI01076,Dearborn St & Van Buren St,41.87627,-87.62916,5056,3131,4359.0,2722.0,-697.0,0.619
CHI00513,Jefferson St & Monroe St,41.88033,-87.64275,4993,3368,4157.0,2918.0,-836.0,0.675
13016,St. Clair St & Erie St,41.89435,-87.6228,4962,3769,5705.0,4314.0,743.0,0.76
TA1307000111,Franklin St & Lake St,41.88584,-87.6355,4953,3947,4753.0,3928.0,-200.0,0.797
CHI00278,Ada St & Washington Blvd,41.88283,-87.66121,4950,3537,4420.0,3220.0,-530.0,0.715
TA1305000002,Wabash Ave & Roosevelt Rd,41.86723,-87.62596,4946,3604,4925.0,3633.0,-21.0,0.729
TA1309000004,LaSalle St & Jackson Blvd,41.87816,-87.63193,4945,4201,5171.0,4471.0,226.0,0.85
CHI00379,Green St & Washington Blvd,41.88318,-87.64873,4941,3168,5038.0,3137.0,97.0,0.641
CHI01183,Wood St & Chicago Ave,41.89563,-87.67207,4936,3684,4960.0,3636.0,24.0,0.746
KA1503000064,Dusable Harbor,41.88698,-87.61281,4928,1279,4699.0,1364.0,-229.0,0.26
TA1305000025,Franklin St & Jackson Blvd,41.87771,-87.63533,4918,3621,4675.0,3636.0,-243.0,0.736
13325,Broadway & Waveland Ave,41.94907,-87.64863,4867,3785,4879.0,3889.0,12.0,0.778
CHI00349,Eckhart Park,41.89637,-87.66098,4851,3468,4830.0,3424.0,-21.0,0.715
CHI00612,Delano Ct & Roosevelt Rd,41.86749,-87.63219,4807,2850,4143.0,2544.0,-664.0,0.593
331,Halsted St & Clybourn Ave,41.90967,-87.64813,4801,3673,4784.0,3698.0,-17.0,0.765
CHI00338,Ashland Ave & Chicago Ave,41.89595,-87.66773,4790,3473,4857.0,3554.0,67.0,0.725
TA1309000007,Franklin St & Monroe St,41.88032,-87.63519,4787,3950,5281.0,4349.0,494.0,0.825
CHI00258,Paulina Ave & North Ave,41.90988,-87.66994,4763,3210,4761.0,3311.0,-2.0,0.674
13137,Broadway & Barry Ave,41.93759,-87.6441,4760,3575,4847.0,3545.0,87.0,0.751
CHI00559,Lake Park Ave & 53rd St,41.79949,-87.58645,4753,3188,4777.0,3191.0,24.0,0.671
13278,Broadway & Cornelia Ave,41.94553,-87.64644,4711,3501,4743.0,3583.0,32.0,0.743
CHI00460,Ellis Ave & 58th St,41.78875,-87.60133,4710,3766,4607.0,3621.0,-103.0,0.8
TA1308000001,Theater on the Lake,41.92628,-87.63084,4679,2265,4770.0,2088.0,91.0,0.484
CHI00571,Broadway & Thorndale Ave,41.98974,-87.66014,4658,3076,4731.0,3026.0,73.0,0.66
CHI00381,Damen Ave & Leland Ave,41.96708,-87.67908,4631,3217,4586.0,3219.0,-45.0,0.695
CHI01542,Clinton St & Tilden St,41.87588,-87.64079,4589,3254,4007.0,2924.0,-582.0,0.709
CHI00280,Elizabeth St & Fulton St,41.88676,-87.65933,4567,3260,4436.0,3323.0,-131.0,0.714
TA1305000014,Clark St & Wrightwood Ave,41.92955,-87.64312,4567,3377,4648.0,3424.0,81.0,0.739
CHI01806,Blackstone Ave & 59th St,41.78788,-87.59046,4560,3263,4423.0,3384.0,-137.0,0.716
CHI02021,Wentworth Ave & Cermak Rd*,41.85321,-87.63187,4550,2123,4936.0,2183.0,386.0,0.467
SL-008,Federal St & Polk St,41.87208,-87.62955,4536,3401,4498.0,3478.0,-38.0,0.75
CHI00737,Benson Ave & Church St,42.04821,-87.68348,4485,2678,4487.0,2623.0,2.0,0.597
CHI00511,Lake Park Ave & 56th St,41.79161,-87.58748,4483,3130,4391.0,3190.0,-92.0,0.698
CHI00716,Walsh Park,41.91461,-87.66797,4479,2721,4180.0,2710.0,-299.0,0.608
TA1309000037,Kimbark Ave & 53rd St,41.79946,-87.59478,4467,3457,4371.0,3352.0,-96.0,0.774
CHI02034,Cornell Ave & Hyde Park Blvd,41.80241,-87.58692,4462,2931,4385.0,2866.0,-77.0,0.657
13235,Southport Ave & Waveland Ave,41.94822,-87.66407,4458,3415,4488.0,3341.0,30.0,0.766
13061,Ashland Ave & Division St,41.90322,-87.6683,4450,3494,4564.0,3580.0,114.0,0.785
CHI00788,Wood St & Augusta Blvd,41.89918,-87.6722,4445,3334,4341.0,3200.0,-104.0,0.75
CHI00311,Broadway & Argyle St,41.97423,-87.65978,4443,2904,4550.0,3074.0,107.0,0.654
CHI00697,Fairbanks St & Superior St,41.89575,-87.62011,4416,2942,4387.0,2911.0,-29.0,0.666
CHI00391,Winthrop Ave & Lawrence Ave,41.96881,-87.65766,4367,2752,4371.0,2763.0,4.0,0.63
TA1309000058,Lincoln Ave & Fullerton Ave,41.92416,-87.64638,4365,3351,4444.0,3440.0,79.0,0.768
CHI02012,Ashland Ave & Augusta Blvd,41.89962,-87.66841,4322,3190,4158.0,3084.0,-164.0,0.738
CHI02087,Hampden Ct & Diversey Pkwy,41.93247,-87.64243,4314,2874,4332.0,2977.0,18.0,0.666
CHI02074,Franklin St & Washington St,41.88318,-87.63511,4303,3091,4128.0,3116.0,-175.0,0.718
13158,Peoria St & Jackson Blvd,41.87764,-87.64961,4278,3226,3926.0,3053.0,-352.0,0.754
13157,Aberdeen St & Jackson Blvd,41.87773,-87.65479,4249,3097,3723.0,2810.0,-526.0,0.729
CHI00574,Griffin Museum of Science and Industry,41.79173,-87.58395,4242,1795,4088.0,1670.0,-154.0,0.423
22004,Blackstone Ave & 59th St,41.78788,-87.59046,4231,3279,4089.0,3426.0,-142.0,0.775
TA1307000130,Morgan St & Polk St,41.87174,-87.65103,4223,3542,4085.0,3435.0,-138.0,0.839
KA1503000041,McClurg Ct & Erie St,41.8945,-87.61786,4219,3378,4070.0,3348.0,-149.0,0.801
13332,Loomis St & Lexington St,41.87223,-87.66137,4211,3487,4059.0,3427.0,-152.0,0.828
CHI02109,Clark St & Arlington Pl,41.92694,-87.64149,4183,2818,4149.0,2883.0,-34.0,0.674
TA1307000062,Sedgwick St & Huron St,41.89467,-87.63843,4163,3312,3532.0,2789.0,-631.0,0.796
CHI00506,Racine Ave & Wrightwood Ave,41.92889,-87.65897,4160,2637,4397.0,2871.0,237.0,0.634
CHI00408,Ashland Ave & Wellington Ave,41.93608,-87.66981,4149,2881,4413.0,3066.0,264.0,0.694
CHI01666,LaSalle St & Calhoun Pl ,41.88266,-87.63253,4137,2925,4351.0,3286.0,214.0,0.707
TA1308000049,Wells St & Evergreen Ave,41.90672,-87.63485,4136,2790,3807.0,2664.0,-329.0,0.675
13138,Canal St & Jackson Blvd,41.87812,-87.63997,4131,3516,4071.0,3377.0,-60.0,0.851
CHI00297,Larrabee St & North Ave,41.9102,-87.64351,4123,2720,3813.0,2579.0,-310.0,0.66
TA1309000039,DuSable Lake Shore Dr & Diversey Pkwy,41.93259,-87.63643,4121,2648,4304.0,2699.0,183.0,0.643
TA1305000003,Fairbanks Ct & Grand Ave,41.89185,-87.62058,4116,2987,4070.0,2804.0,-46.0,0.726
CHI00277,Racine Ave & 18th St,41.8584,-87.65643,4102,2621,4038.0,2596.0,-64.0,0.639
CHI01114,Sheridan Rd & Noyes St (NU),42.05824,-87.67743,4100,2113,4005.0,2248.0,-95.0,0.515
CHI02055,Wilton Ave & Addison St,41.94746,-87.65321,4093,2245,4067.0,2324.0,-26.0,0.548
623,Michigan Ave & 8th St,41.87277,-87.62398,4059,1873,3674.0,1743.0,-385.0,0.461
CHI00425,Lincoln Ave & Sunnyside Ave,41.963,-87.68478,4028,2718,4113.0,2791.0,85.0,0.675
CHI00364,Halsted St & Roosevelt Rd,41.86733,-87.64863,4024,2828,3432.0,2533.0,-592.0,0.703
13193,Larrabee St & Webster Ave,41.92182,-87.64414,3986,2758,4084.0,2886.0,98.0,0.692
CHI00357,Wolcott (Ravenswood) Ave & Montrose Ave,41.96141,-87.67617,3976,2581,3986.0,2687.0,10.0,0.649
TA1306000011,Wells St & Walton St,41.89993,-87.63443,3973,3023,3436.0,2724.0,-537.0,0.761
CHI00576,Western Ave & Walton St,41.89842,-87.6866,3969,2467,4004.0,2686.0,35.0,0.622
CHI00341,Campbell Ave & North Ave,41.91053,-87.68956,3968,2870,3832.0,2868.0,-136.0,0.723
13050,State St & Kinzie St,41.88936,-87.62708,3954,2853,3993.0,2871.0,39.0,0.722
CHI00263,Orleans St & Elm St,41.90292,-87.63772,3951,2813,3455.0,2406.0,-496.0,0.712
KA1504000133,Rush St & Cedar St,41.90231,-87.6277,3949,2968,3947.0,2866.0,-2.0,0.752
CHI00585,Ellis Ave & 53rd St,41.79934,-87.60096,3943,2864,3878.0,2955.0,-65.0,0.726
CHI00382,Greenview Ave & Diversey Pkwy,41.93259,-87.66594,3935,2461,4068.0,2660.0,133.0,0.625
CHI00497,Clinton St & Roosevelt Rd,41.86712,-87.64109,3917,2310,4038.0,2320.0,121.0,0.59
TA1309000024,Clark St & Schiller St,41.908,-87.6315,3915,2859,3766.0,2721.0,-149.0,0.73
TA1307000121,Halsted St & Polk St,41.87184,-87.64664,3887,3139,3638.0,2937.0,-249.0,0.808
CHI02081,Green St & Lake St ,41.88558,-87.64841,3886,2493,3947.0,2388.0,61.0,0.642
15529,Mies van der Rohe Way & Chestnut St,41.89859,-87.62192,3878,2676,3848.0,2668.0,-30.0,0.69
CHI00262,Larrabee St & Menomonee St,41.91468,-87.64332,3877,2861,3806.0,2841.0,-71.0,0.738
CHI00276,Ashland Ave & Wrightwood Ave,41.92883,-87.66851,3876,2600,4052.0,2821.0,176.0,0.671
CHI00403,Damen Ave & Charleston St,41.92008,-87.67786,3872,2491,3836.0,2497.0,-36.0,0.643
TA1309000010,Wabash Ave & 9th St,41.87077,-87.62573,3853,2651,3880.0,2722.0,27.0,0.688
CHI00344,Clybourn Ave & Division St,41.90461,-87.64055,3848,2835,3520.0,2669.0,-328.0,0.737
TA1307000150,Pine Grove Ave & Waveland Ave,41.94946,-87.64645,3848,2769,3982.0,2937.0,134.0,0.72
CHI00466,Southport Ave & Clybourn Ave,41.92112,-87.66493,3837,2734,4031.0,2720.0,194.0,0.713
CHI00428,Leavitt St & North Ave,41.91021,-87.68235,3832,2664,3784.0,2661.0,-48.0,0.695
TA1307000126,Sheffield Ave & Waveland Ave,41.9494,-87.65453,3823,2341,4406.0,2668.0,583.0,0.612
15539,Desplaines St & Jackson Blvd,41.87812,-87.64395,3822,3019,3710.0,3029.0,-112.0,0.79
CHI00440,Wood St & Taylor St (Temp),41.86927,-87.67373,3804,3189,3548.0,3017.0,-256.0,0.838
TA1306000012,Wells St & Huron St,41.89472,-87.63437,3777,2862,3660.0,2823.0,-117.0,0.758
CHI00625,Damen Ave & Foster Ave,41.9758,-87.67951,3771,2351,3686.0,2404.0,-85.0,0.623
TA1309000033,Sheffield Ave & Webster Ave,41.92154,-87.65382,3770,2801,3930.0,2847.0,160.0,0.743
TA1309000019,Lakeview Ave & Fullerton Pkwy,41.92587,-87.63897,3768,2623,3847.0,2630.0,79.0,0.696
CHI00560,Calumet Ave & 21st St,41.85418,-87.61915,3749,1737,3781.0,1837.0,32.0,0.463
13071,Southport Ave & Roscoe St,41.94374,-87.66402,3745,2719,3841.0,2827.0,96.0,0.726
13033,Milwaukee Ave & Grand Ave,41.89158,-87.64838,3741,2620,3521.0,2510.0,-220.0,0.7
TA1305000041,Damen Ave & Pierce Ave,41.90881,-87.67719,3735,2631,3849.0,2516.0,114.0,0.704
TA1307000142,Clark St & Drummond Pl,41.93125,-87.64433,3732,2767,3969.0,2949.0,237.0,0.741
15530,Rush St & Superior St,41.89576,-87.62593,3716,2701,3620.0,2670.0,-96.0,0.727
TA1305000030,Wells St & Randolph St,41.88429,-87.63396,3714,2828,3874.0,2817.0,160.0,0.761
CHI00700,California Ave & Cortez St,41.90036,-87.69671,3706,2335,3871.0,2427.0,165.0,0.63
13017,Franklin St & Chicago Ave,41.8968,-87.63564,3705,2851,3291.0,2611.0,-414.0,0.77
CHI00467,Leavitt St & Armitage Ave,41.91781,-87.68244,3691,2493,3681.0,2503.0,-10.0,0.675
CHI00492,Sheridan Rd & Lawrence Ave,41.96952,-87.65469,3688,2520,3721.0,2474.0,33.0,0.683
CHI00713,Leavitt St & Chicago Ave,41.8955,-87.68202,3673,2563,3784.0,2617.0,111.0,0.698
13379,Clarendon Ave & Gordon Ter,41.95787,-87.6495,3662,2992,3670.0,2983.0,8.0,0.817
CHI00265,Racine Ave & Congress Pkwy,41.87464,-87.65703,3661,2744,3396.0,2654.0,-265.0,0.75
TA1309000035,Clark St & Winnemac Ave,41.97335,-87.66785,3651,2654,3685.0,2689.0,34.0,0.727
CHI00435,Western Ave & Leland Ave,41.96572,-87.68847,3646,2499,3659.0,2503.0,13.0,0.685
CHI00384,Ashland Ave & Lake St,41.88592,-87.66717,3642,2334,3478.0,2169.0,-164.0,0.641
CHI00647,Artesian Ave & Hubbard St,41.8895,-87.68826,3639,2591,3296.0,2358.0,-343.0,0.712
TA1309000023,Sheffield Ave & Wrightwood Ave,41.92871,-87.65383,3634,2565,3605.0,2537.0,-29.0,0.706
CHI01913,University Ave & 59th St,41.78788,-87.59891,3628,2694,3599.0,2650.0,-29.0,0.743
TA1309000061,Halsted St & Wrightwood Ave,41.92914,-87.64908,3620,2479,3659.0,2608.0,39.0,0.685
CHI00386,MLK Jr Dr & 29th St,41.84205,-87.617,3613,2483,3440.0,2284.0,-173.0,0.687
CHI02052,Wilton Ave & Diversey Pkwy*,41.93242,-87.65271,3571,2472,3429.0,2444.0,-142.0,0.692
CHI00532,Canal St & Taylor St,41.87026,-87.63947,3569,2186,3626.0,2248.0,57.0,0.612
CHI00337,Broadway & Ridge Ave,41.98404,-87.66028,3562,2428,3676.0,2508.0,114.0,0.682
13063,Sheridan Rd & Irving Park Rd,41.95424,-87.65441,3559,2580,3482.0,2624.0,-77.0,0.725
TA1305000029,State St & Randolph St,41.88462,-87.62784,3549,2393,3483.0,2340.0,-66.0,0.674
13338,Mies van der Rohe Way & Chicago Ave,41.89695,-87.62176,3549,2677,3564.0,2586.0,15.0,0.754
CHI02088,Broadway & Oakdale Ave,41.93558,-87.64405,3540,2214,3531.0,2277.0,-9.0,0.625
CHI00475,Seeley Ave & Roscoe St,41.9434,-87.67962,3537,2366,3583.0,2398.0,46.0,0.669
TA1309000049,DuSable Lake Shore Dr & Belmont Ave,41.94077,-87.63919,3537,2215,3691.0,2423.0,154.0,0.626
RN-,Franklin St & Illinois St,41.89102,-87.63548,3536,2552,3478.0,2554.0,-58.0,0.722
CHI00417,Damen Ave & Grand Ave,41.8924,-87.67689,3533,2267,3682.0,2311.0,149.0,0.642
CHI00230,Loomis St & Jackson Blvd,41.87794,-87.66201,3533,2559,3473.0,2431.0,-60.0,0.724
CHI00314,Cannon Dr & Fullerton Ave,41.92676,-87.63443,3530,1371,3658.0,1421.0,128.0,0.388
chargingstx4,Morgan St & Lake St*,41.88549,-87.65229,3526,2692,3574.0,2590.0,48.0,0.763
CHI02043,Chicago Ave & Sheridan Rd,42.05049,-87.67782,3517,1637,3523.0,1744.0,6.0,0.465
CHI00791,Racine Ave & Washington Blvd,41.88307,-87.65696,3495,2511,3319.0,2378.0,-176.0,0.718
13323,Broadway & Sheridan Rd,41.95283,-87.65,3468,2758,3473.0,2756.0,5.0,0.795
CHI00464,Lincoln Ave & Belle Plaine Ave,41.956,-87.68016,3465,2292,3472.0,2326.0,7.0,0.661
CHI00636,Humboldt Blvd & Armitage Ave,41.91751,-87.70181,3464,1964,3327.0,1904.0,-137.0,0.567
CHI00389,Throop St & Taylor St,41.86896,-87.65914,3463,2351,3661.0,2575.0,198.0,0.679
CHI00443,Blue Island Ave & 18th St,41.85755,-87.66154,3458,2330,3590.0,2342.0,132.0,0.674
TA1307000136,Clark St & Wellington Ave,41.9365,-87.64754,3446,2580,3525.0,2665.0,79.0,0.749
CHI00635,Spaulding Ave & Armitage Ave,41.91711,-87.71022,3431,2070,3546.0,2152.0,115.0,0.603
CHI00309,Ravenswood Ave & Irving Park Rd,41.95469,-87.67393,3425,2341,3466.0,2435.0,41.0,0.684
CHI00283,Hermitage Ave & Polk St,41.87151,-87.66989,3423,2700,3543.0,2926.0,120.0,0.789
SL-011,Wells St & Polk St,41.87273,-87.63353,3396,2442,3159.0,2381.0,-237.0,0.719
TA1306000026,Racine Ave & Fullerton Ave,41.92557,-87.65842,3383,2681,3435.0,2755.0,52.0,0.792
CHI00484,Damen Ave & Wellington Ave,41.93588,-87.67842,3376,2131,3498.0,2209.0,122.0,0.631
CHI01776,Clark St & 9th St (AMLI),41.87082,-87.63124,3374,2021,2935.0,1707.0,-439.0,0.599
13277,Broadway & Belmont Ave,41.94011,-87.64545,3366,2471,3590.0,2680.0,224.0,0.734
CHI00463,Paulina St & Montrose Ave,41.96151,-87.67139,3355,2393,3230.0,2422.0,-125.0,0.713
CHI00479,Morgan St & 18th St,41.85809,-87.65107,3354,2062,3528.0,2102.0,174.0,0.615
CHI00451,LaSalle St & Adams St,41.87935,-87.63198,3341,2002,3631.0,2356.0,290.0,0.599
CHI00503,Ashland Ave & Grace St,41.95082,-87.66874,3338,2139,3344.0,2069.0,6.0,0.641
TA1309000011,Ellis Ave & 58th St,41.78875,-87.60133,3322,2871,3336.0,2761.0,14.0,0.864
15534,Field Blvd & South Water St,41.88635,-87.61752,3317,2251,3124.0,2174.0,-193.0,0.679
CHI02026,Fort Dearborn Dr & 31st St*,41.83867,-87.60883,3299,1288,3328.0,1201.0,29.0,0.39
13303,Clark St & Chicago Ave,41.89675,-87.63088,3286,2442,3199.0,2393.0,-87.0,0.743
TA1305000039,Elston Ave & Cortland St,41.91643,-87.66675,3273,2520,3227.0,2501.0,-46.0,0.77
CHI00261,Morgan Ave & 14th Pl,41.86238,-87.65106,3272,2487,3139.0,2373.0,-133.0,0.76
TA1307000107,Sheridan Rd & Montrose Ave,41.96167,-87.65464,3250,2475,3268.0,2544.0,18.0,0.762
13221,Wood St & Milwaukee Ave,41.90765,-87.67255,3249,2449,3316.0,2434.0,67.0,0.754
13427,Cityfront Plaza Dr & Pioneer Ct,41.89057,-87.62207,3237,2152,2950.0,2018.0,-287.0,0.665
13127,Halsted St & Roscoe St,41.94367,-87.64895,3226,2298,3238.0,2261.0,12.0,0.712
CHI00613,Glenwood Ave & Morse Ave,42.00797,-87.6655,3226,2375,3233.0,2469.0,7.0,0.736
CHI00645,Albany Ave & Bloomingdale Ave,41.91402,-87.70513,3225,2116,2866.0,1899.0,-359.0,0.656
TA1308000009,Shore Dr & 55th St,41.79521,-87.58072,3221,2011,3258.0,2012.0,37.0,0.624
TA1307000052,Sheffield Ave & Wellington Ave,41.93625,-87.65266,3218,2404,3324.0,2373.0,106.0,0.747
CHI01879,Lincoln Ave & Byron St,41.95237,-87.67729,3218,2098,3198.0,2132.0,-20.0,0.652
CHI00375,Western Ave & Division St,41.90289,-87.68728,3215,1890,3022.0,1837.0,-193.0,0.588
TA1307000006,Southport Ave & Wellington Ave,41.93577,-87.6636,3210,2193,3169.0,2168.0,-41.0,0.683
18062,Aberdeen St & Randolph St,41.88411,-87.65426,3206,2318,3268.0,2334.0,62.0,0.723
CHI00362,Ashland Ave & Grand Ave,41.89107,-87.66662,3203,2004,3260.0,1972.0,57.0,0.626
CHI00424,Halsted St & 18th St,41.85751,-87.646,3196,1968,3094.0,1922.0,-102.0,0.616
KA1503000015,Wabash Ave & Adams St,41.87947,-87.62569,3178,2298,3179.0,2278.0,1.0,0.723
CHI00615,Leavitt St & Belmont Ave,41.93935,-87.68328,3173,2095,3260.0,2135.0,87.0,0.66
CHI00303,Sedgwick St & Schiller St,41.90763,-87.63856,3161,2025,2892.0,1878.0,-269.0,0.641
13028,900 W Harrison St,41.87475,-87.64981,3154,2337,2951.0,2242.0,-203.0,0.741
CHI00446,Lincoln Ave & Waveland Ave,41.9488,-87.67528,3149,2242,3262.0,2421.0,113.0,0.712
CHI00442,Kedzie Ave & Palmer Ct,41.92153,-87.70732,3148,2143,2916.0,1962.0,-232.0,0.681
CHI00512,California Ave & Francis Pl,41.91849,-87.69743,3134,2043,2910.0,1871.0,-224.0,0.652
13192,Halsted St & Dickens Ave,41.91994,-87.64883,3118,2216,3222.0,2248.0,104.0,0.711
TA1305000020,Ogden Ave & Chicago Ave,41.89636,-87.65406,3107,2356,3020.0,2301.0,-87.0,0.758
13058,Dayton St & North Ave,41.91058,-87.64942,3107,2299,3129.0,2374.0,22.0,0.74
TA1308000012,Montrose Harbor,41.96398,-87.63818,3106,1349,2991.0,1318.0,-115.0,0.434
TA1309000008,Franklin St & Adams St ,41.87942,-87.63551,3090,2428,3165.0,2395.0,75.0,0.786
18001,Clark St & Newport St,41.94454,-87.65468,3088,1884,3567.0,2135.0,479.0,0.61
13191,Sedgwick St & Webster Ave,41.92217,-87.63889,3083,2367,3187.0,2404.0,104.0,0.768
CHI02124,Dearborn St & Maple St,41.90191,-87.63026,3075,2195,2940.0,2209.0,-135.0,0.714
13154,Sheffield Ave & Kingsbury St,41.91052,-87.65311,3071,2407,3016.0,2327.0,-55.0,0.784
CHI00312,Paulina St & 18th St,41.8579,-87.66874,3063,1960,3130.0,1960.0,67.0,0.64
TA1307000164,Woodlawn Ave & 55th St,41.79527,-87.59647,3056,2096,2763.0,2073.0,-293.0,0.686
13431,Adler Planetarium,41.8661,-87.60727,3049,960,2693.0,876.0,-356.0,0.315
KA1503000072,Wacker Dr & Washington St,41.88315,-87.63724,3039,2442,3089.0,2553.0,50.0,0.804
TA1307000041,DuSable Lake Shore Dr & Wellington Ave,41.93669,-87.63683,3039,2026,3203.0,2087.0,164.0,0.667
CHI00471,Ravenswood Ave & Berteau Ave,41.95792,-87.67357,3037,2272,3056.0,2315.0,19.0,0.748
CHI00410,Logan Blvd & Elston Ave,41.92946,-87.68416,3031,2116,3337.0,2242.0,306.0,0.698
23001,Elizabeth St & Randolph St,41.88434,-87.65891,3022,2249,3012.0,2214.0,-10.0,0.744
13064,Wells St & Huron St,41.89479,-87.63438,3012,2089,2675.0,1906.0,-337.0,0.694
13084,California Ave & Milwaukee Ave,41.92269,-87.69715,3009,1930,3024.0,1957.0,15.0,0.641
CHI00520,Blackstone Ave & Hyde Park Blvd,41.80256,-87.59037,2997,2008,2932.0,2044.0,-65.0,0.67
KA1504000146,Clark St & Berwyn Ave,41.97803,-87.66856,2978,2167,3041.0,2197.0,63.0,0.728
13276,Stockton Dr & Wrightwood Ave,41.93132,-87.63874,2967,2044,3181.0,2244.0,214.0,0.689
CHI00836,W Armitage Ave & N Sheffield Ave,41.91781,-87.65344,2963,1841,3014.0,1941.0,51.0,0.621
TA1305000005,Dearborn St & Adams St,41.87936,-87.62979,2954,2357,2979.0,2443.0,25.0,0.798
TA1307000124,Michigan Ave & 14th St,41.86406,-87.62373,2940,2145,2820.0,2085.0,-120.0,0.73
TA1309000002,Michigan Ave & Jackson Blvd,41.87777,-87.62416,2938,1650,2962.0,1653.0,24.0,0.562
KA1503000044,Rush St & Hubbard St,41.89018,-87.62619,2937,2148,2923.0,2165.0,-14.0,0.731
TA1307000038,Sedgwick St & North Ave,41.91099,-87.63853,2923,2133,2827.0,2098.0,-96.0,0.73
CHI00619,Damen Ave & Lake St,41.88496,-87.67684,2922,1633,2878.0,1735.0,-44.0,0.559
TA1306000015,Sangamon St & Lake St,41.88578,-87.65103,2916,2227,3197.0,2396.0,281.0,0.764
CHI02108,Wabash Ave & Washington St,41.8832,-87.62662,2916,1822,2823.0,1682.0,-93.0,0.625
CHI02125,Dearborn St & Division St,41.9043,-87.62991,2908,2027,2826.0,1888.0,-82.0,0.697
CHI00412,Stave St & Armitage Ave,41.91774,-87.69139,2906,1919,2918.0,1914.0,12.0,0.66
13074,Broadway & Wilson Ave,41.96522,-87.65814,2902,2051,2845.0,2068.0,-57.0,0.707
22002,Woodlawn Ave & 58th St,41.78938,-87.59648,2893,2283,2935.0,2307.0,42.0,0.789
TA1308000029,Stetson Ave & South Water St,41.88683,-87.62233,2872,2017,2622.0,1845.0,-250.0,0.702
CHI00289,Milwaukee Ave & Rockwell St,41.92033,-87.69309,2853,1586,2716.0,1551.0,-137.0,0.556
CHI00752,Sheridan Rd & Loyola Ave,42.00104,-87.6612,2850,1823,2870.0,1786.0,20.0,0.64
KA1504000104,Paulina St & Flournoy St,41.87306,-87.66913,2848,2438,2780.0,2511.0,-68.0,0.856
13029,Field Museum,41.86531,-87.61788,2839,578,2249.0,553.0,-590.0,0.204
CHI00348,Damen Ave & Clybourn Ave,41.93193,-87.67785,2836,1943,2987.0,2196.0,151.0,0.685
CHI00459,Damen Ave & Sunnyside Ave,41.96325,-87.67926,2830,1933,2787.0,1896.0,-43.0,0.683
SL-010,Financial Pl & Ida B Wells Dr,41.87502,-87.6331,2822,2093,2511.0,1861.0,-311.0,0.742
CHI00516,Damen Ave & Melrose Ave,41.9406,-87.6785,2821,1894,2958.0,1863.0,137.0,0.671
CHI00499,Wood St & Hubbard St,41.88971,-87.67197,2821,2018,2919.0,2056.0,98.0,0.715
KA1504000134,Ritchie Ct & Banks St,41.90686,-87.62621,2811,2054,2726.0,2044.0,-85.0,0.731
CHI00577,Kimball Ave & Belmont Ave,41.93939,-87.71207,2801,1676,2904.0,1821.0,103.0,0.598
CHI00320,Racine Ave & Randolph St,41.88408,-87.65692,2800,1843,2687.0,1794.0,-113.0,0.658
CHI00855,N Green St & W Lake St,41.88558,-87.64848,2796,1807,2896.0,1874.0,100.0,0.646
CHI00223,State St & 33rd St,41.83473,-87.62581,2795,2042,2791.0,1996.0,-4.0,0.731
TA1307000127,Clark St & Grace St,41.95078,-87.65917,2795,1669,2792.0,1731.0,-3.0,0.597
chargingstx1,Bissell St & Armitage Ave*,41.9183,-87.65218,2792,1962,3006.0,2125.0,214.0,0.703
TA1305000034,Honore St & Division St,41.90312,-87.67393,2773,1957,2980.0,2127.0,207.0,0.706
TA1309000042,Lincoln Ave & Melrose St,41.9406,-87.66944,2766,2103,2810.0,2146.0,44.0,0.76
13085,Kedzie Ave & Milwaukee Ave,41.929,-87.70803,2744,1811,2862.0,1840.0,118.0,0.66
TA1306000014,Wilton Ave & Diversey Pkwy,41.93242,-87.65271,2742,2015,2877.0,2173.0,135.0,0.735
KP1705001026,LaSalle Dr & Huron St,41.89488,-87.63233,2742,2000,2581.0,1820.0,-161.0,0.729
TA1307000131,Wabash Ave & Wacker Pl,41.88687,-87.62603,2737,1676,2674.0,1504.0,-63.0,0.612
LP-,Lincoln Park Conservatory,41.92394,-87.63583,2732,1548,2939.0,1529.0,207.0,0.567
22003,University Ave & 59th St,41.78788,-87.59891,2716,2280,2813.0,2304.0,97.0,0.839
13160,May St & Taylor St,41.86949,-87.65491,2709,2158,2525.0,2019.0,-184.0,0.797
636,Orleans St & Hubbard St,41.88995,-87.6366,2708,2115,2599.0,2031.0,-109.0,0.781
13389,Clarendon Ave & Junior Ter,41.961,-87.6496,2707,2095,2621.0,1950.0,-86.0,0.774
13133,Damen Ave & Cortland St,41.91598,-87.67733,2695,1742,2752.0,1869.0,57.0,0.646
CHI00433,Southport Ave & Clark St,41.95708,-87.6642,2693,1648,2516.0,1742.0,-177.0,0.612
CHI00787,Leavitt St & Division St,41.903,-87.68382,2686,1704,2655.0,1592.0,-31.0,0.634
CHI00478,Lincoln Ave & Addison St,41.94618,-87.67331,2681,1779,2846.0,1942.0,165.0,0.664
CHI01983,Peterson/Ridge Metra,41.9918,-87.67489,2669,1806,2660.0,1874.0,-9.0,0.677
CHI01902,Drexel Ave & 60th St,41.78586,-87.60455,2663,1983,2664.0,1976.0,1.0,0.745
TA1307000064,Lincoln Ave & Diversey Pkwy,41.93222,-87.65862,2657,1945,2680.0,2016.0,23.0,0.732
KA1504000079,Larrabee St & Division St,41.90349,-87.64335,2654,1861,2389.0,1762.0,-265.0,0.701
TA1307000163,Clifton Ave & Armitage Ave,41.91822,-87.65694,2641,2043,2758.0,2150.0,117.0,0.774
13056,Canal St & Monroe St,41.88291,-87.63974,2630,2076,2599.0,2099.0,-31.0,0.789
CHI02075,Milwaukee Ave & Fullerton Ave,41.92469,-87.7006,2610,1422,2530.0,1404.0,-80.0,0.545
CHI00472,Leavitt St & Lawrence Ave,41.96889,-87.684,2587,1731,2472.0,1745.0,-115.0,0.669
TA1307000113,Southport Ave & Wrightwood Ave,41.92877,-87.66391,2580,1953,2563.0,1851.0,-17.0,0.757
CHI02111,Burling St & Armitage Ave,41.91818,-87.64828,2579,1637,2707.0,1749.0,128.0,0.635
CHI02089,Broadway & Sunnyside Ave,41.96342,-87.65607,2563,1977,2538.0,1966.0,-25.0,0.771
CHI02098,Peoria St & Kinzie St,41.88896,-87.64972,2562,1767,2530.0,1746.0,-32.0,0.69
13006,LaSalle St & Washington St,41.88267,-87.63253,2557,2075,2628.0,2209.0,71.0,0.811
CHI00268,California Ave & North Ave,41.91004,-87.69717,2550,1534,2563.0,1518.0,13.0,0.602
13216,State St & 33rd St,41.83473,-87.62581,2549,2176,2732.0,2326.0,183.0,0.854
13036,Michigan Ave & Madison St,41.88213,-87.62513,2545,1572,2497.0,1501.0,-48.0,0.618
CHI00340,California Ave & Division St,41.90303,-87.69748,2532,1574,2645.0,1569.0,113.0,0.622
13156,Aberdeen St & Monroe St,41.88042,-87.65553,2522,2004,2304.0,1787.0,-218.0,0.795
CHI00642,Clark St & Lunt Ave,42.00901,-87.67411,2520,1580,2539.0,1619.0,19.0,0.627
CHI02072,Wells St & Washington St,41.883,-87.63395,2519,1659,2388.0,1720.0,-131.0,0.659
13132,Damen Ave & Chicago Ave,41.89573,-87.67712,2496,1809,2546.0,1806.0,50.0,0.725
CHI00235,Clinton St & 18th St,41.85795,-87.64083,2495,1698,2415.0,1648.0,-80.0,0.681
TA1309000064,Wolcott Ave & Polk St,41.87126,-87.67369,2461,2086,2435.0,2095.0,-26.0,0.848
TA1307000139,MLK Jr Dr & 29th St,41.84205,-87.617,2432,2088,2195.0,1853.0,-237.0,0.859
13229,Southport Ave & Belmont Ave,41.93948,-87.66375,2428,1774,2443.0,1820.0,15.0,0.731
CHI00431,Morgan St & 31st St,41.8378,-87.65114,2405,1601,2479.0,1690.0,74.0,0.666
CHI00486,Emerald Ave & 31st St,41.8382,-87.64514,2398,1748,2506.0,1721.0,108.0,0.729
15541.1.1,Buckingham Fountain,41.87637,-87.62056,2393,412,2024.0,421.0,-369.0,0.172
13409,Sangamon St & Washington Blvd,41.88316,-87.6511,2388,1838,2502.0,1912.0,114.0,0.77
CHI00621,Wabash Ave & Cermak Rd,41.85262,-87.62649,2387,1182,2329.0,1123.0,-58.0,0.495
13034,Michigan Ave & Pearson St,41.89766,-87.62351,2385,1424,2408.0,1503.0,23.0,0.597
TA1309000027,Sheridan Rd & Buena Ave,41.95849,-87.65497,2385,1779,2333.0,1713.0,-52.0,0.746
TA1309000001,Halsted St & Maxwell St,41.86488,-87.64707,2379,1709,2459.0,1885.0,80.0,0.718
CHI00550,Central Park Ave & Elbridge Ave,41.93534,-87.71689,2377,1547,2300.0,1451.0,-77.0,0.651
13128,Clark St & North Ave,41.91197,-87.63194,2369,1507,2506.0,1558.0,137.0,0.636
chargingstx5,Lincoln Ave & Roscoe St*,41.94329,-87.67063,2359,1916,2470.0,1954.0,111.0,0.812
13197,Elizabeth St & Fulton St,41.88682,-87.65896,2355,1762,2288.0,1782.0,-67.0,0.748
CHI00556,Shields Ave & 31st St,41.83846,-87.63541,2323,1737,2313.0,1686.0,-10.0,0.748
13068,Western Ave & Winnebago Ave,41.91552,-87.68702,2318,1612,2283.0,1679.0,-35.0,0.695
CHI00300,California Ave & Montrose Ave,41.96107,-87.69544,2311,1566,2401.0,1635.0,90.0,0.678
CHI01815,Wacker Dr & Washington St Corral,41.88316,-87.63736,2305,1777,1763.0,1404.0,-542.0,0.771
13196,Carpenter St & Huron St,41.89456,-87.65345,2302,1738,2165.0,1649.0,-137.0,0.755
CHI00610,Talman Ave & Addison St,41.94664,-87.69462,2299,1481,2376.0,1705.0,77.0,0.644
CHI00214,Campbell Ave & Montrose Ave,41.96153,-87.69118,2286,1635,2406.0,1749.0,120.0,0.715
TA1306000032,Sheffield Ave & Willow St,41.91369,-87.65285,2283,1883,2375.0,1937.0,92.0,0.825
TA1307000166,Halsted St & Willow St,41.91387,-87.64876,2271,1678,2341.0,1730.0,70.0,0.739
13194,Ogden Ave & Race Ave,41.89179,-87.65875,2270,1683,2335.0,1733.0,65.0,0.741
TA1305000009,Clark St & Ida B Wells Dr,41.87593,-87.63059,2263,1787,2292.0,1855.0,29.0,0.79
13353,Ada St & Washington Blvd,41.88283,-87.66121,2256,1817,2124.0,1676.0,-132.0,0.805
CHI00361,Clark St & Schreiber Ave,41.99924,-87.67125,2250,1462,2275.0,1552.0,25.0,0.65
chargingstx3,Green St & Randolph St*,41.8836,-87.64863,2236,1524,2273.0,1601.0,37.0,0.682
13150,Michigan Ave & 18th St,41.85793,-87.62434,2222,1560,2162.0,1545.0,-60.0,0.702
18003,Fairbanks St & Superior St,41.89575,-87.62011,2210,1713,2160.0,1695.0,-50.0,0.775
TA1305000035,State St & Van Buren St,41.87718,-87.62784,2208,1488,2127.0,1550.0,-81.0,0.674
TA1309000014,Clark St & Leland Ave,41.96709,-87.6673,2206,1492,2214.0,1528.0,8.0,0.676
CHI00224,Calumet Ave & 33rd St,41.83472,-87.61797,2203,1617,2019.0,1573.0,-184.0,0.734
13136,Damen Ave & Division St,41.90327,-87.67844,2194,1567,2182.0,1536.0,-12.0,0.714
CHI00434,Racine Ave & 15th St,41.86127,-87.65662,2187,1427,2076.0,1417.0,-111.0,0.652
TA1309000036,Burling St & Diversey Pkwy,41.93314,-87.64776,2184,1765,2216.0,1760.0,32.0,0.808
CHI00628,California Ave & Altgeld St,41.92669,-87.69767,2180,1391,2169.0,1534.0,-11.0,0.638
13224,Ashland Ave & Blackhawk St,41.90707,-87.66725,2173,1544,2176.0,1646.0,3.0,0.711
CHI00328,Rhodes Ave & 32nd St,41.83622,-87.61353,2157,1700,2069.0,1685.0,-88.0,0.788
CHI00305,Ogden Ave & Congress Pkwy,41.87501,-87.67328,2154,1525,1901.0,1296.0,-253.0,0.708
CHI00515,Ashland Ave & 13th St,41.86523,-87.66651,2134,1592,2199.0,1693.0,65.0,0.746
TA1309000063,Lake Park Ave & 56th St,41.79177,-87.58751,2128,1592,2256.0,1740.0,128.0,0.748
CHI00581,Rockwell St & Eastwood Ave,41.9659,-87.69364,2126,1546,2248.0,1681.0,122.0,0.727
CHI02038,Chicago Ave & Washington St,42.03257,-87.6791,2125,1209,2146.0,1262.0,21.0,0.569
CHI02102,Wells St & Madison St,41.88199,-87.63418,2120,1383,2293.0,1674.0,173.0,0.652
TA1307000070,Damen Ave & Thomas St (Augusta Blvd),41.90132,-87.67741,2119,1515,2068.0,1505.0,-51.0,0.715
CHI02122,Clark St & Eddy St ,41.94628,-87.65627,2116,1235,2268.0,1306.0,152.0,0.584
CHI01287,Greenview Ave & Jarvis Ave,42.01596,-87.66857,2116,1294,2052.0,1289.0,-64.0,0.612
CHI00588,Streeter Dr/Grand Ave,41.8924,-87.61239,2114,537,2152.0,558.0,38.0,0.254
KA1504000116,Larrabee St & Oak St,41.90022,-87.64299,2109,1664,1936.0,1522.0,-173.0,0.789
620,Orleans St & Chestnut St (NEXT Apts),41.89812,-87.63754,2107,1591,1910.0,1482.0,-197.0,0.755
20246.0,N Green St & W Lake St,41.88558,-87.64848,2104,1505,2146.0,1562.0,42.0,0.715
CHI01756,LaSalle St & Calhoun Pl Corral,41.88288,-87.63251,2103,1576,1416.0,1043.0,-687.0,0.749
CHI02103,Noble St & Ohio St,41.89242,-87.66206,2089,1454,2054.0,1410.0,-35.0,0.696
CHI01050,Sheridan Rd & Columbia Ave,42.00458,-87.66141,2083,1408,2040.0,1446.0,-43.0,0.676
22001,Wells St & Institute Pl,41.89738,-87.63442,2074,1533,1872.0,1395.0,-202.0,0.739
CHI00676,State St & 19th St,41.85659,-87.62754,2073,1287,2052.0,1227.0,-21.0,0.621
TA1309000043,Southport Ave & Irving Park Rd,41.95418,-87.66436,2062,1486,2013.0,1558.0,-49.0,0.721
CHI00219,St. Louis Ave & Fullerton Ave,41.92482,-87.7145,2055,1289,2125.0,1326.0,70.0,0.627
CHI02101,LaSalle St & Washington St,41.88323,-87.63211,2054,1487,1983.0,1413.0,-71.0,0.724
CHI00616,California Ave & Fletcher St,41.93843,-87.69801,2053,1166,2186.0,1229.0,133.0,0.568
CHI02110,Hudson Ave & Armitage Ave,41.91817,-87.64,2048,1306,2053.0,1357.0,5.0,0.638
CHI00215,Avondale Ave & Irving Park Rd,41.95339,-87.732,2045,1397,1996.0,1409.0,-49.0,0.683
15535,Desplaines St & Randolph St,41.8837,-87.64424,2038,1504,1942.0,1471.0,-96.0,0.738
604,Sheridan Rd & Noyes St (NU),42.05824,-87.67743,2037,1029,2028.0,1157.0,-9.0,0.505
KA1503000052,Ellis Ave & 53rd St,41.79934,-87.60096,2037,1567,1993.0,1636.0,-44.0,0.769
CHI02112,Lincoln Ave & Dickens Ave,41.92012,-87.64161,2037,1288,2089.0,1384.0,52.0,0.632
13290,Noble St & Milwaukee Ave,41.9007,-87.66261,2033,1577,1970.0,1559.0,-63.0,0.776
TA1309000006,Larrabee St & Armitage Ave,41.91808,-87.64375,2030,1328,2043.0,1381.0,13.0,0.654
CHI00500,Elston Ave & Wabansia Ave,41.91292,-87.66417,2029,1295,1982.0,1303.0,-47.0,0.638
TA1307000001,Greenview Ave & Fullerton Ave,41.92533,-87.6658,2028,1472,2166.0,1631.0,138.0,0.726
TA1305000017,Halsted St & Roosevelt Rd,41.86733,-87.64863,2021,1554,1840.0,1375.0,-181.0,0.769
CHI00552,Richmond St & Diversey Ave,41.9319,-87.7012,2015,1186,2054.0,1194.0,39.0,0.589
637,Wood St & Chicago Ave,41.89555,-87.672,2009,1632,2002.0,1570.0,-7.0,0.812
13037,Clinton St & Tilden St,41.87588,-87.64079,2003,1568,1965.0,1564.0,-38.0,0.783
CHI00489,Canal St & Harrison St,41.87425,-87.63957,1992,1293,1971.0,1403.0,-21.0,0.649
13102,Calumet Ave & 18th St,41.85762,-87.61941,1987,1293,1943.0,1356.0,-44.0,0.651
CHI00808,N Carpenter St & W Lake St,41.88559,-87.65318,1983,1444,1996.0,1615.0,13.0,0.728
13217,Calumet Ave & 33rd St,41.8349,-87.61793,1978,1729,1781.0,1559.0,-197.0,0.874
WL-011,Jefferson St & Monroe St,41.88033,-87.64275,1976,1500,1914.0,1539.0,-62.0,0.759
TA1307000061,State St & Pearson St,41.89745,-87.62872,1973,1407,1971.0,1437.0,-2.0,0.713
CHI00599,Winchester Ave & Elston Ave,41.92409,-87.67646,1969,1263,2117.0,1447.0,148.0,0.641
15545,Burnham Harbor,41.85741,-87.61379,1958,1054,1912.0,964.0,-46.0,0.538
13109,Broadway & Berwyn Ave,41.97836,-87.65979,1957,1496,1974.0,1580.0,17.0,0.764
TA1308000022,Pine Grove Ave & Irving Park Rd,41.95434,-87.64804,1955,1604,1931.0,1591.0,-24.0,0.82
CHI02105,Halsted St & Belden St,41.92365,-87.64894,1942,1154,2017.0,1243.0,75.0,0.594
CHI00317,Damen Ave & Madison St,41.88137,-87.67493,1940,1008,1642.0,815.0,-298.0,0.52
KA1504000151,Clark St & Bryn Mawr Ave,41.98359,-87.66915,1937,1458,1988.0,1398.0,51.0,0.753
SL-012,Wabash Ave & 16th St,41.86039,-87.62581,1933,1399,1840.0,1312.0,-93.0,0.724
CHI00352,Laflin St & Cullerton St,41.85491,-87.66357,1925,1172,1885.0,1164.0,-40.0,0.609
13243,Milwaukee Ave & Wabansia Ave,41.91262,-87.68139,1920,1491,1973.0,1551.0,53.0,0.777
KA1503000007,Cornell Ave & Hyde Park Blvd,41.80241,-87.58692,1919,1418,1899.0,1425.0,-20.0,0.739
CHI00426,Halsted St & Archer Ave,41.8472,-87.6468,1913,1102,1734.0,1031.0,-179.0,0.576
13080,Hermitage Ave & Polk St,41.87151,-87.66989,1910,1647,1885.0,1658.0,-25.0,0.862
13289,Eckhart Park,41.89638,-87.66098,1901,1382,1852.0,1355.0,-49.0,0.727
KA1503000022,Clark St & Montrose Ave,41.96159,-87.66604,1900,1298,1778.0,1235.0,-122.0,0.683
CHI00631,Clark St & Elmdale Ave,41.99086,-87.66972,1896,1201,1967.0,1298.0,71.0,0.633
13247,Ashland Ave & Chicago Ave,41.89595,-87.66773,1893,1520,1976.0,1525.0,83.0,0.803
KA1706005007,Delano Ct & Roosevelt Rd,41.86749,-87.63219,1887,1300,1620.0,1110.0,-267.0,0.689
CHI00331,Wood St & Webster Ave,41.92106,-87.6728,1881,1287,1930.0,1337.0,49.0,0.684
CHI00962,Avers Ave & Belmont Ave,41.93941,-87.72357,1881,1154,1964.0,1201.0,83.0,0.614
13059,Sheridan Rd & Argyle St,41.97329,-87.65476,1876,1335,1920.0,1474.0,44.0,0.712
CHI00529,Leavitt St & Addison St,41.94665,-87.68336,1844,1016,1853.0,1119.0,9.0,0.551
CHI00614,Western Ave & Roscoe St,41.94303,-87.68729,1844,1179,1893.0,1255.0,49.0,0.639
KA1503000059,Lake Park Ave & 53rd St,41.79949,-87.58645,1841,1360,1947.0,1362.0,106.0,0.739
CHI00237,Indiana Ave & 26th St,41.84569,-87.62248,1835,1101,1831.0,1112.0,-4.0,0.6
13230,Racine Ave & Belmont Ave,41.93974,-87.65887,1833,1154,1804.0,1195.0,-29.0,0.63
657,Wood St & Augusta Blvd,41.89894,-87.67213,1833,1392,1659.0,1311.0,-174.0,0.759
13257,Campbell Ave & North Ave,41.91053,-87.68956,1832,1412,1674.0,1327.0,-158.0,0.771
CHI00380,Ashland Ave & Belle Plaine Ave,41.95569,-87.66929,1829,1128,1784.0,1099.0,-45.0,0.617
SL-007,State St & Harrison St,41.87405,-87.62772,1820,1224,1695.0,1140.0,-125.0,0.673
CHI00267,Damen Ave & Cullerton St,41.85497,-87.6757,1812,1084,1906.0,1162.0,94.0,0.598
CHI00217,Washtenaw Ave & Lawrence Ave,41.96873,-87.69626,1812,1331,1906.0,1399.0,94.0,0.735
15576,Lakefront Trail & Bryn Mawr Ave,41.98404,-87.65228,1812,1040,1874.0,1070.0,62.0,0.574
13285,Wood St & Taylor St (Temp),41.86927,-87.67373,1808,1562,1561.0,1333.0,-247.0,0.864
22005,Drexel Ave & 60th St,41.78586,-87.60455,1807,1419,1883.0,1414.0,76.0,0.785
CHI01543,Franklin St & Adams St Corral,41.87941,-87.63558,1805,1380,1737.0,1308.0,-68.0,0.765
CHI00401,Halsted St & 35th St,41.83066,-87.64717,1798,1010,1792.0,1018.0,-6.0,0.562
13319,Ashland Ave & Grace St,41.95069,-87.6687,1792,1244,1784.0,1244.0,-8.0,0.694
CHI02095,Green St & Chicago Ave,41.89477,-87.64989,1778,1237,1603.0,1140.0,-175.0,0.696
13108,Broadway & Argyle St,41.97423,-87.65978,1767,1302,1766.0,1368.0,-1.0,0.737
TA1307000119,Clarendon Ave & Leland Ave,41.96797,-87.65,1758,1366,1734.0,1339.0,-24.0,0.777
13053,Green St & Washington Blvd,41.88318,-87.64873,1742,1294,1868.0,1283.0,126.0,0.743
CHI00834,N Southport Ave & W Newport Ave,41.94402,-87.66398,1730,1035,1871.0,1225.0,141.0,0.598
TA1307000158,Damen Ave & Leland Ave,41.96708,-87.67908,1727,1254,1692.0,1240.0,-35.0,0.726
13269,Ashland Ave & Wellington Ave,41.93608,-87.66981,1724,1271,1770.0,1337.0,46.0,0.737
13248,Ashland Ave & Augusta Blvd,41.89962,-87.66835,1723,1379,1691.0,1360.0,-32.0,0.8
TA1309000059,Racine Ave & Wrightwood Ave,41.92889,-87.65897,1715,1257,1748.0,1354.0,33.0,0.733
CHI00284,May St & Cullerton St,41.85514,-87.65413,1701,1265,1724.0,1185.0,23.0,0.744
18067,Walsh Park,41.91461,-87.66797,1698,1051,1669.0,1109.0,-29.0,0.619
CHI00323,Halsted St & 21st St,41.85378,-87.6466,1692,1059,1613.0,1064.0,-79.0,0.626
CHI02097,Morgan St & Hubbard St,41.89016,-87.65253,1692,1085,1541.0,973.0,-151.0,0.641
13164,Racine Ave & 18th St,41.8584,-87.65642,1686,1212,1708.0,1219.0,22.0,0.719
TA1309000030,Southport Ave & Clybourn Ave,41.92157,-87.66643,1684,1175,1813.0,1203.0,129.0,0.698
CHI02100,The Salt Shed,41.90689,-87.65978,1684,864,1450.0,846.0,-234.0,0.513
CHI00535,California Ave & Byron St,41.95216,-87.69805,1683,1120,1839.0,1197.0,156.0,0.665
TA1306000025,Racine Ave & Congress Pkwy,41.87464,-87.65703,1679,1400,1713.0,1425.0,34.0,0.834
CHI00343,State St & 35th St,41.83104,-87.6268,1677,1062,1759.0,1122.0,82.0,0.633
KA1504000103,Western Ave & Walton St,41.89842,-87.6866,1675,1114,1746.0,1247.0,71.0,0.665
CHI00638,Francisco Ave & Foster Ave,41.97563,-87.70142,1661,1224,1671.0,1269.0,10.0,0.737
CHI00371,Sheridan Rd & Greenleaf Ave,42.01059,-87.66241,1657,1093,1616.0,1087.0,-41.0,0.66
CHI00548,Lincoln Ave & Winona St,41.97491,-87.69251,1656,1180,1712.0,1298.0,56.0,0.713
TA1305000037,Paulina Ave & North Ave,41.90987,-87.66994,1645,1129,1679.0,1177.0,34.0,0.686
TA1305000004,McCormick Place,41.85138,-87.61884,1643,586,1388.0,477.0,-255.0,0.357
CHI01208,University Library (NU),42.05294,-87.67345,1639,844,1671.0,971.0,32.0,0.515
632,Clark St & Newport St,41.94454,-87.65468,1639,1151,1675.0,1266.0,36.0,0.702
596,Benson Ave & Church St,42.048,-87.68344,1638,1006,1662.0,1019.0,24.0,0.614
chargingstx07,Wentworth Ave & Cermak Rd*,41.85321,-87.63187,1637,998,1764.0,1081.0,127.0,0.61
15575,Broadway & Thorndale Ave,41.98974,-87.66014,1636,1170,1661.0,1133.0,25.0,0.715
CHI02033,Wentworth Ave & 35th St,41.83078,-87.6325,1633,848,1451.0,762.0,-182.0,0.519
CHI00702,Central Park Ave & Bloomingdale Ave,41.91417,-87.71676,1627,976,1730.0,991.0,103.0,0.6
KA1503000034,LaSalle St & Adams St,41.87935,-87.63198,1624,1193,1601.0,1220.0,-23.0,0.735
CHI00623,Kosciuszko Park,41.93058,-87.72378,1621,887,1534.0,909.0,-87.0,0.547
13139,Throop St & Taylor St,41.86896,-87.65914,1612,1216,1682.0,1254.0,70.0,0.754
624,Dearborn St & Van Buren St,41.87627,-87.62916,1611,1131,1596.0,1127.0,-15.0,0.702
CHI00961,LaSalle St & Jackson Blvd Corral,41.87816,-87.63203,1607,1327,1076.0,849.0,-531.0,0.826
CHI00634,Campbell Ave & Fullerton Ave,41.92463,-87.68931,1604,855,1699.0,938.0,95.0,0.533
TA1306000008,Larrabee St & North Ave,41.91021,-87.6435,1602,1183,1421.0,1040.0,-181.0,0.738
CHI02114,Lincoln Ave & Montana St,41.92657,-87.6506,1599,1016,1607.0,1060.0,8.0,0.635
TA1307000115,Clybourn Ave & Division St,41.90461,-87.64055,1596,1266,1522.0,1246.0,-74.0,0.793
CHI00584,Harper Ave & 59th St,41.78794,-87.58832,1587,1170,1495.0,992.0,-92.0,0.737
CHI00754,Clark St & Columbia Ave,42.00445,-87.6724,1585,1132,1602.0,1150.0,17.0,0.714
TA1306000006,Orleans St & Elm St,41.90292,-87.63772,1573,1203,1531.0,1138.0,-42.0,0.765
CHI00369,Oakley Ave & Irving Park Rd,41.95434,-87.68608,1560,1133,1550.0,1077.0,-10.0,0.726
TA1307000156,Lincoln Ave & Sunnyside Ave,41.963,-87.68478,1559,1114,1575.0,1150.0,16.0,0.715
CHI00404,Claremont Ave & Hirsch St,41.90778,-87.68586,1559,1028,1572.0,1008.0,13.0,0.659
13434,Ashland Ave & Grand Ave,41.89107,-87.66662,1558,1067,1571.0,971.0,13.0,0.685
CHI02032,Lake Park Ave & 35th St,41.83127,-87.6088,1553,775,1430.0,669.0,-123.0,0.499
CHI02006,Archer Ave & Wentworth Ave,41.85469,-87.63085,1542,707,1843.0,836.0,301.0,0.458
WL-008,Clinton St & Roosevelt Rd,41.86712,-87.64109,1541,1039,1551.0,1060.0,10.0,0.674
CHI01214,Paulina St & Howard St,42.01916,-87.67357,1529,874,1498.0,908.0,-31.0,0.572
KA1503000074,Griffin Museum of Science and Industry,41.79173,-87.58395,1516,670,1412.0,598.0,-104.0,0.442
CHI02143,St Clair St & Ohio St,41.89238,-87.62265,1515,969,1495.0,845.0,-20.0,0.64
15571,Broadway & Granville Ave,41.99478,-87.66028,1511,1008,1512.0,1060.0,1.0,0.667
KA1504000171,Marine Dr & Ainslie St,41.9716,-87.65015,1498,1076,1463.0,1084.0,-35.0,0.718
13324,Pine Grove Ave & Irving Park Rd,41.95437,-87.64794,1491,1092,1452.0,1050.0,-39.0,0.732
13294,Greenview Ave & Diversey Pkwy,41.93259,-87.66594,1491,1074,1544.0,1143.0,53.0,0.72
TA1309000029,Leavitt St & Armitage Ave,41.9178,-87.68244,1489,1055,1463.0,1035.0,-26.0,0.709
chargingstx2,Wilton Ave & Diversey Pkwy*,41.93242,-87.65271,1486,1074,1493.0,1146.0,7.0,0.723
15664,Artesian Ave & Hubbard St,41.8895,-87.68825,1486,1094,1258.0,960.0,-228.0,0.736
TA1308000021,Winthrop Ave & Lawrence Ave,41.96882,-87.65766,1485,1092,1502.0,1075.0,17.0,0.735
CHI00773,Hoyne Ave & Balmoral Ave,41.97985,-87.68193,1483,894,1501.0,911.0,18.0,0.603
E008,Chicago Ave & Sheridan Rd,42.05049,-87.67782,1482,766,1506.0,793.0,24.0,0.517
TA1309000021,Paulina St & Montrose Ave,41.96151,-87.67139,1478,1187,1449.0,1170.0,-29.0,0.803
CHI02066,Sheffield/Newport Corral,41.94461,-87.6542,1473,666,1553.0,780.0,80.0,0.452
13163,Morgan St & 18th St,41.85809,-87.65108,1466,1027,1552.0,1075.0,86.0,0.701
13288,Damen Ave & Charleston St,41.92008,-87.67786,1464,1002,1472.0,987.0,8.0,0.684
CHI00570,Troy St & Elston Ave,41.94524,-87.70665,1463,1007,1693.0,1142.0,230.0,0.688
CHI01768,Albany Ave & Montrose Ave,41.96104,-87.70587,1463,977,1530.0,1046.0,67.0,0.668
TA1308000005,Leavitt St & North Ave,41.9104,-87.68233,1463,1110,1515.0,1122.0,52.0,0.759
CHI00641,Troy St & North Ave,41.90977,-87.70528,1460,856,1414.0,770.0,-46.0,0.586
CHI02116,Sangamon St & Adams St,41.87909,-87.65128,1456,1117,1331.0,953.0,-125.0,0.767
654,Racine Ave & Washington Blvd,41.88307,-87.65696,1442,1149,1458.0,1135.0,16.0,0.797
15550,Canal St & Taylor St,41.87026,-87.63947,1440,998,1461.0,1034.0,21.0,0.693
13215,Rhodes Ave & 32nd St,41.83623,-87.61353,1438,1324,1316.0,1227.0,-122.0,0.921
(ARCHIVE)CHI02079,Daley Center Plaza,41.88424,-87.62963,1432,925,1397.0,997.0,-35.0,0.646
CHI00718,Cherry Ave & Blackhawk St,41.90722,-87.65562,1429,1071,1373.0,1086.0,-56.0,0.749
TA1305000010,Michigan Ave & Ida B Wells Dr,41.8762,-87.62446,1428,751,1363.0,768.0,-65.0,0.526
PI00002,Streeter Dr/Grand Ave,41.8924,-87.61239,1427,484,1427.0,478.0,0.0,0.339
13206,Loomis St & Jackson Blvd,41.87794,-87.66201,1421,1108,1513.0,1191.0,92.0,0.78
TA1306000007,Larrabee St & Menomonee St,41.91468,-87.64332,1420,1122,1460.0,1178.0,40.0,0.79
15650,Spaulding Ave & Armitage Ave,41.91711,-87.71022,1416,1017,1504.0,1089.0,88.0,0.718
CHI00746,Malcolm X College,41.87762,-87.67389,1413,989,1296.0,899.0,-117.0,0.7
13398,Blackstone Ave & Hyde Park Blvd,41.80256,-87.59037,1412,1158,1343.0,1067.0,-69.0,0.82
CHI00630,Winchester (Ravenswood) Ave & Balmoral Ave,41.97976,-87.67753,1409,998,1473.0,1034.0,64.0,0.708
13073,Ashland Ave & Lake St,41.88592,-87.66717,1401,949,1329.0,948.0,-72.0,0.677
17660,California Ave & Cortez St,41.90036,-87.69671,1394,927,1513.0,960.0,119.0,0.665
CHI00644,Spaulding Ave & Division St,41.90271,-87.70922,1392,841,1412.0,805.0,20.0,0.604
13144,Seeley Ave & Roscoe St,41.9434,-87.67962,1385,1044,1426.0,1073.0,41.0,0.754
CHI00366,Lake Park Ave & 47th St,41.80944,-87.59187,1384,850,1460.0,953.0,76.0,0.614
639,Lakefront Trail & Wilson Ave,41.96667,-87.64301,1379,644,1405.0,619.0,26.0,0.467
CHI00782,Wells St & 19th St,41.8568,-87.63388,1374,455,1289.0,542.0,-85.0,0.331
CHI01237,Smith Park,41.89205,-87.6894,1374,922,1592.0,1012.0,218.0,0.671
CHI00768,Western Ave & Fillmore St,41.86856,-87.68623,1370,1105,1434.0,1132.0,64.0,0.807
TA1309000041,Sheridan Rd & Lawrence Ave,41.96952,-87.65469,1368,1000,1370.0,1001.0,2.0,0.731
13296,Ashland Ave & Wrightwood Ave,41.92883,-87.66851,1367,966,1382.0,1034.0,15.0,0.707
CHI02079,Daley Center Plaza,41.88424,-87.62963,1365,893,1300.0,977.0,-65.0,0.654
CHI00302,Christiana Ave & Lawrence Ave,41.96835,-87.71183,1358,828,1387.0,905.0,29.0,0.61
CHI02007,Hampden Ct & Diversey Ave,41.93255,-87.6424,1357,834,1462.0,926.0,105.0,0.615
KA1504000149,Damen Ave & Foster Ave,41.9758,-87.67951,1341,905,1305.0,937.0,-36.0,0.675
CHI00593,Monticello Ave & Irving Park Rd,41.954,-87.71913,1332,902,1376.0,923.0,44.0,0.677
13266,Stave St & Armitage Ave,41.91774,-87.69139,1331,934,1345.0,942.0,14.0,0.702
13292,Kedzie Ave & Palmer Ct,41.92153,-87.70732,1321,896,1298.0,920.0,-23.0,0.678
CHI02077,Clark St & Lake St,41.88602,-87.63087,1321,869,1259.0,842.0,-62.0,0.658
TA1309000026,Lincoln Ave & Belle Plaine Ave,41.956,-87.68017,1313,948,1319.0,952.0,6.0,0.722
CHI01540,Wells St & Randolph St Corral,41.88437,-87.63396,1304,924,1024.0,721.0,-280.0,0.709
SL-009,Clark St & 9th St (AMLI),41.87082,-87.63124,1302,949,1097.0,806.0,-205.0,0.729
CHI02140,Wacker Dr & Randolph St,41.88453,-87.63732,1301,922,1258.0,976.0,-43.0,0.709
13241,Western Ave & Division St,41.90289,-87.68728,1299,880,1221.0,857.0,-78.0,0.677
13259,California Ave & Francis Pl,41.91849,-87.69743,1295,864,1109.0,769.0,-186.0,0.667
CHI00653,Western Ave & Congress Pkwy,41.87474,-87.68644,1293,766,1239.0,712.0,-54.0,0.592
CHI00519,Wentworth Ave & 33rd St,41.83453,-87.63182,1291,708,1213.0,740.0,-78.0,0.548
CHI01942,Milwaukee Ave & Ainslie St,41.96861,-87.76108,1289,856,1220.0,839.0,-69.0,0.664
TA1307000149,Ravenswood Ave & Irving Park Rd,41.95469,-87.67393,1287,989,1319.0,996.0,32.0,0.768
CHI00536,Drake Ave & Addison St,41.94733,-87.71758,1285,854,1275.0,877.0,-10.0,0.665
13135,Blue Island Ave & 18th St,41.85755,-87.66154,1282,938,1319.0,939.0,37.0,0.732
TA1307000144,Wolcott (Ravenswood) Ave & Montrose Ave,41.96141,-87.67617,1279,870,1241.0,896.0,-38.0,0.68
CHI00222,Fort Dearborn Dr & 31st St,41.83855,-87.60822,1276,414,1136.0,434.0,-140.0,0.324
CHI00639,Kedzie Ave & Leland Ave,41.96669,-87.70805,1276,792,1350.0,811.0,74.0,0.621
TA1306000002,Morgan Ave & 14th Pl,41.86238,-87.65107,1276,971,1185.0,940.0,-91.0,0.761
CHI02065,Eddy/Seminary Corral,41.94613,-87.65667,1254,488,1146.0,495.0,-108.0,0.389
CHI00436,Indiana Ave & 31st St,41.83884,-87.62186,1251,741,1316.0,849.0,65.0,0.592
CHI02121,Halsted St & Lake St,41.88582,-87.64715,1249,790,1248.0,752.0,-1.0,0.633
TA1307000159,Paulina St & 18th St,41.8579,-87.66874,1237,863,1214.0,793.0,-23.0,0.698
15651,Humboldt Blvd & Armitage Ave,41.91751,-87.70181,1229,736,1164.0,666.0,-65.0,0.599
15655,Albany Ave & Bloomingdale Ave,41.91403,-87.70513,1227,866,1133.0,797.0,-94.0,0.706
CHI00422,Greenwood Ave & 47th St,41.80983,-87.59938,1221,909,1142.0,835.0,-79.0,0.744
CHI02118,Halsted St & Fulton St,41.88672,-87.64729,1221,795,1159.0,731.0,-62.0,0.651
TA1308000031,Logan Blvd & Elston Ave,41.92946,-87.68416,1218,879,1396.0,972.0,178.0,0.722
KA1504000175,Glenwood Ave & Morse Ave,42.00797,-87.6655,1214,931,1197.0,957.0,-17.0,0.767
TA1308000006,Damen Ave & Grand Ave,41.8924,-87.67689,1213,842,1179.0,797.0,-34.0,0.694
13253,Lincoln Ave & Waveland Ave,41.9488,-87.67528,1206,920,1272.0,1019.0,66.0,0.763
CHI00409,Wentworth Ave & 24th St,41.85008,-87.63214,1205,490,1392.0,615.0,187.0,0.407
CHI02127,Racine Ave & Broadway,41.96824,-87.65965,1202,860,1195.0,875.0,-7.0,0.715
TA1309000018,Ravenswood Ave & Berteau Ave,41.95792,-87.67357,1198,956,1196.0,970.0,-2.0,0.798
CHI01097,Eastlake Ter & Howard St,42.0192,-87.6643,1197,705,1098.0,673.0,-99.0,0.589
CHI02141,Rush St & Illinois St,41.89087,-87.62584,1195,674,1196.0,683.0,1.0,0.564
CHI00373,Emerald Ave & 28th St,41.84358,-87.64537,1181,880,1142.0,843.0,-39.0,0.745
18058,Leavitt St & Chicago Ave,41.8955,-87.68202,1179,822,1218.0,821.0,39.0,0.697
CHI00833,N Paulina St & Lincoln Ave,41.94384,-87.67147,1176,791,1205.0,896.0,29.0,0.673
CHI01143,Glenwood Ave & Touhy Ave,42.0127,-87.66606,1176,721,1085.0,675.0,-91.0,0.613
15546,Calumet Ave & 21st St,41.85418,-87.61915,1174,691,1176.0,724.0,2.0,0.589
15578,Broadway & Ridge Ave,41.98404,-87.66027,1171,833,1215.0,870.0,44.0,0.711
CHI00580,Ogden Ave & Roosevelt Rd,41.8665,-87.68469,1164,951,994.0,833.0,-170.0,0.817
23002,Lincoln Ave & Byron St,41.95237,-87.67729,1162,861,1187.0,841.0,25.0,0.741
658,Leavitt St & Division St,41.90272,-87.6837,1160,817,1156.0,842.0,-4.0,0.704
CHI02131,Milwaukee Ave & Armitage Ave,41.91771,-87.68864,1152,774,1146.0,744.0,-6.0,0.672
13268,Damen Ave & Wellington Ave,41.93588,-87.67842,1141,783,1178.0,785.0,37.0,0.686
TA1309000012,Damen Ave & Sunnyside Ave,41.96325,-87.67926,1139,847,1136.0,802.0,-3.0,0.744
CHI00514,Shields Ave & 28th Pl,41.84273,-87.63549,1134,785,1219.0,884.0,85.0,0.692
TA1307000140,Western Ave & Leland Ave,41.96604,-87.68899,1131,826,1188.0,893.0,57.0,0.73
KA1504000162,Clark St & Lunt Ave,42.00901,-87.67412,1121,777,1141.0,884.0,20.0,0.693
CHI02096,Larrabee St & Clybourn Ave,41.9066,-87.64322,1121,800,1036.0,726.0,-85.0,0.714
CHI02080,Francisco Ave & Chicago Ave,41.89574,-87.69865,1120,695,1199.0,704.0,79.0,0.621
CHI02139,Carpenter St & Fulton St,41.88668,-87.65315,1112,818,1142.0,816.0,30.0,0.736
CHI02104,Campbell Ave & Augusta Blvd,41.89957,-87.6895,1110,775,1072.0,717.0,-38.0,0.698
CHI02119,Wood St & Milwaukee Ave,41.90629,-87.67151,1108,713,1249.0,760.0,141.0,0.644
TA1309000015,Leavitt St & Lawrence Ave,41.96889,-87.684,1106,783,1028.0,743.0,-78.0,0.708
KA17018054,Damen Ave & Lake St,41.88496,-87.67684,1100,718,1119.0,791.0,19.0,0.653
CHI00632,Halsted St & North Branch St,41.89939,-87.64854,1099,523,701.0,437.0,-398.0,0.476
13081,Ogden Ave & Congress Pkwy,41.87501,-87.67328,1087,823,950.0,734.0,-137.0,0.757
TA1307000143,Sedgwick St & Schiller St,41.90763,-87.63856,1081,781,952.0,682.0,-129.0,0.722
13124,Cannon Dr & Fullerton Ave,41.92676,-87.63443,1079,535,1177.0,548.0,98.0,0.496
13258,California Ave & North Ave,41.91004,-87.69717,1068,669,1058.0,661.0,-10.0,0.626
CHI00964,Dearborn St & Adams St Corral,41.87939,-87.62987,1067,734,498.0,328.0,-569.0,0.688
13242,Milwaukee Ave & Rockwell St,41.92033,-87.69307,1057,664,1073.0,674.0,16.0,0.628
CHI01222,Evanston Civic Center,42.05704,-87.68655,1055,460,997.0,491.0,-58.0,0.436
TA1309000055,Emerald Ave & 31st St,41.8382,-87.64514,1055,820,1094.0,810.0,39.0,0.777
CHI00649,Leavitt St/North Ave,41.91008,-87.68231,1051,713,1047.0,788.0,-4.0,0.678
CHI00806,W Washington Blvd & N Peoria St,41.88305,-87.64994,1047,736,610.0,437.0,-437.0,0.703
13271,Damen Ave & Clybourn Ave,41.93193,-87.67785,1047,802,1124.0,886.0,77.0,0.766
CHI02071,Waveland/Racine Corral,41.94883,-87.65928,1046,451,1075.0,515.0,29.0,0.431
TA1308000047,Southport Ave & Clark St,41.95708,-87.6642,1045,705,920.0,714.0,-125.0,0.675
CHI02133,Damen Ave & Wabansia Ave,41.91225,-87.67722,1040,691,1016.0,675.0,-24.0,0.664
CHI00633,Manor Ave & Leland Ave,41.96588,-87.70082,1026,737,1075.0,744.0,49.0,0.718
13155,Racine Ave & Randolph St,41.88408,-87.65692,1025,724,1095.0,746.0,70.0,0.706
CHI00579,Sawyer Ave & Irving Park Rd,41.9536,-87.70931,1024,750,1109.0,733.0,85.0,0.732
TA1309000050,Lincoln Ave & Addison St,41.94618,-87.67331,1020,690,1082.0,782.0,62.0,0.676
20251.0,N Carpenter St & W Lake St,41.88559,-87.65318,1015,710,959.0,761.0,-56.0,0.7
CHI01212,Clark St & Jarvis Ave,42.01596,-87.675,1008,649,956.0,646.0,-52.0,0.644
CHI02060,Addison/Racine Corral,41.94707,-87.65935,996,417,1012.0,441.0,16.0,0.419
KA1503000038,Shields Ave & 31st St,41.83846,-87.63541,989,859,1023.0,888.0,34.0,0.869
13326,Canal St & Harrison St,41.87425,-87.63957,985,713,898.0,655.0,-87.0,0.724
CHI02078,Franklin St & Monroe St,41.88031,-87.63518,983,776,1221.0,1004.0,238.0,0.789
KA17018068,Leavitt St & Belmont Ave,41.93935,-87.68328,981,627,1033.0,689.0,52.0,0.639
13432,Wood St & Hubbard St,41.88971,-87.67197,979,778,1053.0,793.0,74.0,0.795
13143,Damen Ave & Melrose Ave,41.9406,-87.6785,976,691,1031.0,712.0,55.0,0.708
CHI00315,63rd St Beach,41.78091,-87.57632,975,288,945.0,267.0,-30.0,0.295
CHI02061,Clark/Newport Corral,41.94494,-87.65461,974,409,989.0,485.0,15.0,0.42
520,Greenview Ave & Jarvis Ave,42.00848,-87.67265,973,646,928.0,594.0,-45.0,0.664
CHI00590,Western Ave & Granville Ave,41.99416,-87.68944,971,696,1050.0,691.0,79.0,0.717
CHI00227,Drake Ave & Montrose Ave,41.96115,-87.71657,965,591,959.0,596.0,-6.0,0.612
20254.0,W Armitage Ave & N Sheffield Ave,41.91781,-87.65344,960,657,980.0,677.0,20.0,0.684
CHI02082,Rockwell St & Fletcher St,41.93885,-87.69299,958,579,899.0,557.0,-59.0,0.604
KA150400009X,Kimball Ave & Belmont Ave,41.93939,-87.71207,958,621,951.0,660.0,-7.0,0.648
15623,Campbell Ave & Montrose Ave,41.96152,-87.69118,952,725,978.0,770.0,26.0,0.762
CHI02048,South Shore Dr & 71st St,41.76641,-87.56569,947,538,960.0,496.0,13.0,0.568
CHI00801,Western Ave & Lunt Ave,42.00859,-87.69049,943,761,1078.0,897.0,135.0,0.807
13354,Ashland Ave & 13th St,41.86523,-87.66651,940,794,955.0,828.0,15.0,0.845
RP-009,Sheridan Rd & Loyola Ave,42.00105,-87.6612,934,556,966.0,586.0,32.0,0.595
202480.0,Hampden Ct & Diversey Ave,41.93255,-87.6424,934,652,1065.0,807.0,131.0,0.698
13099,Halsted St & 18th St,41.85751,-87.646,933,634,976.0,663.0,43.0,0.68
CHI02153,Broadway & Roscoe Ave,41.9436,-87.64532,932,672,931.0,656.0,-1.0,0.721
TA1308000046,Morgan St & 31st St,41.8378,-87.65114,928,677,963.0,702.0,35.0,0.73
13256,California Ave & Division St,41.90303,-87.69748,927,591,945.0,627.0,18.0,0.638
15622,California Ave & Montrose Ave,41.96107,-87.69544,924,691,961.0,708.0,37.0,0.748
CHI00355,Calumet Ave & 35th St,41.83138,-87.61803,920,530,871.0,571.0,-49.0,0.576
KA1503000070,Harper Ave & 59th St,41.78794,-87.58831,919,719,724.0,510.0,-195.0,0.782
428,Milwaukee Ave & Fullerton Ave,41.92469,-87.70055,915,496,922.0,495.0,7.0,0.542
CHI02040,MLK Jr Dr & Pershing Rd,41.8246,-87.61678,914,551,899.0,550.0,-15.0,0.603
CHI00958,Damen Ave & Wabansia Ave,41.91228,-87.67732,910,535,917.0,576.0,7.0,0.588
TA1307000129,State St & 35th St,41.83104,-87.6268,910,744,999.0,821.0,89.0,0.818
CHI00963,LaSalle St & Adams St Corral,41.87939,-87.63207,907,687,579.0,450.0,-328.0,0.757
15646,California Ave & Altgeld St,41.92669,-87.69767,907,682,921.0,714.0,14.0,0.752
CHI02123,Kedzie Ave & Armitage Ave,41.91759,-87.70685,904,618,796.0,575.0,-108.0,0.684
KA1504000090,St. Louis Ave & Fullerton Ave,41.92482,-87.7145,899,608,898.0,605.0,-1.0,0.676
13134,Damen Ave & Madison St,41.88137,-87.67493,897,590,746.0,490.0,-151.0,0.658
20.0,Damen Ave & Wabansia Ave,41.91228,-87.67732,895,624,890.0,661.0,-5.0,0.697
CHI00637,Central Park Ave & North Ave,41.90966,-87.71663,894,455,909.0,487.0,15.0,0.509
(ARCHIVE)CHI02078,Franklin St & Monroe St,41.88031,-87.63518,892,667,1107.0,877.0,215.0,0.748
CHI00346,Prairie Ave & Garfield Blvd,41.79485,-87.61869,891,480,949.0,587.0,58.0,0.539
CHI02120,Leavitt St & Augusta Blvd,41.89962,-87.68194,888,637,857.0,585.0,-31.0,0.717
CHI02169,Larrabee St & Kingsbury St 2,41.89758,-87.6429,881,795,855.0,785.0,-26.0,0.902
(ARCHIVE)CHI02077,Clark St & Lake St,41.88602,-87.63087,878,523,815.0,495.0,-63.0,0.596
CHI00387,Wallace St & 35th St,41.83071,-87.64126,876,498,839.0,519.0,-37.0,0.568
CHI00334,Woodlawn Ave & Lake Park Ave,41.81409,-87.59701,871,445,819.0,412.0,-52.0,0.511
CHI00228,Racine Ave & 13th St,41.86505,-87.65696,859,592,833.0,614.0,-26.0,0.689
PI00003,Leavitt St/North Ave,41.91008,-87.68231,858,675,875.0,707.0,17.0,0.787
CHI02041,Central St Metra,42.0636,-87.69873,857,407,913.0,435.0,56.0,0.475
CHI02106,Seminary Ave & Belden Ave,41.92339,-87.65599,854,547,909.0,567.0,55.0,0.641
TA1308000019,Racine Ave & Belmont Ave,41.93974,-87.65887,848,607,852.0,624.0,4.0,0.716
TA1309000025,Halsted St & Roscoe St,41.94363,-87.64908,841,690,848.0,709.0,7.0,0.82
13304,Racine Ave & 15th St,41.86127,-87.65662,841,639,804.0,598.0,-37.0,0.76
CHI00888,Campbell Ave & Augusta Blvd,41.89957,-87.6895,839,511,850.0,493.0,11.0,0.609
CHI00652,Western Ave & Monroe St,41.88143,-87.68663,839,519,899.0,612.0,60.0,0.619
15624,Avondale Ave & Irving Park Rd,41.95339,-87.732,837,592,688.0,481.0,-149.0,0.707
15644,Central Park Ave & Elbridge Ave,41.93534,-87.71689,831,612,812.0,517.0,-19.0,0.736
T13243,Wabansia & Milwaukee,41.91376,-87.68267,826,534,796.0,541.0,-30.0,0.646
chargingstx06,Fort Dearborn Dr & 31st St*,41.83867,-87.60883,826,420,869.0,361.0,43.0,0.508
CHI00308,Western Ave & 21st St,41.85411,-87.68584,825,512,785.0,523.0,-40.0,0.621
CHI00663,Keystone Ave & Fullerton Ave,41.92459,-87.72785,819,557,859.0,540.0,40.0,0.68
CHI01955,California Ave & Granville Ave,41.99417,-87.69955,817,667,840.0,676.0,23.0,0.816
CHI02135,Damen Ave & St Paul Ave,41.91301,-87.67778,816,600,846.0,579.0,30.0,0.735
15632,Talman Ave & Addison St,41.94664,-87.69461,815,545,849.0,615.0,34.0,0.669
13249,Ashland Ave & Belle Plaine Ave,41.95606,-87.66884,815,524,769.0,525.0,-46.0,0.643
KA1504000093,Rockwell St & Eastwood Ave,41.9659,-87.69364,812,631,818.0,640.0,6.0,0.777
CHI02085,Kedzie Ave & George St,41.93389,-87.70726,809,542,814.0,544.0,5.0,0.67
CHI00951,Francisco Ave & Montrose Ave,41.96105,-87.7009,809,475,806.0,477.0,-3.0,0.587
15642,California Ave & Fletcher St,41.93843,-87.69801,803,470,887.0,513.0,84.0,0.585
TA1307000044,Clinton St & 18th St,41.85795,-87.64083,800,579,785.0,536.0,-15.0,0.724
KA1504000156,Clark St & Schreiber Ave,41.99924,-87.67125,800,577,865.0,643.0,65.0,0.721
CHI02137,Clark St & Fletcher St,41.93894,-87.65032,795,603,782.0,565.0,-13.0,0.758
15634,Western Ave & Roscoe St,41.94303,-87.68729,794,593,818.0,642.0,24.0,0.747
660,Sheridan Rd & Columbia Ave,42.00391,-87.6613,789,589,772.0,573.0,-17.0,0.747
605,University Library (NU),42.05294,-87.67344,788,446,834.0,497.0,46.0,0.566
KA1503000004,Lake Park Ave & 35th St,41.83127,-87.6088,786,537,699.0,471.0,-87.0,0.683
CHI00882,N Damen Ave & W Chicago Ave,41.89581,-87.67849,782,582,805.0,632.0,23.0,0.744
CHI00527,Dorchester Ave & 49th St,41.80577,-87.59246,779,536,688.0,480.0,-91.0,0.688
CHI00739,Elmwood Ave & Austin St,42.02578,-87.68411,777,470,783.0,457.0,6.0,0.605
644,Western Ave & Fillmore St,41.86771,-87.68583,775,669,736.0,622.0,-39.0,0.863
CHI00458,Clinton St & Polk St,41.87147,-87.64095,773,369,805.0,475.0,32.0,0.477
CHI02132,Paulina St & Cortland St,41.91626,-87.67019,771,549,804.0,551.0,33.0,0.712
CHI00363,Ashland Ave & Archer Ave,41.83921,-87.66561,766,455,788.0,497.0,22.0,0.594
CHI02084,Elston Ave & George St,41.934,-87.69082,758,481,736.0,488.0,-22.0,0.635
KA1504000080,Washtenaw Ave & Lawrence Ave,41.96873,-87.69626,755,584,766.0,587.0,11.0,0.774
RP-008,Clark St & Columbia Ave,42.00445,-87.6724,750,578,703.0,505.0,-47.0,0.771
CHI00643,Keystone Ave & Montrose Ave,41.96111,-87.72897,736,540,738.0,502.0,2.0,0.734
CHI00651,Kedzie Ave & Foster Ave,41.97567,-87.70926,736,453,763.0,467.0,27.0,0.615
CHI01881,McCormick Blvd & Devon Ave,41.9972,-87.71105,735,463,774.0,487.0,39.0,0.63
TA1308000013,Halsted St & Archer Ave,41.8472,-87.6468,733,459,638.0,412.0,-95.0,0.626
CHI02107,Leavitt St & Hirsch St,41.9069,-87.68233,732,405,676.0,402.0,-56.0,0.553
CHI00400,Cottage Grove Ave & Oakwood Blvd,41.82298,-87.6071,728,286,859.0,268.0,131.0,0.393
CHI02083,Western Ave & Grace St,41.95035,-87.68808,726,470,708.0,472.0,-18.0,0.647
KA1504000143,Leavitt St & Addison St,41.94665,-87.68336,722,434,757.0,484.0,35.0,0.601
CHI01777,Monticello Ave & Lawrence Ave,41.9684,-87.71876,721,532,673.0,444.0,-48.0,0.738
TA1305000001,Wabash Ave & Cermak Rd,41.85262,-87.62649,721,410,702.0,396.0,-19.0,0.569
15643,Kosciuszko Park,41.93058,-87.72378,720,449,728.0,482.0,8.0,0.624
CHI02068,Racine/Eddy Corral,41.94634,-87.6591,717,316,741.0,362.0,24.0,0.441
15648,Campbell Ave & Fullerton Ave,41.92463,-87.68931,717,481,775.0,549.0,58.0,0.671
CHI00698,Bernard St & Elston Ave,41.94992,-87.71395,716,470,744.0,446.0,28.0,0.656
CHI00602,Warren Park West,42.00178,-87.68883,713,516,801.0,564.0,88.0,0.724
13307,Laflin St & Cullerton St,41.85491,-87.66356,713,500,741.0,521.0,28.0,0.701
410,Campbell Ave & Augusta Blvd,41.89957,-87.6895,712,509,708.0,461.0,-4.0,0.715
CHI00319,Leavitt St & Archer Ave,41.82879,-87.68061,710,348,654.0,326.0,-56.0,0.49
TA1309000032,Elston Ave & Wabansia Ave,41.91292,-87.66417,708,476,767.0,536.0,59.0,0.672
15645,Richmond St & Diversey Ave,41.9319,-87.7012,706,437,723.0,435.0,17.0,0.619
E002,Chicago Ave & Washington St,42.03256,-87.6791,704,395,661.0,382.0,-43.0,0.561
CHI00923,Elston Ave & Henderson St,41.9415,-87.70104,704,389,709.0,366.0,5.0,0.553
CHI00669,Western Ave & Howard St,42.0189,-87.69005,703,459,718.0,575.0,15.0,0.653
KA1504000148,Clark St & Elmdale Ave,41.99086,-87.66972,701,497,708.0,509.0,7.0,0.709
CHI00793,Ridge Blvd & Touhy Ave,42.01213,-87.68291,700,456,653.0,433.0,-47.0,0.651
CHI02117,Western Ave & Wabansia Ave,41.91208,-87.68752,699,448,671.0,414.0,-28.0,0.641
CHI02086,Francisco Ave & Bloomingdale Ave,41.91396,-87.6994,696,369,576.0,330.0,-120.0,0.53
KA1504000140,Winchester Ave & Elston Ave,41.92409,-87.67646,692,462,761.0,551.0,69.0,0.668
CHI00659,St. Louis Ave & Balmoral Ave,41.98039,-87.71612,691,569,716.0,537.0,25.0,0.823
KA1504000139,Monticello Ave & Irving Park Rd,41.954,-87.71913,681,505,700.0,510.0,19.0,0.742
24458,Peterson/Ridge Metra,41.9918,-87.67489,680,532,657.0,508.0,-23.0,0.782
TA1308000036,Indiana Ave & 31st St,41.83884,-87.62186,677,522,741.0,619.0,64.0,0.771
15640,Avers Ave & Belmont Ave,41.93941,-87.72357,677,467,694.0,476.0,17.0,0.69
13245,Claremont Ave & Hirsch St,41.90778,-87.68586,675,428,603.0,411.0,-72.0,0.634
CHI02042,Central St & Girard Ave,42.06431,-87.68615,673,338,667.0,367.0,-6.0,0.502
CHI02059,Clark/Racine Corral,41.95044,-87.65932,670,258,542.0,235.0,-128.0,0.385
CHI00733,Knox Ave & Montrose Ave,41.96063,-87.74536,669,357,647.0,372.0,-22.0,0.534
13331,May St & Cullerton St,41.85514,-87.65413,666,495,647.0,479.0,-19.0,0.743
655,Hoyne Ave & Balmoral Ave,41.97985,-87.68193,666,455,695.0,496.0,29.0,0.683
CHI02144,Racine Ave & Webster Ave,41.92159,-87.65858,665,376,691.0,443.0,26.0,0.565
CHI00247,South Shore Dr & 67th St,41.77364,-87.56751,661,321,610.0,299.0,-51.0,0.486
SL-013,State St & 19th St,41.85659,-87.62754,660,471,670.0,472.0,10.0,0.714
CHI00620,Warren Park East,42.00455,-87.68067,654,404,616.0,358.0,-38.0,0.618
CHI00751,Clark St & Touhy Ave,42.01256,-87.67437,653,436,639.0,467.0,-14.0,0.668
13162,Halsted St & 21st St,41.85378,-87.6466,650,427,673.0,465.0,23.0,0.657
15631,Troy St & Elston Ave,41.94524,-87.70665,650,498,664.0,492.0,14.0,0.766
KA1504000158,Oakley Ave & Irving Park Rd,41.95434,-87.68608,645,481,673.0,484.0,28.0,0.746
CHI00646,Kedzie Ave & Bryn Mawr Ave,41.98223,-87.70889,644,441,646.0,392.0,2.0,0.685
CHI00920,Troy St & Grace St,41.95024,-87.70649,643,398,591.0,344.0,-52.0,0.619
TA1307000005,Indiana Ave & 26th St,41.84569,-87.62248,641,455,635.0,460.0,-6.0,0.71
CHI00587,Cottage Grove Ave & 63rd St,41.78053,-87.60597,639,425,664.0,416.0,25.0,0.665
631,Malcolm X College,41.87762,-87.67389,637,538,585.0,499.0,-52.0,0.845
TA1307000138,Wood St & Webster Ave,41.92106,-87.6728,628,470,712.0,511.0,84.0,0.748
CHI00927,Western Ave & Berteau Ave,41.95774,-87.68828,628,439,649.0,505.0,21.0,0.699
15628,California Ave & Byron St,41.95216,-87.69805,625,428,669.0,470.0,44.0,0.685
CHI00943,Whipple/Irving Park,41.95419,-87.70445,625,380,631.0,384.0,6.0,0.608
CHI00611,2112 W Peterson Ave,41.99118,-87.68359,608,440,601.0,436.0,-7.0,0.724
CHI01767,Kedzie Ave & 48th Pl,41.80476,-87.70422,602,188,545.0,192.0,-57.0,0.312
CHI02145,Larrabee St & Chicago Ave,41.89677,-87.6386,602,449,469.0,337.0,-133.0,0.746
CHI00397,California Ave & 21st St,41.8538,-87.69582,598,394,736.0,503.0,138.0,0.659
CHI02138,Sheffield Ave & Fletcher St,41.93901,-87.65321,597,442,575.0,440.0,-22.0,0.74
13208,Burling St & Diversey Pkwy,41.93314,-87.64776,590,482,600.0,506.0,10.0,0.817
CHI02128,Broadway & Cuyler Ave,41.95542,-87.6515,589,427,534.0,373.0,-55.0,0.725
CHI00292,Loomis St & Archer Ave,41.84163,-87.65744,588,380,582.0,346.0,-6.0,0.646
KA1504000126,Kedzie Ave & Leland Ave,41.96669,-87.70805,587,377,614.0,342.0,27.0,0.642
CHI00566,Dorchester Ave & 63rd St,41.78041,-87.59142,587,350,622.0,352.0,35.0,0.596
CHI00650,California Ave & Lake St,41.88445,-87.6963,586,372,487.0,301.0,-99.0,0.635
CHI00922,Sacramento Blvd & Addison St,41.94609,-87.70299,586,296,588.0,307.0,2.0,0.505
15445,Wentworth Ave & 33rd St,41.83453,-87.63182,585,474,599.0,472.0,14.0,0.81
15621,Albany Ave & Montrose Ave,41.96104,-87.70587,583,376,604.0,384.0,21.0,0.645
KA1504000160,Francisco Ave & Foster Ave,41.97563,-87.70142,578,460,607.0,477.0,29.0,0.796
CHI01041,Ridge Blvd & Howard St,42.01928,-87.68452,575,403,518.0,288.0,-57.0,0.701
CHI00502,Cottage Grove Ave & 51st St,41.80304,-87.60662,573,343,560.0,355.0,-13.0,0.599
CHI01825,Karlov Ave & Armitage Ave,41.91748,-87.72895,573,419,624.0,407.0,51.0,0.731
TA1308000035,Lake Park Ave & 47th St,41.80944,-87.59188,571,385,679.0,465.0,108.0,0.674
20247.0,W Washington Blvd & N Peoria St,41.88305,-87.64994,570,445,291.0,226.0,-279.0,0.781
515,Paulina St & Howard St,42.01916,-87.67357,567,361,577.0,386.0,10.0,0.637
13089,Damen Ave & Cullerton St,41.85497,-87.6757,566,369,609.0,379.0,43.0,0.652
CHI00977,Valli Produce - Evanston Plaza,42.03974,-87.69941,566,315,561.0,278.0,-5.0,0.557
CHI02151,Malden St & Wilson Ave,41.96526,-87.66274,566,438,541.0,401.0,-25.0,0.774
CHI00456,Racine Ave & 35th St,41.83069,-87.65621,564,277,578.0,309.0,14.0,0.491
CHI00325,Western Ave & 24th St,41.84847,-87.68511,562,297,553.0,277.0,-9.0,0.528
CHI02067,Sheffield/Cornelia Corral,41.94529,-87.65422,559,270,569.0,245.0,10.0,0.483
CHI00392,Normal Ave & Archer Ave,41.84953,-87.64059,556,380,557.0,409.0,1.0,0.683
18069,Cherry Ave & Blackhawk St,41.90722,-87.65562,556,396,455.0,333.0,-101.0,0.712
KA1504000078,Lincoln Ave & Winona St,41.97491,-87.6925,553,433,558.0,446.0,5.0,0.783
CHI00924,Albany Ave & Belmont Ave,41.93964,-87.70526,549,307,481.0,243.0,-68.0,0.559
15654,Spaulding Ave & Division St,41.90271,-87.70922,546,346,516.0,284.0,-30.0,0.634
TA1308000002,Greenwood Ave & 47th St,41.80983,-87.59938,544,425,428.0,338.0,-116.0,0.781
CHI00741,Dodge Ave & Church St,42.04831,-87.69823,541,294,487.0,255.0,-54.0,0.543
CHI00918,Milwaukee Ave & Fullerton Ave,41.92469,-87.70055,537,254,548.0,255.0,11.0,0.473
CHI02063,Addison/Wilton Corral,41.94739,-87.65318,535,214,576.0,226.0,41.0,0.4
CHI01878,Clark/Eddy,41.94659,-87.6561,535,223,535.0,253.0,0.0,0.417
CHI00657,Kedzie Ave & Chicago Ave,41.89547,-87.70613,534,371,550.0,332.0,16.0,0.695
CHI02142,Franklin St & Madison St,41.88139,-87.63542,528,355,470.0,350.0,-58.0,0.672
CHI02073,Broadway & Oakdale Ave,41.93559,-87.64405,527,331,537.0,287.0,10.0,0.628
CHI02158,Pine Grove Ave & Wellington Ave,41.93651,-87.64122,526,383,525.0,398.0,-1.0,0.728
KA1504000142,Drake Ave & Addison St,41.94733,-87.71758,524,348,517.0,363.0,-7.0,0.664
661,Evanston Civic Center,42.05646,-87.6864,521,238,500.0,237.0,-21.0,0.457
TA1307000153,Emerald Ave & 28th St,41.84358,-87.64537,516,388,473.0,351.0,-43.0,0.752
525,Glenwood Ave & Touhy Ave,42.0127,-87.66606,514,314,475.0,271.0,-39.0,0.611
KA1504000117,Halsted St & North Branch St,41.89939,-87.64854,512,349,386.0,269.0,-126.0,0.682
15443,Shields Ave & 28th Pl,41.84273,-87.63549,510,432,559.0,487.0,49.0,0.847
CHI02062,Grace/Sheffield Corral,41.95116,-87.65461,510,314,519.0,350.0,9.0,0.616
CHI02069,Addison/Sheffield SW Corral,41.94695,-87.65441,508,187,523.0,258.0,15.0,0.368
CHI00928,Campbell Ave & Irving Park Rd,41.95363,-87.69078,506,229,525.0,271.0,19.0,0.453
TA1308000043,Halsted St & 35th St,41.83066,-87.64717,506,338,505.0,326.0,-1.0,0.668
CHI00664,Bosworth Ave & Howard St,42.01954,-87.66956,505,401,483.0,366.0,-22.0,0.794
24370,Milwaukee Ave & Ainslie St,41.96861,-87.76108,504,343,480.0,336.0,-24.0,0.681
CHI02031,Stony Island Ave & 63rd St,41.78051,-87.58684,502,245,508.0,240.0,6.0,0.488
KA1503000065,Woodlawn Ave & Lake Park Ave,41.81409,-87.59701,502,336,439.0,329.0,-63.0,0.669
643,Smith Park,41.89205,-87.6894,497,365,566.0,404.0,69.0,0.734
CHI00350,Budlong Woods Library,41.98367,-87.69642,494,340,544.0,315.0,50.0,0.688
20257.0,N Southport Ave & W Newport Ave,41.94402,-87.66398,493,273,522.0,331.0,29.0,0.554
CHI00822,Ping Tom Park (East),41.858,-87.63195,491,244,403.0,195.0,-88.0,0.497
CHI00445,Cottage Grove Ave & 43rd St,41.8165,-87.60658,490,272,471.0,268.0,-19.0,0.555
KA1503000069,Dorchester Ave & 49th St,41.80577,-87.59246,486,411,417.0,352.0,-69.0,0.846
CHI00592,Maplewood Ave & Peterson Ave,41.99024,-87.69337,484,363,526.0,363.0,42.0,0.75
CHI00925,Rockwell St & Fletcher St,41.93869,-87.69297,483,228,500.0,257.0,17.0,0.472
CHI01945,Kenneth Ave & Lawrence Ave,41.96794,-87.73998,477,388,476.0,383.0,-1.0,0.813
15653,Troy St & North Ave,41.90977,-87.70529,477,268,457.0,260.0,-20.0,0.562
15615,Christiana Ave & Lawrence Ave,41.96835,-87.71183,476,288,519.0,367.0,43.0,0.605
18017,Central Park Ave & Bloomingdale Ave,41.91417,-87.71676,473,235,514.0,199.0,41.0,0.497
CHI01876,Pulaski Rd & 51st St,41.80043,-87.72475,472,183,462.0,206.0,-10.0,0.388
CHI01868,Lincoln Ave & Peterson Ave,41.99027,-87.70857,472,342,497.0,374.0,25.0,0.725
13345,Calumet Ave & 35th St,41.83138,-87.61803,471,370,496.0,399.0,25.0,0.786
CHI00415,Halsted St & 37th St,41.82706,-87.64572,470,265,481.0,298.0,11.0,0.564
15668,Western Ave & Congress Pkwy,41.87475,-87.68644,470,369,417.0,326.0,-53.0,0.785
CHI00538,Pulaski Rd & Eddy St,41.94626,-87.73103,469,245,468.0,272.0,-1.0,0.522
CHI02044,Dodge Ave & Main St,42.03464,-87.69919,468,274,460.0,274.0,-8.0,0.585
CHI02167,Harper Ave & 55th St,41.7953,-87.58833,468,353,462.0,333.0,-6.0,0.754
CHI00655,Central Park Ave & Ogden Ave,41.85406,-87.71512,463,210,401.0,217.0,-62.0,0.454
CHI00586,DuSable Museum,41.79157,-87.60785,462,322,448.0,314.0,-14.0,0.697
KA1504000147,Winchester (Ravenswood) Ave & Balmoral Ave,41.97976,-87.67753,459,282,492.0,305.0,33.0,0.614
CHI00932,N Shore Channel Trail & Argyle St,41.97218,-87.70275,458,316,419.0,297.0,-39.0,0.69
RP-005,Western Ave & Lunt Ave,42.00859,-87.69049,456,358,456.0,386.0,0.0,0.785
CHI01665,Hastings LWS,41.86352,-87.67975,453,400,436.0,392.0,-17.0,0.883
CHI02134,Wood St & Cortland St,41.91589,-87.67281,451,318,420.0,292.0,-31.0,0.705
CHI00656,Kedzie Ave & 21st St,41.85353,-87.70507,450,280,401.0,224.0,-49.0,0.622
CHI00603,Oakley Ave & Touhy Ave,42.01234,-87.68824,443,275,456.0,262.0,13.0,0.621
CHI00609,Kildare Ave & Montrose Ave,41.96108,-87.73569,442,237,398.0,239.0,-44.0,0.536
CHI01081,Kilbourn Ave & Irving Park Rd,41.95373,-87.74057,438,314,438.0,317.0,0.0,0.717
CHI00545,Prairie Ave & 43rd St,41.81666,-87.61941,435,183,515.0,263.0,80.0,0.421
KA1504000159,Sheridan Rd & Greenleaf Ave,42.01059,-87.66241,433,255,452.0,290.0,19.0,0.589
TA1308000026,Wentworth Ave & 24th St,41.85008,-87.63214,430,229,457.0,256.0,27.0,0.533
CHI00624,Damen Ave/Coulter St,41.8492,-87.67564,429,256,416.0,235.0,-13.0,0.597
CHI00326,Wood St & 35th St,41.83011,-87.6703,428,315,505.0,352.0,77.0,0.736
CHI00488,Cottage Grove Ave & 47th St,41.80858,-87.60671,427,317,491.0,348.0,64.0,0.742
CHI02126,Sacramento Ave & Lyndale St,41.92235,-87.70242,422,286,385.0,275.0,-37.0,0.678
CHI02129,Western Ave & Lyndale St,41.9226,-87.68772,422,272,442.0,298.0,20.0,0.645
CHI00582,Cottage Grove Ave & 67th St,41.77372,-87.60563,421,268,435.0,279.0,14.0,0.637
CHI02168,Wabash Ave & Jackson Blvd,41.87801,-87.626,420,299,428.0,308.0,8.0,0.712
CHI00429,Calumet Ave & 51st St,41.80229,-87.61805,419,222,418.0,220.0,-1.0,0.53
TA1308000045,Wallace St & 35th St,41.83071,-87.64126,418,319,411.0,302.0,-7.0,0.763
SL-006,Wells St & 19th St,41.8568,-87.63388,417,135,403.0,161.0,-14.0,0.324
523,Eastlake Ter & Howard St,42.0192,-87.6643,417,301,375.0,259.0,-42.0,0.722
CHI02130,Rockwell Ave & Logan Blvd,41.92811,-87.69268,416,281,422.0,266.0,6.0,0.675
CHI00399,MLK Jr Dr & 47th St,41.80985,-87.61628,415,186,394.0,202.0,-21.0,0.448
CHI00528,Kedzie Ave & Lake St,41.88461,-87.70631,414,227,338.0,171.0,-76.0,0.548
411,Francisco Ave & Chicago Ave,41.89575,-87.69865,414,259,429.0,218.0,15.0,0.626
CHI02157,Southport Ave & Grace St,41.95155,-87.66404,413,318,409.0,329.0,-4.0,0.77
KA1503000005,Wentworth Ave & 35th St,41.83078,-87.6325,412,269,397.0,233.0,-15.0,0.653
CHI00692,Milwaukee Ave & Cuyler Ave,41.95447,-87.74959,411,211,499.0,242.0,88.0,0.513
CHI01925,Kedzie Ave & 57th St,41.78983,-87.7031,408,154,445.0,166.0,37.0,0.377
CHI02091,Lock St & 31st St,41.83796,-87.65905,406,288,364.0,247.0,-42.0,0.709
CHI02136,Paulina St & Adams St,41.87862,-87.66913,405,215,391.0,215.0,-14.0,0.531
CHI00930,Lincoln Ave & Balmoral Ave,41.97946,-87.69301,404,260,381.0,252.0,-23.0,0.644
CHI01901,Midway Orange Line,41.78692,-87.73892,403,156,327.0,170.0,-76.0,0.387
CHI01539,St Louis Ave & Foster Ave,41.97598,-87.71598,402,279,377.0,273.0,-25.0,0.694
KA1504000101,Ogden Ave & Roosevelt Rd,41.8665,-87.68469,401,337,308.0,269.0,-93.0,0.84
CHI01061,Public Rack - Washtenaw Ave & Superior St,41.89474,-87.69517,401,226,407.0,217.0,6.0,0.564
CHI00546,Jeffery Blvd & 67th St,41.77352,-87.57715,401,186,325.0,141.0,-76.0,0.464
CHI00629,Washtenaw Ave & Ogden Ave,41.86193,-87.69345,396,220,357.0,166.0,-39.0,0.556
CHI01856,Kilbourn Ave & Belden Ave,41.92237,-87.73902,395,314,442.0,322.0,47.0,0.795
CHI00572,Hoyne Ave & 47th St,41.80823,-87.67718,392,211,412.0,228.0,20.0,0.538
KA1504000127,Manor Ave & Leland Ave,41.96587,-87.70082,390,276,399.0,287.0,9.0,0.708
25001,Archer & Wentworth,41.85469,-87.63085,383,202,430.0,206.0,47.0,0.527
472,Elston Ave & George St,41.934,-87.69082,383,275,403.0,275.0,20.0,0.718
CHI00221,South Shore Dr & 74th St,41.76219,-87.55927,380,212,359.0,175.0,-21.0,0.558
CHI01820,North Boundary Park,42.01303,-87.70891,378,244,408.0,250.0,30.0,0.646
CHI00660,California Ave & 23rd Pl,41.84911,-87.69514,378,260,379.0,267.0,1.0,0.688
CHI00926,Kedzie Ave & George St,41.93389,-87.70726,377,202,392.0,212.0,15.0,0.536
15667,Western Ave & Monroe St,41.88143,-87.68663,377,260,361.0,265.0,-16.0,0.69
CHI01800,Karlov Ave & Lawrence Ave,41.96795,-87.73041,377,229,361.0,226.0,-16.0,0.607
CHI01266,Wolcott Ave & Fargo Ave,42.01698,-87.67772,376,274,379.0,260.0,3.0,0.729
435,Rockwell St & Fletcher St,41.93869,-87.69297,375,211,355.0,194.0,-20.0,0.563
CHI02058,Addison/Sheffield SE Corral,41.94703,-87.65425,374,152,376.0,180.0,2.0,0.406
CHI00921,Western Ave & Grace St,41.95039,-87.68823,373,170,400.0,187.0,27.0,0.456
Corral 17,Wacker Dr & Washington St Corral,41.88317,-87.63736,373,276,193.0,158.0,-180.0,0.74
CHI00735,Western Blvd & 48th Pl,41.80566,-87.68339,373,168,346.0,223.0,-27.0,0.45
TA1307000160,Prairie Ave & Garfield Blvd,41.79485,-87.6187,369,237,383.0,268.0,14.0,0.642
CHI00940,Elston Ave & George St,41.934,-87.69082,367,221,405.0,219.0,38.0,0.602
KA1504000097,Drake Ave & Montrose Ave,41.96115,-87.71657,365,202,390.0,237.0,25.0,0.553
E006,Central St Metra,42.0636,-87.69873,364,163,354.0,183.0,-10.0,0.448
431,Western Ave & Grace St,41.95039,-87.68823,364,225,377.0,245.0,13.0,0.618
TA1308000014,Normal Ave & Archer Ave,41.84953,-87.64059,363,311,359.0,309.0,-4.0,0.857
CHI01994,University Ave & 65th St,41.77694,-87.59842,363,190,376.0,193.0,13.0,0.523
CHI02166,May St & Hubbard St,41.89008,-87.65597,363,270,364.0,290.0,1.0,0.744
CHI02090,Wallace St & 28th St,41.84351,-87.6419,361,220,308.0,151.0,-53.0,0.609
517,Clark St & Jarvis Ave,42.01405,-87.67601,361,258,343.0,262.0,-18.0,0.715
CHI02155,Sheridan Rd & Berwyn Ave,41.97828,-87.65529,359,297,363.0,287.0,4.0,0.827
CHI02181,Kingsbury St & Kinzie St 2,41.88919,-87.63839,358,303,356.0,307.0,-2.0,0.846
CHI02045,Lincolnwood Dr & Central St,42.06485,-87.7153,358,178,381.0,115.0,23.0,0.497
KA1503000068,Leavitt St & Archer Ave,41.82879,-87.68061,358,192,289.0,149.0,-69.0,0.536
KA1504000129,Western Ave & Granville Ave,41.99416,-87.68944,358,296,357.0,293.0,-1.0,0.827
TA1307000048,Fort Dearborn Dr & 31st St,41.83856,-87.60822,357,166,311.0,169.0,-46.0,0.465
CHI01826,Springfield Ave & North Ave,41.91016,-87.72383,356,221,369.0,170.0,13.0,0.621
CHI01788,Rockwell St & Archer Ave,41.82272,-87.68982,355,164,358.0,175.0,3.0,0.462
CHI01170,Conservatory Dr & Lake St,41.8855,-87.71687,353,150,300.0,127.0,-53.0,0.425
CHI02162,Halsted St & Melrose St,41.94112,-87.64907,352,277,390.0,320.0,38.0,0.787
16010,Keystone Ave & Fullerton Ave,41.92459,-87.72785,350,267,317.0,209.0,-33.0,0.763
527,Western Ave & Howard St,42.0175,-87.69039,350,224,305.0,234.0,-45.0,0.64
CHI02171,Dorchester Ave & 53rd St,41.79943,-87.59227,349,279,336.0,269.0,-13.0,0.799
Corral 15,LaSalle St & Washington St Corral N,41.88287,-87.63252,346,262,219.0,158.0,-127.0,0.757
KA1503000040,Loomis St & Archer Ave,41.84163,-87.65743,344,250,337.0,230.0,-7.0,0.727
CHI01816,Kostner Ave & Wrightwood Ave,41.92796,-87.73595,342,250,377.0,197.0,35.0,0.731
CHI00813,Lockwood Ave & Wrightwood Ave,41.92777,-87.75854,340,249,342.0,256.0,2.0,0.732
RP-001,Warren Park West,42.00179,-87.68883,337,253,371.0,273.0,34.0,0.751
446,Francisco Ave & Montrose Ave,41.96105,-87.7009,336,205,336.0,228.0,0.0,0.61
Corral 21,LaSalle St & Jackson Blvd Corral,41.87815,-87.63203,331,259,155.0,99.0,-176.0,0.782
CHI02027,Edgebrook Metra,41.99751,-87.76539,330,207,311.0,206.0,-19.0,0.627
CHI00694,Kilbourn Ave & Milwaukee Ave,41.94783,-87.74002,329,137,293.0,167.0,-36.0,0.416
KA1504000096,Sawyer Ave & Irving Park Rd,41.95359,-87.70931,328,247,338.0,248.0,10.0,0.753
15542,Clinton St & Polk St,41.87147,-87.64095,328,207,344.0,226.0,16.0,0.631
CHI00748,State St & 95th St,41.72183,-87.62285,326,63,240.0,64.0,-86.0,0.193
23108,Monticello Ave & Lawrence Ave,41.9682,-87.71955,326,267,277.0,203.0,-49.0,0.819
CHI00901,Francisco Ave & Chicago Ave,41.89574,-87.69865,326,175,340.0,185.0,14.0,0.537
13091,Western Ave & 21st St,41.85411,-87.68584,325,242,332.0,260.0,7.0,0.745
CHI01938,Milwaukee Ave & Agatite Ave,41.9615,-87.75489,325,214,308.0,227.0,-17.0,0.658
23104,California Ave & Granville Ave,41.99418,-87.69956,324,269,313.0,262.0,-11.0,0.83
13165,Racine Ave & 13th St,41.86505,-87.65696,324,253,287.0,248.0,-37.0,0.781
CHI00931,California Ave & Winona St,41.97471,-87.69785,323,228,281.0,199.0,-42.0,0.706
CHI00231,State St & 29th St,41.84171,-87.62694,322,188,325.0,192.0,3.0,0.584
20253.0,N Paulina St & Lincoln Ave,41.94384,-87.67147,322,221,330.0,249.0,8.0,0.686
CHI00960,Addison Red Line,41.94719,-87.654,322,139,336.0,150.0,14.0,0.432
592,Knox Ave & Montrose Ave,41.96063,-87.74536,320,209,250.0,148.0,-70.0,0.653
CHI00780,Jeffery Blvd & 71st St,41.76664,-87.57645,318,225,308.0,226.0,-10.0,0.708
CHI00798,Dodge Ave & Mulford St,42.02346,-87.6996,318,189,347.0,212.0,29.0,0.594
CHI01780,Fairfield Ave & Pratt Blvd,42.00446,-87.6986,318,145,337.0,159.0,19.0,0.456
KA1503000029,South Shore Dr & 67th St,41.77364,-87.56751,317,214,327.0,229.0,10.0,0.675
18016,Bernard St & Elston Ave,41.94992,-87.71395,315,206,292.0,186.0,-23.0,0.654
598,Elmwood Ave & Austin St,42.02578,-87.68411,314,153,295.0,148.0,-19.0,0.487
CHI02092,Parnell Ave & 31st St,41.83791,-87.64028,313,152,311.0,180.0,-2.0,0.486
CHI00936,Western Ave & Ardmore Ave,41.98676,-87.68987,310,175,296.0,168.0,-14.0,0.565
CHI00601,Ashland Ave & Pershing Rd,41.82347,-87.66558,308,173,310.0,193.0,2.0,0.562
KA1504000128,Kedzie Ave & Foster Ave,41.97567,-87.70926,306,183,292.0,185.0,-14.0,0.598
CHI01857,Kilbourn Ave & Roscoe St,41.94272,-87.73956,300,187,278.0,155.0,-22.0,0.623
CHI00541,Austin Blvd & Lake St,41.88794,-87.77428,299,123,259.0,156.0,-40.0,0.411
CHI00804,Princeton Ave & 47th St,41.80932,-87.63345,299,154,267.0,141.0,-32.0,0.515
23101,McCormick Blvd & Devon Ave,41.99719,-87.71108,297,218,316.0,232.0,19.0,0.734
CHI01148,Public Rack - Milwaukee Ave & Diversey Ave,41.93125,-87.71147,297,204,313.0,256.0,16.0,0.687
CHI02175,Dearborn St & Adams St,41.87963,-87.62937,297,238,291.0,251.0,-6.0,0.801
CHI02099,Wood St & Walnut St,41.88467,-87.67144,295,163,258.0,171.0,-37.0,0.553
Corral 11,Clark/Eddy,41.9466,-87.6561,295,138,300.0,147.0,5.0,0.468
KA1503000002,South Shore Dr & 71st St,41.76641,-87.56569,294,193,295.0,165.0,1.0,0.656
CHI01848,Western Ave & Lake St,41.88481,-87.68668,294,176,240.0,159.0,-54.0,0.599
CHI01863,Central Park Ave & Ardmore Ave,41.98661,-87.71877,293,224,346.0,278.0,53.0,0.765
20260.0,Ping Tom Park (East),41.858,-87.63195,291,223,258.0,220.0,-33.0,0.766
CHI01278,Public Rack - Christiana Ave & Belmont Ave,41.93917,-87.71171,291,193,296.0,136.0,5.0,0.663
RP-002,Warren Park East,42.00455,-87.68067,288,185,307.0,191.0,19.0,0.642
CHI02147,Western Ave & Berteau Ave,41.95774,-87.68827,286,250,301.0,259.0,15.0,0.874
13420,MLK Jr Dr & Pershing Rd,41.8246,-87.61678,283,167,266.0,179.0,-17.0,0.59
CHI01935,Wallace St & Pershing Rd,41.82352,-87.64076,283,167,284.0,196.0,1.0,0.59
CHI00959,Keeler Ave & Carmen Ave,41.97432,-87.7331,283,152,281.0,166.0,-2.0,0.537
CHI01952,Portage Park,41.95607,-87.76472,282,96,288.0,104.0,6.0,0.34
CHI02024,Lowell Ave & Armitage Ave,41.91708,-87.73535,281,148,337.0,146.0,56.0,0.527
RP-006,Ridge Blvd & Touhy Ave,42.01213,-87.68291,281,223,284.0,199.0,3.0,0.794
CHI00549,Stony Island Ave & 71st St,41.76649,-87.58646,278,169,278.0,185.0,0.0,0.608
Corral 12,Clark/Newport,41.9449,-87.6546,277,97,224.0,86.0,-53.0,0.35
CHI01814,Clark/Newport,41.94489,-87.6546,276,113,321.0,130.0,45.0,0.409
15652,Central Park Ave & North Ave,41.90966,-87.71663,275,172,298.0,173.0,23.0,0.625
KA1504000130,Maplewood Ave & Peterson Ave,41.99024,-87.69337,274,204,282.0,233.0,8.0,0.745
CHI01993,Kilbourn Ave & Diversey Ave,41.93179,-87.73934,274,170,297.0,161.0,23.0,0.62
CHI00966,Public Rack - Kedzie Ave & Argyle St,41.97209,-87.70858,272,186,282.0,174.0,10.0,0.684
15442,Ashland Ave & Archer Ave,41.83921,-87.66561,271,157,268.0,170.0,-3.0,0.579
CHI01765,Kostner Ave & Belmont Ave,41.93919,-87.7371,270,146,256.0,146.0,-14.0,0.541
15666,California Ave & Lake St,41.88445,-87.6963,268,154,214.0,141.0,-54.0,0.575
KA1504000161,St. Louis Ave & Balmoral Ave,41.98039,-87.71612,268,200,296.0,182.0,28.0,0.746
436,Kedzie Ave & George St,41.93389,-87.70726,267,144,266.0,141.0,-1.0,0.539
CHI00967,Public Rack - Hamlin Ave & Montrose Ave,41.96121,-87.72241,266,187,278.0,228.0,12.0,0.703
CHI02154,Damen Ave & Evergreen Ave,41.90605,-87.67758,264,180,279.0,199.0,15.0,0.682
CHI02170,Kenwood Ave & 57th St,41.79154,-87.59295,264,208,240.0,205.0,-24.0,0.788
768,Public Rack - Hyde Park Blvd & 55th St,41.79504,-87.58412,264,197,271.0,256.0,7.0,0.746
CHI01954,Melvina Ave & Giddings Ave,41.96648,-87.78202,264,151,280.0,171.0,16.0,0.572
CHI02002,Lavergne Ave & Lawrence Ave,41.96775,-87.75259,264,220,234.0,194.0,-30.0,0.833
CHI00578,Fairfield Ave & Roosevelt Rd,41.86662,-87.69452,262,138,235.0,145.0,-27.0,0.527
438,Western Ave & Berteau Ave,41.95774,-87.68827,262,219,266.0,245.0,4.0,0.836
CHI00812,Narragansett Ave & Wrightwood Ave,41.92729,-87.78523,261,85,282.0,104.0,21.0,0.326
23190,Karlov Ave & Armitage Ave,41.91748,-87.72895,260,204,289.0,209.0,29.0,0.785
CHI01285,Public Rack - Jonathan Y Scammon Public School,41.94165,-87.73245,259,145,264.0,210.0,5.0,0.56
CHI00256,Indiana Ave & 40th St,41.82168,-87.6216,258,144,272.0,127.0,14.0,0.558
E007,Central St & Girard Ave,42.06431,-87.68615,258,118,256.0,124.0,-2.0,0.457
CHI00929,Virginia Ave & Catalpa Ave,41.98125,-87.70489,257,182,239.0,164.0,-18.0,0.708
CHI01771,Laramie Ave & Irving Park Rd,41.95333,-87.75839,256,76,282.0,55.0,26.0,0.297
Corral 18,Wells St & Randolph St Corral,41.88437,-87.63396,256,188,98.0,87.0,-158.0,0.734
CHI01858,Kenosha Ave & Wellington Ave,41.93445,-87.73379,254,184,240.0,163.0,-14.0,0.724
CHI01135,Public Rack - Milwaukee Ave & Haussen Ct,41.93775,-87.72163,253,164,256.0,188.0,3.0,0.648
CHI00897,California & 16th St,41.85923,-87.69555,252,118,197.0,91.0,-55.0,0.468
15446,Racine Ave & 35th St,41.83069,-87.65621,252,132,274.0,150.0,22.0,0.524
15491,63rd St Beach,41.78091,-87.57632,251,102,279.0,124.0,28.0,0.406
CHI00916,Long & Irving Park,41.95304,-87.76216,251,122,192.0,111.0,-59.0,0.486
16806,Bosworth Ave & Howard St,42.01954,-87.66956,248,199,244.0,193.0,-4.0,0.802
CHI01889,Kilpatrick Ave & Grand Ave,41.91273,-87.74364,247,198,244.0,184.0,-3.0,0.802
CHI02014,Hyacinth Ave & Milwaukee Ave,41.99282,-87.78377,247,162,231.0,162.0,-16.0,0.656
KA1504000164,Keystone Ave & Montrose Ave,41.96111,-87.72897,247,186,273.0,194.0,26.0,0.753
CHI01419,Public Rack - Woodlawn Ave & 63rd St N,41.78062,-87.59604,247,186,249.0,207.0,2.0,0.753
CHI00902,Sacramento Blvd & Fulton Ave,41.88653,-87.70167,246,168,182.0,138.0,-64.0,0.683
CHI02148,Western Ave & Gunnison St,41.96966,-87.68953,246,196,234.0,194.0,-12.0,0.797
CHI01982,Linder Ave & Montrose Ave,41.96081,-87.76488,246,155,226.0,144.0,-20.0,0.63
KA1504000167,Kedzie Ave & Bryn Mawr Ave,41.98223,-87.70889,245,207,247.0,181.0,2.0,0.845
CHI00896,Rockwell St & Cermak Rd,41.85165,-87.69062,245,162,199.0,84.0,-46.0,0.661
TA1309000053,Cottage Grove Ave & 47th St,41.80985,-87.60675,244,216,246.0,199.0,2.0,0.885
444,N Shore Channel Trail & Argyle St,41.97218,-87.70275,244,161,236.0,168.0,-8.0,0.66
Corral 7,Addison Red Line,41.9472,-87.654,244,87,261.0,122.0,17.0,0.357
KA1503000054,Cottage Grove Ave & 63rd St,41.78053,-87.60597,244,175,243.0,153.0,-1.0,0.717
CHI01150,Public Rack - Hyde Park Blvd & 55th St,41.79502,-87.58411,243,164,254.0,197.0,11.0,0.675
CHI01910,Menard Ave & Lawrence Ave,41.96788,-87.77274,242,142,237.0,143.0,-5.0,0.587
CHI00510,Central Park & Augusta Blvd,41.89891,-87.71649,241,193,268.0,224.0,27.0,0.801
430,Troy St & Grace St,41.95024,-87.70648,241,152,240.0,150.0,-1.0,0.631
CHI01779,Sacramento Ave & Lunt Ave,42.0082,-87.70461,239,144,248.0,164.0,9.0,0.603
21382,Kedzie Ave & 48th Pl,41.80476,-87.70422,239,105,174.0,92.0,-65.0,0.439
CHI01841,California Ave & 41st St,41.81867,-87.69441,236,71,248.0,53.0,12.0,0.301
23321,Kostner Ave & Wrightwood Ave,41.92796,-87.73595,236,190,245.0,157.0,9.0,0.805
CHI02015,Milwaukee Ave & Highland Ave,41.99636,-87.78674,235,124,217.0,109.0,-18.0,0.528
CHI01827,Kildare Ave & North Ave,41.90954,-87.73386,232,160,252.0,180.0,20.0,0.69
KA1503000046,Dorchester Ave & 63rd St,41.78041,-87.59142,232,150,273.0,171.0,41.0,0.647
CHI00906,Washtenaw Ave & Polk St,41.8711,-87.69369,231,75,209.0,53.0,-22.0,0.325
CHI01003,Public Rack - Spaulding Ave & Evergreen Ave,41.90535,-87.70949,230,149,234.0,183.0,4.0,0.648
CHI00705,Archer (Damen) Ave & 37th St,41.82671,-87.68314,230,133,220.0,148.0,-10.0,0.578
432,Sacramento Blvd & Addison St,41.94609,-87.70299,228,127,226.0,138.0,-2.0,0.557
CHI01964,Farragut Ave & Central Ave,41.97666,-87.76823,226,133,213.0,133.0,-13.0,0.588
CHI02163,Kenmore Ave & School St,41.94166,-87.6556,225,148,219.0,160.0,-6.0,0.658
CHI01277,Public Rack - Monticello Ave & Belmont Ave,41.93945,-87.71844,225,111,233.0,120.0,8.0,0.493
15470,Calumet Ave & 51st St,41.80229,-87.61805,224,131,222.0,145.0,-2.0,0.585
CHI00561,Stony Island Ave & 67th St,41.77346,-87.58534,223,92,220.0,113.0,-3.0,0.413
Corral 23,Daley Center Plaza Corral,41.88419,-87.62969,219,160,49.0,31.0,-170.0,0.731
CHI01810,Avers Ave & Foster Ave,41.97541,-87.72452,219,113,215.0,122.0,-4.0,0.516
CHI02152,Marshfield Ave & Diversey Pkwy,41.93204,-87.6697,217,187,233.0,177.0,16.0,0.862
CHI01763,Cicero Ave & Wrightwood Ave,41.92791,-87.74674,217,163,246.0,175.0,29.0,0.751
CHI00815,Grace St & Cicero Ave,41.94973,-87.74695,216,86,220.0,87.0,4.0,0.398
951,Public Rack - Woodlawn Ave & 63rd St N,41.78062,-87.59604,216,180,219.0,178.0,3.0,0.833
CHI01834,California Ave & Touhy Ave,42.01204,-87.70044,214,111,211.0,100.0,-3.0,0.519
E011,Dodge Ave & Main St,42.03463,-87.69919,214,122,224.0,120.0,10.0,0.57
TA1309000003,Western Ave & 24th St,41.84847,-87.68511,214,146,200.0,121.0,-14.0,0.682
600,Dodge Ave & Church St,42.04831,-87.69822,213,130,209.0,109.0,-4.0,0.61
CHI01818,Kostner Ave & Bryn Mawr Ave,41.98277,-87.73808,213,93,215.0,90.0,2.0,0.437
CHI00756,Halsted St & 51st St,41.80183,-87.64521,211,129,221.0,150.0,10.0,0.611
CHI00658,Central Park Ave & 24th St,41.8481,-87.71507,210,102,207.0,83.0,-3.0,0.486
CHI01006,Lamon Ave & Belmont Ave,41.93901,-87.74928,209,114,127.0,71.0,-82.0,0.545
Corral 14,Franklin St & Adams St Corral,41.8794,-87.63558,207,150,133.0,109.0,-74.0,0.725
CHI01986,Elston Ave & Carmen Ave,41.97354,-87.74955,207,132,220.0,142.0,13.0,0.638
CHI01185,Public Rack - California Ave & Cortez St,41.90012,-87.69682,206,132,233.0,148.0,27.0,0.641
CHI00858,Big Marsh Park,41.68588,-87.57382,206,46,201.0,43.0,-5.0,0.223
CHI01758,Lockwood Ave & Grand Ave,41.91759,-87.75841,205,140,194.0,125.0,-11.0,0.683
CHI00762,Princeton Ave & Garfield Blvd,41.79498,-87.63312,205,113,223.0,111.0,18.0,0.551
15686,Kedzie Ave & 21st St,41.85353,-87.70507,204,127,188.0,122.0,-16.0,0.623
Corral 22,Dearborn St & Adams St Corral,41.87939,-87.62988,202,153,72.0,54.0,-130.0,0.757
21359,Kilbourn Ave & Belden Ave,41.92237,-87.73902,202,179,190.0,172.0,-12.0,0.886
429,Francisco Ave & Bloomingdale Ave,41.91396,-87.69938,202,101,193.0,113.0,-9.0,0.5
CHI01844,Western Ave & 43rd St,41.81574,-87.68489,201,129,177.0,127.0,-24.0,0.642
KA1504000155,2112 W Peterson Ave,41.99118,-87.68359,200,153,194.0,141.0,-6.0,0.765
CHI00934,Washtenaw Ave & Peterson Ave,41.99066,-87.69707,200,153,169.0,122.0,-31.0,0.765
514,Ridge Blvd & Howard St,42.01928,-87.68452,198,143,153.0,78.0,-45.0,0.722
CHI01769,Waveland/Racine,41.9491,-87.6593,198,72,203.0,83.0,5.0,0.364
599,Valli Produce - Evanston Plaza,42.03091,-87.69522,197,141,211.0,132.0,14.0,0.716
CHI02094,Rockwell/Irving Park Hub,41.95421,-87.69317,195,136,198.0,143.0,3.0,0.697
CHI01790,Fairfield Ave & 44th St,41.81362,-87.69323,195,26,202.0,58.0,7.0,0.133
434,Albany Ave & Belmont Ave,41.93964,-87.70526,195,120,180.0,114.0,-15.0,0.615
RP-007,Clark St & Touhy Ave,42.01256,-87.67437,194,128,202.0,138.0,8.0,0.66
KA1706005015,Kildare Ave & Montrose Ave,41.96108,-87.73569,194,95,177.0,102.0,-17.0,0.49
13096,California Ave & 21st St,41.8538,-87.69582,193,147,197.0,112.0,4.0,0.762
CHI01866,Mozart St & Jackson Blvd,41.8775,-87.6974,193,96,239.0,143.0,46.0,0.497
CHI01789,Laramie Ave & Addison St,41.94568,-87.75694,193,34,178.0,29.0,-15.0,0.176
442,Lincoln Ave & Balmoral Ave,41.97946,-87.69301,192,140,200.0,145.0,8.0,0.729
24289,Midway Orange Line,41.78692,-87.73892,192,70,145.0,74.0,-47.0,0.365
CHI00554,Perry Ave & 69th St,41.76929,-87.6282,191,56,177.0,53.0,-14.0,0.293
CHI00542,Central Park Blvd & 5th Ave,41.87568,-87.71547,191,154,241.0,197.0,50.0,0.806
20255.0,N Damen Ave & W Chicago Ave,41.89581,-87.67849,190,150,187.0,142.0,-3.0,0.789
433,Elston Ave & Henderson St,41.9415,-87.70104,190,87,192.0,97.0,2.0,0.458
CHI01801,Cicero Ave & Roscoe Ave,41.94243,-87.74731,189,118,171.0,100.0,-18.0,0.624
21462,Lincoln Ave & Peterson Ave,41.99027,-87.70857,188,143,188.0,139.0,0.0,0.761
CHI01377,Public Rack - Emerald Ave & 43rd St,41.81643,-87.64475,187,139,196.0,158.0,9.0,0.743
475,Whipple/Irving Park,41.95419,-87.70445,187,130,181.0,107.0,-6.0,0.695
CHI00914,Francisco Ave & Bloomingdale Ave,41.91396,-87.69938,186,110,188.0,111.0,2.0,0.591
TA1309000067,Cottage Grove Ave & 51st St,41.80304,-87.60662,186,127,177.0,116.0,-9.0,0.683
CHI02029,Halsted St & 96th St,41.71971,-87.64302,184,159,185.0,158.0,1.0,0.864
TA1308000038,Cottage Grove Ave & Oakwood Blvd,41.82298,-87.6071,184,72,218.0,66.0,34.0,0.391
KA1503000066,Wood St & 35th St,41.8301,-87.6703,184,143,191.0,151.0,7.0,0.777
RP-004,Oakley Ave & Touhy Ave,42.01234,-87.68824,183,141,165.0,111.0,-18.0,0.77
TA1308000007,MLK Jr Dr & 47th St,41.80985,-87.61628,182,111,198.0,138.0,16.0,0.61
CHI01865,Richmond St & Lincoln Ave,41.98813,-87.70317,182,108,201.0,123.0,19.0,0.593
21343,Pulaski Rd & 51st St,41.80043,-87.72475,181,98,147.0,65.0,-34.0,0.541
CHI00811,Long Ave & Belmont Ave,41.93833,-87.76166,181,33,177.0,32.0,-4.0,0.182
CHI00523,Halsted St & 47th Pl,41.80813,-87.64562,181,99,176.0,68.0,-5.0,0.547
CHI00795,Walden Pkwy & 100th St,41.71217,-87.66773,179,39,171.0,49.0,-8.0,0.218
CHI01101,Public Rack - Hyde Park Blvd & 53rd St,41.79948,-87.5842,179,116,193.0,128.0,14.0,0.648
CHI01504,Public Rack - Rockwell & Division,41.90285,-87.69241,178,129,183.0,123.0,5.0,0.725
21379,Rockwell St & Archer Ave,41.82272,-87.68982,178,92,179.0,97.0,1.0,0.517
KA1504000106,Kedzie Ave & Lake St,41.88461,-87.7063,178,115,126.0,75.0,-52.0,0.646
CHI01914,Shabbona Park,41.9448,-87.79932,177,37,227.0,41.0,50.0,0.209
23191,Springfield Ave & North Ave,41.91016,-87.72383,177,85,154.0,68.0,-23.0,0.48
CHI00597,Sacramento Blvd & Franklin Blvd,41.89047,-87.70261,177,108,188.0,118.0,11.0,0.61
CHI01836,California Ave & Madison St,41.88098,-87.69598,177,84,118.0,70.0,-59.0,0.475
CHI01396,Public Rack - Washtenaw Ave & Devon Ave,41.99776,-87.69722,176,147,175.0,159.0,-1.0,0.835
CHI00557,Stony Island Ave & 64th St,41.77888,-87.58665,175,67,160.0,84.0,-15.0,0.383
CHI01850,Lavergne Ave & Fullerton Ave,41.92403,-87.75119,175,110,191.0,116.0,16.0,0.629
855,Public Rack - Washtenaw Ave & Superior St,41.89474,-87.69517,175,105,179.0,111.0,4.0,0.6
CHI02149,Lincoln Ave & Balmoral Ave,41.97946,-87.69301,175,139,161.0,123.0,-14.0,0.794
CHI00565,Stony Island Ave & 75th St,41.75867,-87.58688,174,103,165.0,96.0,-9.0,0.592
CHI02156,Granville Ave & Clark St,41.9944,-87.66983,174,131,169.0,131.0,-5.0,0.753
CHI00892,Kilpatrick Ave & Parker Ave,41.93074,-87.74408,174,122,153.0,100.0,-21.0,0.701
CHI02160,Marshfield Ave & Wabansia Ave,41.91217,-87.66888,174,102,164.0,92.0,-10.0,0.586
CHI01842,Wood St & 33rd St,41.83427,-87.6706,174,57,160.0,61.0,-14.0,0.328
653B,Stony Island Ave & 63rd St,41.78051,-87.58684,173,85,152.0,74.0,-21.0,0.491
CHI00722,Exchange Ave & 79th St,41.75211,-87.55201,173,101,149.0,68.0,-24.0,0.584
439,Campbell Ave & Irving Park Rd,41.95363,-87.69078,171,81,171.0,104.0,0.0,0.474
CHI00220,Eberhart Ave & 61st St,41.78407,-87.61448,171,55,214.0,51.0,43.0,0.322
CHI01977,Narragansett Ave & Montrose Ave,41.95998,-87.78693,171,99,154.0,102.0,-17.0,0.579
491,Public Rack - Kedzie Ave & Argyle St,41.9721,-87.70861,170,130,177.0,142.0,7.0,0.765
CHI01967,Mason Ave & Montrose Ave,41.96056,-87.77588,170,102,194.0,110.0,24.0,0.6
PI00001,Damen Ave/Coulter St,41.8492,-87.67564,170,101,176.0,124.0,6.0,0.594
CHI02176,Dearborn St & Washington St,41.88298,-87.62932,169,134,162.0,135.0,-7.0,0.793
CHI01139,Damen Ave & Pershing Rd,41.82319,-87.6766,168,74,183.0,70.0,15.0,0.44
518,Conservatory Dr & Lake St,41.88635,-87.71726,168,72,162.0,73.0,-6.0,0.429
CHI00672,Ashland Ave & McDowell Ave,41.80972,-87.66348,167,86,198.0,71.0,31.0,0.515
CHI00248,Union Ave & Root St,41.8191,-87.64328,167,89,198.0,79.0,31.0,0.533
KA1503000030,Jeffery Blvd & 67th St,41.77352,-87.57715,166,82,142.0,72.0,-24.0,0.494
CHI01892,Bernard St & Peterson Ave,41.99045,-87.71523,166,124,166.0,131.0,0.0,0.747
CHI00885,Hamlin Ave & Grand Ave,41.90403,-87.72156,165,80,82.0,22.0,-83.0,0.485
CHI00568,Wentworth Ave & 63rd St,41.78008,-87.62975,165,74,168.0,96.0,3.0,0.448
CHI01778,Dan Ryan Woods & 83rd St,41.74281,-87.68018,165,29,158.0,31.0,-7.0,0.176
CHI02182,St. Clair St & Erie St 2,41.89445,-87.62268,165,150,187.0,161.0,22.0,0.909
CHI01398,Public Rack - Jensen Park,41.96486,-87.72078,164,133,169.0,158.0,5.0,0.811
CHI01932,Long Ave & Diversey Ave,41.93104,-87.76124,164,121,180.0,92.0,16.0,0.738
CHI01760,Central Ave & Altgeld St,41.92581,-87.76637,164,113,172.0,102.0,8.0,0.689
CHI01898,Hoyne Ave & 34th St,41.83202,-87.67784,164,104,194.0,143.0,30.0,0.634
CHI00589,Millard Ave & 26th St,41.84453,-87.71592,163,105,161.0,94.0,-2.0,0.644
CHI00767,Chicago State University,41.71896,-87.6083,163,58,148.0,64.0,-15.0,0.356
21314,Narragansett Ave & Wrightwood Ave,41.92729,-87.78523,163,52,166.0,71.0,3.0,0.319
CHI00824,Kildare Ave & Division St,41.90239,-87.7336,163,128,123.0,94.0,-40.0,0.785
CHI01832,Sacramento Ave & Pratt Blvd,42.00404,-87.70473,163,72,172.0,83.0,9.0,0.442
CHI01833,Addison/Racine,41.94729,-87.65919,161,64,167.0,74.0,6.0,0.398
CHI01399,Public Rack - Drake Ave & Leland Ave,41.96599,-87.71688,161,140,164.0,152.0,3.0,0.87
CHI00814,Merrimac Park,41.95261,-87.78535,160,87,160.0,77.0,0.0,0.544
CHI02173,Clark St & Washington St,41.88302,-87.631,159,124,156.0,109.0,-3.0,0.78
CHI00796,Oak Park & Wellington,41.93459,-87.79596,158,120,153.0,116.0,-5.0,0.759
CHI01828,Lexington St & California Ave,41.87199,-87.69581,158,80,175.0,102.0,17.0,0.506
CHI01985,Cumberland Ave & Catherine Ave,41.97732,-87.83674,157,41,168.0,43.0,11.0,0.261
CHI00891,Central Ave & Parker Ave,41.93018,-87.76612,157,102,115.0,94.0,-42.0,0.65
CHI02164,Oakley Ave & Lyndale St,41.92261,-87.68513,156,102,161.0,99.0,5.0,0.654
414,Sacramento Blvd & Fulton Ave,41.88653,-87.70167,156,115,147.0,117.0,-9.0,0.737
590,Kilbourn Ave & Irving Park Rd,41.95373,-87.74057,154,100,134.0,96.0,-20.0,0.649
CHI00745,Morgan St & Pershing Rd,41.82361,-87.65093,153,53,125.0,39.0,-28.0,0.346
CHI01843,Harlem Ave & Irving Park Rd,41.95326,-87.80714,153,69,124.0,48.0,-29.0,0.451
519,Wolcott Ave & Fargo Ave,42.01626,-87.67811,152,97,155.0,96.0,3.0,0.638
16991,Milwaukee Ave & Cuyler Ave,41.95447,-87.74959,151,84,174.0,95.0,23.0,0.556
KA1503000075,DuSable Museum,41.79157,-87.60785,151,94,139.0,94.0,-12.0,0.623
KA1504000091,Hoyne Ave & 47th St,41.80823,-87.67718,150,85,129.0,83.0,-21.0,0.567
CHI02000,Lynch Ave & Elston Ave,41.98096,-87.76149,150,68,141.0,57.0,-9.0,0.453
CHI00679,Ashland Ave & 50th St,41.80302,-87.6647,149,58,158.0,59.0,9.0,0.389
CHI01886,Long Ave & North Ave,41.90921,-87.76092,149,109,142.0,118.0,-7.0,0.732
CHI00596,Austin Blvd & Madison St,41.88028,-87.77445,147,64,163.0,57.0,16.0,0.435
CHI00873,Burnham Greenway & 112th St,41.69177,-87.53043,147,45,144.0,48.0,-3.0,0.306
CHI01984,Higgins Ave & Austin Ave,41.97342,-87.77865,145,57,176.0,78.0,31.0,0.393
13213,State St & 29th St,41.84171,-87.62694,145,103,165.0,106.0,20.0,0.71
CHI01541,Franklin St & Monroe St Corral,41.88056,-87.63523,145,112,148.0,108.0,3.0,0.772
CHI00933,Western Ave & Gunnison St,41.96966,-87.68955,145,104,138.0,92.0,-7.0,0.717
CHI01422,Public Rack - South Shore Dr & 71st St,41.7662,-87.56279,144,108,145.0,131.0,1.0,0.75
CHI00567,MLK Jr Dr & 56th St,41.79343,-87.61585,144,48,133.0,51.0,-11.0,0.333
CHI00662,California Ave & 26th St,41.84368,-87.69497,144,104,128.0,87.0,-16.0,0.722
443,California Ave & Winona St,41.97471,-87.69785,144,74,143.0,93.0,-1.0,0.514
CHI01397,Public Rack - Western Ave & Devon Ave,41.99757,-87.68972,144,107,146.0,119.0,2.0,0.743
24150,North Boundary Park,42.01302,-87.70891,143,62,149.0,89.0,6.0,0.434
KA1504000141,Pulaski Rd & Eddy St,41.94627,-87.73102,143,69,126.0,62.0,-17.0,0.483
23106,Kenneth Ave & Lawrence Ave,41.96794,-87.73998,143,112,137.0,97.0,-6.0,0.783
CHI01073,Public Rack - Harold Washington Park,41.80108,-87.58478,142,80,147.0,89.0,5.0,0.563
23187,Lockwood Ave & Grand Ave,41.91759,-87.75841,141,108,132.0,119.0,-9.0,0.766
CHI00661,Albany Ave & 26th St,41.84451,-87.70167,141,89,153.0,95.0,12.0,0.631
18022,Archer (Damen) Ave & 37th St,41.82671,-87.68314,141,101,156.0,115.0,15.0,0.716
CHI01782,Nordica Ave & Medill Ave,41.92227,-87.80202,141,73,114.0,79.0,-27.0,0.518
15585,Budlong Woods Library,41.98366,-87.69642,141,89,159.0,78.0,18.0,0.631
24157,Central Park Ave & Ardmore Ave,41.98661,-87.71877,141,99,156.0,130.0,15.0,0.702
CHI00598,Central Ave & Chicago Ave,41.89496,-87.7649,140,100,100.0,75.0,-40.0,0.714
KA1503000019,Stony Island Ave & 75th St,41.75867,-87.58688,140,85,149.0,86.0,9.0,0.607
24376,University Ave & 65th St,41.77694,-87.59842,140,85,149.0,97.0,9.0,0.607
24153,Kostner Ave & Bryn Mawr Ave,41.98277,-87.73809,139,67,138.0,68.0,-1.0,0.482
CHI02016,Central & Elston,41.9855,-87.7682,139,52,119.0,47.0,-20.0,0.374
KA1503000027,Prairie Ave & 43rd St,41.81666,-87.61941,139,60,141.0,66.0,2.0,0.432
CHI01764,Leclaire Ave & Belmont Ave,41.93904,-87.7542,139,63,148.0,40.0,9.0,0.453
E014,Lincolnwood Dr & Central St,42.06485,-87.7153,138,38,163.0,51.0,25.0,0.275
CHI01766,Kostner Ave & Devon Ave,41.99704,-87.73839,137,45,138.0,47.0,1.0,0.328
CHI00654,Kedzie Ave & Roosevelt Rd,41.86649,-87.7065,137,71,91.0,38.0,-46.0,0.518
CHI01078,State St & 54th St,41.79664,-87.62592,137,74,128.0,90.0,-9.0,0.54
CHI01905,Kedvale Ave & Peterson Ave,41.99008,-87.73172,137,66,119.0,84.0,-18.0,0.482
15685,Central Park Ave & Ogden Ave,41.85406,-87.71512,137,52,117.0,71.0,-20.0,0.38
CHI01877,Rockwell St & 57th St,41.79031,-87.68888,136,17,159.0,31.0,23.0,0.125
662,Dodge Ave & Mulford St,42.01089,-87.69541,136,98,136.0,94.0,0.0,0.721
TA1307000161,Halsted St & 37th St,41.82706,-87.64572,135,63,137.0,66.0,2.0,0.467
CHI01900,Kedzie Ave & 60th St,41.78458,-87.70319,135,73,144.0,77.0,9.0,0.541
24178,Meade Ave & Fullerton Ave,41.92475,-87.77827,134,45,131.0,36.0,-3.0,0.336
CHI00736,Wabash Ave & 87th St,41.73655,-87.62264,133,62,112.0,63.0,-21.0,0.466
1524189,Lowell Ave & Armitage Ave,41.91708,-87.73535,132,74,145.0,84.0,13.0,0.561
CHI00991,State St & 79th St,41.75079,-87.62442,131,60,111.0,73.0,-20.0,0.458
CHI01804,Marmora Ave & Irving Park Rd,41.95311,-87.77473,131,26,138.0,51.0,7.0,0.198
23107,Karlov Ave & Lawrence Ave,41.96795,-87.73041,131,92,126.0,90.0,-5.0,0.702
CHI00740,Prospect Sq & 91st St,41.72823,-87.66753,131,30,116.0,27.0,-15.0,0.229
CHI01290,Public Rack - Hamlin Ave & Fullerton Ave,41.92433,-87.72144,131,59,128.0,78.0,-3.0,0.45
CHI00907,Albany Ave & 16th St,41.85936,-87.70302,131,49,107.0,31.0,-24.0,0.374
KA1504000114,Kedzie Ave & Chicago Ave,41.89547,-87.70613,130,76,181.0,126.0,51.0,0.585
CHI01995,Austin Ave & Milwaukee Ave,41.98736,-87.77805,129,68,131.0,56.0,2.0,0.527
CHI00884,Central Park Ave & Ohio St,41.89187,-87.71639,129,73,91.0,57.0,-38.0,0.566
335.0,Komensky Ave & 31st St,41.83671,-87.72564,129,117,102.0,95.0,-27.0,0.907
KA1504000113,Sacramento Blvd & Franklin Blvd,41.89047,-87.70261,127,87,139.0,96.0,12.0,0.685
CHI00249,Halsted St & 63rd St,41.77938,-87.64462,127,66,76.0,49.0,-51.0,0.52
CHI02035,Grace/Sheffield,41.95119,-87.65461,127,62,131.0,55.0,4.0,0.488
CHI01926,Pine Ave & Division St,41.9019,-87.76389,126,88,151.0,79.0,25.0,0.698
CHI01919,Kedzie Ave & 54th Pl,41.79377,-87.70346,126,39,139.0,51.0,13.0,0.31
CHI01962,Steelworkers Park,41.73793,-87.53091,126,39,129.0,42.0,3.0,0.31
KA1503000045,Stony Island Ave & 71st St,41.76649,-87.58646,126,97,122.0,100.0,-4.0,0.77
CHI00618,Western Ave & 28th St,41.84152,-87.68513,126,61,110.0,57.0,-16.0,0.484
425,Rockwell St & Cermak Rd,41.85165,-87.69062,125,88,102.0,60.0,-23.0,0.704
24323,Kilbourn Ave & Diversey Ave,41.93179,-87.73934,125,92,137.0,100.0,12.0,0.736
CHI02064,Waveland/Wilton Corral,41.94893,-87.65317,125,64,127.0,42.0,2.0,0.512
CHI01069,Marshfield Ave & 44th St,41.81385,-87.66639,124,45,149.0,55.0,25.0,0.363
CHI00564,MLK Jr Dr & 63rd St,41.78008,-87.61594,124,43,129.0,39.0,5.0,0.347
CHI01869,Albany Ave & Douglas Blvd,41.86306,-87.70313,123,30,144.0,25.0,21.0,0.244
21356,Lavergne Ave & Fullerton Ave,41.92403,-87.75119,123,90,116.0,73.0,-7.0,0.732
TA1308000023,Cottage Grove Ave & 43rd St,41.8165,-87.60658,122,65,137.0,73.0,15.0,0.533
499,Public Rack - Christiana Ave & Belmont Ave,41.93917,-87.7117,121,54,130.0,58.0,9.0,0.446
CHI01943,Lavergne Ave & Diversey Ave,41.93128,-87.75141,121,58,134.0,64.0,13.0,0.479
Corral 10,Addison/Racine,41.9473,-87.65921,120,41,118.0,42.0,-2.0,0.342
CHI02165,Noble St & Potomac Ave,41.90506,-87.66276,120,77,134.0,88.0,14.0,0.642
CHI00539,Central Ave & Lake St,41.88766,-87.76547,120,56,127.0,78.0,7.0,0.467
KA1503000020,South Shore Dr & 74th St,41.76219,-87.55927,119,44,125.0,42.0,6.0,0.37
15689,California Ave & 23rd Pl,41.84911,-87.69514,119,87,103.0,68.0,-16.0,0.731
CHI00526,Rainbow Beach,41.75787,-87.54919,118,50,129.0,54.0,11.0,0.424
CHI00505,Burling St & Diversey Pkwy,41.93314,-87.64776,118,79,119.0,96.0,1.0,0.669
CHI01871,Sayre Ave & Diversey Ave,41.93098,-87.80106,117,37,119.0,36.0,2.0,0.316
CHI01136,Pulaski Rd & Congress Pkwy,41.87441,-87.72609,116,27,136.0,30.0,20.0,0.233
CHI01798,California Ave & 71st St,41.76475,-87.69312,114,79,95.0,60.0,-19.0,0.693
CHI01784,Francisco Ave & 47th St,41.80849,-87.69673,114,37,99.0,36.0,-15.0,0.325
CHI01011,Public Rack - Justine St & 87th St,41.73602,-87.66242,114,100,133.0,124.0,19.0,0.877
CHI01893,Kostner Ave & 63rd St,41.77875,-87.73246,113,34,92.0,24.0,-21.0,0.301
21380,Fairfield Ave & 44th St,41.81362,-87.69323,113,24,136.0,53.0,23.0,0.212
546,Damen Ave & Pershing Rd,41.82319,-87.6766,113,75,102.0,64.0,-11.0,0.664
CHI01236,Public Rack - Karlov Ave & Milwaukee Ave,41.94268,-87.72997,113,54,112.0,28.0,-1.0,0.478
464,Western Ave & Ardmore Ave,41.98676,-87.68987,112,52,114.0,40.0,2.0,0.464
Corral 20,LaSalle St & Adams St Corral,41.87938,-87.63207,112,85,54.0,35.0,-58.0,0.759
CHI01855,Komensky Ave & 47th St,41.80769,-87.72472,112,83,103.0,81.0,-9.0,0.741
CHI01912,Vincennes Ave & 95th St,41.72126,-87.65005,112,79,97.0,65.0,-15.0,0.705
CHI00569,Kedzie Ave & Harrison St,41.8736,-87.70487,111,70,99.0,65.0,-12.0,0.631
24367,Milwaukee Ave & Agatite Ave,41.9615,-87.75489,111,85,125.0,91.0,14.0,0.766
CHI00970,Public Rack - Keystone Ave & Irving Park Rd,41.95346,-87.72968,111,68,106.0,53.0,-5.0,0.613
CHI01883,Meade Ave & Fullerton Ave,41.92476,-87.77827,111,39,131.0,50.0,20.0,0.351
CHI01824,Richmond St & 59th St,41.78649,-87.69733,111,87,119.0,73.0,8.0,0.784
513,Public Rack - Spaulding Ave & Evergreen Ave,41.90533,-87.70951,111,69,114.0,98.0,3.0,0.622
CHI01254,Cottage Grove Ave & 83rd St,41.74344,-87.60484,111,55,122.0,67.0,11.0,0.495
23163,Laramie Ave & Irving Park Rd,41.95333,-87.75838,109,13,125.0,21.0,16.0,0.119
CHI01867,Tripp Ave & 65th St,41.77491,-87.72883,109,44,116.0,38.0,7.0,0.404
504,Public Rack - Milwaukee Ave & Diversey Ave,41.93124,-87.71149,109,88,120.0,108.0,11.0,0.807
CHI02013,Komensky Ave & 31st St,41.83671,-87.72564,109,70,70.0,45.0,-39.0,0.642
21312,Lockwood Ave & Wrightwood Ave,41.92777,-87.75854,109,76,127.0,93.0,18.0,0.697
KA1504000109,Washtenaw Ave & Ogden Ave,41.86193,-87.69345,108,68,93.0,67.0,-15.0,0.63
21346,Kedzie Ave & 57th St,41.78983,-87.7031,108,64,111.0,68.0,3.0,0.593
Corral 19,Franklin St & Monroe St Corral,41.88055,-87.63525,108,90,53.0,41.0,-55.0,0.833
CHI01897,Lamon Ave & Armitage Ave,41.91676,-87.74946,107,49,88.0,35.0,-19.0,0.458
CHI01885,Kedzie Ave & Archer Ave,41.81447,-87.70411,107,45,129.0,50.0,22.0,0.421
CHI00805,Narragansett Ave & McLean Ave,41.9159,-87.78511,106,27,120.0,26.0,14.0,0.255
CHI00898,Homan Ave & Fillmore St,41.86811,-87.71092,106,64,65.0,53.0,-41.0,0.604
CHI01849,Kedzie Ave & 52nd St,41.79906,-87.70342,106,13,60.0,5.0,-46.0,0.123
CHI01829,Harding Ave & Division St,41.90235,-87.72507,106,51,105.0,38.0,-1.0,0.481
KA1503000018,Jeffery Blvd & 71st St,41.76664,-87.57645,106,84,113.0,88.0,7.0,0.792
CHI01920,Narragansett Ave & North Ave,41.9095,-87.78491,105,28,116.0,28.0,11.0,0.267
CHI01906,Laramie Ave & Bloomingdale Ave,41.91432,-87.75572,105,51,108.0,64.0,3.0,0.486
CHI00853,Calumet Park,41.71371,-87.53084,105,35,118.0,34.0,13.0,0.333
CHI01591,Public Rack - Springfield Ave & Lawrence Ave,41.96839,-87.72568,103,59,110.0,51.0,7.0,0.573
24363,Portage Park,41.95607,-87.76472,103,18,107.0,15.0,4.0,0.175
492,Public Rack - Hamlin Ave & Montrose Ave,41.96121,-87.72241,103,81,104.0,91.0,1.0,0.786
24194,Laramie Ave & Bloomingdale Ave,41.91432,-87.75572,103,59,111.0,62.0,8.0,0.573
CHI01911,Central Ave & Roscoe St,41.94228,-87.76695,103,33,74.0,34.0,-29.0,0.32
CHI01149,Keeler Ave & Roosevelt Rd,41.8664,-87.73002,102,10,52.0,6.0,-50.0,0.098
594,Western Blvd & 48th Pl,41.80455,-87.68275,102,47,98.0,52.0,-4.0,0.461
24211,Western Ave & Lake St,41.88481,-87.68668,102,84,110.0,85.0,8.0,0.824
16994,Kilbourn Ave & Milwaukee Ave,41.94707,-87.74001,101,48,109.0,71.0,8.0,0.475
CHI01882,Lawndale Ave & 30th St,41.83891,-87.71689,101,28,123.0,27.0,22.0,0.277
CHI00941,Mason Ave & Belmont Ave,41.93837,-87.7725,101,5,34.0,8.0,-67.0,0.05
CHI01953,Stewart Ave & 123rd St,41.6706,-87.63244,101,0,99.0,0.0,-2.0,0.0
CHI01792,Harlem Ave & Bloomingdale Ave,41.91203,-87.80577,101,57,101.0,52.0,0.0,0.564
13075,Wentworth Ave & Cermak Rd,41.85308,-87.63193,101,69,88.0,62.0,-13.0,0.683
441,Virginia Ave & Catalpa Ave,41.98124,-87.7049,100,72,114.0,88.0,14.0,0.72
23110,Keeler Ave & Carmen Ave,41.97432,-87.7331,99,55,97.0,55.0,-2.0,0.556
24237,Wood St & 33rd St,41.83427,-87.6706,99,44,96.0,58.0,-3.0,0.444
CHI01870,Spaulding Ave & 16th St,41.85907,-87.7079,99,34,75.0,24.0,-24.0,0.343
CHI02172,Shore Dr & 53rd St,41.79945,-87.58237,99,85,82.0,66.0,-17.0,0.859
CHI00820,W 103rd St & S Avers Ave,41.70585,-87.71707,99,47,61.0,18.0,-38.0,0.475
CHI02036,Clark/Racine,41.9505,-87.6593,98,36,110.0,45.0,12.0,0.367
CHI00485,Commercial Ave & 83rd St,41.74462,-87.55121,98,73,89.0,54.0,-9.0,0.745
KA1503000051,Halsted St & 47th Pl,41.80813,-87.64562,98,65,78.0,31.0,-20.0,0.663
20107,Walden Pkwy & 100th St,41.71216,-87.66773,97,33,96.0,46.0,-1.0,0.34
CHI01241,MLK Jr Dr & 83rd St,41.74312,-87.6148,97,83,111.0,95.0,14.0,0.856
CHI01707,Public Rack - Leamington & Elston,41.97789,-87.75632,97,68,97.0,74.0,0.0,0.701
KA1503000009,Princeton Ave & 47th St,41.80932,-87.63345,97,54,83.0,57.0,-14.0,0.557
CHI01799,Grace St & Central Ave,41.94953,-87.76726,97,41,116.0,42.0,19.0,0.423
CHI00886,Augusta Blvd & Laramie Ave,41.89866,-87.75546,97,19,63.0,6.0,-34.0,0.196
16918,Austin Blvd & Madison St,41.88028,-87.77445,96,67,93.0,58.0,-3.0,0.698
CHI00794,Hale Ave & 107th St,41.69921,-87.66892,96,16,98.0,16.0,2.0,0.167
CHI01486,Public Rack - Kedvale Ave & 63rd St W,41.77876,-87.72689,96,80,99.0,91.0,3.0,0.833
398,Long & Irving Park,41.95304,-87.76216,95,34,105.0,40.0,10.0,0.358
23112,St Louis Ave & Foster Ave,41.97598,-87.71598,95,51,97.0,69.0,2.0,0.537
24499,Edgebrook Metra,41.99751,-87.76539,95,65,82.0,48.0,-13.0,0.684
CHI01950,Pulaski Rd & Ann Lurie Pl,41.81644,-87.7248,94,75,115.0,87.0,21.0,0.798
24366,Linder Ave & Montrose Ave,41.96081,-87.76488,94,62,96.0,73.0,2.0,0.66
CHI02017,Mason Ave & Grand Ave,41.92044,-87.77439,94,33,124.0,12.0,30.0,0.351
16932,Ashland Ave & Pershing Rd,41.82346,-87.66558,94,67,105.0,79.0,11.0,0.713
CHI00832,Houston Ave & 92nd St,41.7282,-87.5497,94,49,74.0,24.0,-20.0,0.521
24212,California Ave & Madison St,41.88098,-87.69598,93,53,66.0,40.0,-27.0,0.57
549,Marshfield Ave & 44th St,41.81511,-87.66746,93,56,109.0,58.0,16.0,0.602
CHI01098,Public Rack - Lawndale Ave & Diversey Ave,41.93172,-87.71925,93,50,98.0,57.0,5.0,0.538
CHI00573,Yates Blvd & 75th St,41.75877,-87.56644,92,60,86.0,55.0,-6.0,0.652
CHI01502,Public Rack - Western Ave & 47th Pl,41.80804,-87.68471,92,84,93.0,88.0,1.0,0.913
21452,Richmond St & Lincoln Ave,41.98812,-87.70317,92,69,88.0,57.0,-4.0,0.75
CHI00534,Kedzie Ave & 24th St,41.84819,-87.70541,92,34,91.0,36.0,-1.0,0.37
CHI00830,Stewart Ave & 83rd St,41.74372,-87.63409,92,67,69.0,58.0,-23.0,0.728
CHI01854,Homan Ave & 26th St,41.84425,-87.70983,92,21,86.0,28.0,-6.0,0.228
24467,Cumberland Ave & Catherine Ave,41.97732,-87.83674,91,29,82.0,24.0,-9.0,0.319
CHI01122,Laramie Ave & Kinzie St,41.88783,-87.75553,91,25,89.0,31.0,-2.0,0.275
CHI00852,Oglesby Ave & 100th St,41.71339,-87.56584,91,53,89.0,46.0,-2.0,0.582
20104,State St & 95th St,41.72184,-87.62285,91,23,85.0,22.0,-6.0,0.253
21387,St Louis Ave & 59th St,41.78589,-87.71057,90,85,101.0,92.0,11.0,0.944
CHI01808,Central Park Ave & Washington Blvd,41.88275,-87.7154,90,31,82.0,23.0,-8.0,0.344
CHI01124,Public Rack - Spaulding Ave & North Ave,41.91013,-87.70954,90,64,92.0,64.0,2.0,0.711
CHI02047,Shields Ave & 43rd St,41.81621,-87.63482,89,47,110.0,52.0,21.0,0.528
CHI01822,Harding Ave & 26th St,41.84422,-87.72335,89,52,99.0,57.0,10.0,0.584
CHI01545,Damen Ave & 81st St,41.74653,-87.67306,89,6,71.0,5.0,-18.0,0.067
505,Public Rack - Milwaukee Ave & Haussen Ct,41.93775,-87.72163,89,29,94.0,32.0,5.0,0.326
16920,Central Ave & Chicago Ave,41.89496,-87.7649,88,80,76.0,72.0,-12.0,0.909
CHI00912,Pershing Rd & Sacramento Ave,41.82238,-87.69975,88,13,107.0,8.0,19.0,0.148
445,Western Ave & Gunnison St,41.96966,-87.68955,88,74,81.0,74.0,-7.0,0.841
767,Public Rack - Hyde Park Blvd & 53rd St,41.79948,-87.58421,88,74,91.0,80.0,3.0,0.841
23180,Cicero Ave & Wrightwood Ave,41.92791,-87.74673,88,80,100.0,91.0,12.0,0.909
500,Public Rack - Monticello Ave & Belmont Ave,41.93946,-87.71844,87,51,89.0,61.0,2.0,0.586
CHI01918,Campbell Ave & 51st St,41.80094,-87.68676,87,10,90.0,7.0,3.0,0.115
CHI01851,St Louis Ave & 59th St,41.78589,-87.71057,87,66,69.0,42.0,-18.0,0.759
CHI01895,Pulaski Rd & 54th St,41.79499,-87.72361,86,27,63.0,29.0,-23.0,0.314
21360,Kilbourn Ave & Roscoe St,41.94272,-87.73956,86,55,95.0,58.0,9.0,0.64
CHI01948,Ewing Ave & 106th St,41.70266,-87.53564,85,29,87.0,45.0,2.0,0.341
CHI01759,Central Ave & Wellington Ave,41.93491,-87.76677,85,47,84.0,36.0,-1.0,0.553
CHI01971,Vincennes Ave & 107th St,41.69922,-87.65869,85,5,65.0,5.0,-20.0,0.059
CHI01922,Overhill Ave & Belmont Ave,41.93799,-87.81915,85,31,72.0,28.0,-13.0,0.365
CHI01874,Rockwell St & 47th St,41.80853,-87.68942,85,29,77.0,31.0,-8.0,0.341
CHI01672,Public Rack - Mango & Higgins,41.97172,-87.77229,84,62,87.0,77.0,3.0,0.738
CHI02003,Menard Ave & Milwaukee Ave,41.98139,-87.77331,84,31,76.0,36.0,-8.0,0.369
CHI00600,Austin Blvd & Chicago Ave,41.89489,-87.7747,83,32,74.0,30.0,-9.0,0.386
24158,Bernard St & Peterson Ave,41.99044,-87.71523,83,58,74.0,40.0,-9.0,0.699
25481,Hyacinth Ave & Milwaukee Ave,41.99282,-87.78377,82,50,66.0,47.0,-16.0,0.61
23123,Dan Ryan Woods & 83rd St,41.7428,-87.68018,82,23,77.0,25.0,-5.0,0.28
CHI01568,Public Rack - Cicero Ave & Belle Plaine Ave,41.95563,-87.74752,82,29,86.0,34.0,4.0,0.354
24151,California Ave & Touhy Ave,42.01204,-87.70043,82,37,84.0,32.0,2.0,0.451
CHI01981,Western Ave & 101st St,41.71011,-87.68198,82,18,50.0,13.0,-32.0,0.22
CHI01773,California Ave & Marquette Rd,41.77161,-87.69333,82,30,71.0,26.0,-11.0,0.366
CHI00595,Central Ave & Madison St,41.88012,-87.76324,81,32,61.0,23.0,-20.0,0.395
CHI02001,Wabash Ave & 59th St,41.78654,-87.62393,81,7,74.0,5.0,-7.0,0.086
21361,Kenosha Ave & Wellington Ave,41.93446,-87.73379,81,63,74.0,54.0,-7.0,0.778
16906,Austin Blvd & Lake St,41.88794,-87.77428,81,40,79.0,40.0,-2.0,0.494
CHI00810,Orange Ave & Addison St,41.94485,-87.82423,81,41,82.0,31.0,1.0,0.506
CHI02004,State St & 45th St,41.81313,-87.62585,81,55,92.0,60.0,11.0,0.679
CHI01783,Marmora Ave & Belmont Ave,41.93829,-87.77377,80,17,42.0,15.0,-38.0,0.212
CHI00909,Maplewood Ave & 59th St,41.78634,-87.68744,80,38,56.0,24.0,-24.0,0.475
21322,Grace St & Cicero Ave,41.94973,-87.74695,80,35,96.0,47.0,16.0,0.438
CHI02011,Monticello Ave & Chicago Ave,41.89581,-87.71763,80,43,117.0,38.0,37.0,0.538
CHI00908,Sacramento Ave & 25th St,41.84651,-87.70014,80,54,57.0,36.0,-23.0,0.675
318,Oak Park & Wellington,41.93459,-87.79596,80,53,88.0,61.0,8.0,0.662
KA1503000013,Princeton Ave & Garfield Blvd,41.79498,-87.63312,80,56,82.0,45.0,2.0,0.7
1052,Public Rack - Rockwell & Division,41.90284,-87.69241,80,61,84.0,72.0,4.0,0.762
TA1309000051,Commercial Ave & 83rd St,41.74461,-87.55121,80,65,58.0,50.0,-22.0,0.812
CHI00872,Western Ave & 111th St,41.69121,-87.6813,79,13,79.0,19.0,0.0,0.165
21406,Kostner Ave & 63rd St,41.77875,-87.73246,79,47,72.0,45.0,-7.0,0.595
CHI02174,Halsted St & Court Pl,41.8837,-87.64722,79,53,78.0,50.0,-1.0,0.671
CHI01887,Kildare Ave & Chicago Ave,41.89544,-87.73349,79,53,68.0,42.0,-11.0,0.671
426,California & 16th St,41.85923,-87.69555,79,70,62.0,55.0,-17.0,0.886
CHI02008,Le Mai Ave & Devon Ave,41.99722,-87.75687,79,51,67.0,33.0,-12.0,0.646
24371,Lavergne Ave & Lawrence Ave,41.96775,-87.75259,79,63,61.0,48.0,-18.0,0.797
1012,Public Rack - Langley Ave & 49th St,41.8052,-87.60908,79,64,91.0,79.0,12.0,0.81
CHI01830,Lawler Ave & North Ave,41.90918,-87.75225,78,35,77.0,31.0,-1.0,0.449
CHI01835,Homan Ave & Arthington Ave,41.86963,-87.71055,78,29,45.0,12.0,-33.0,0.372
CHI01860,Lawler Ave & 50th St,41.80217,-87.74894,78,5,107.0,7.0,29.0,0.064
CHI00903,Western Ave & Lake St,41.8846,-87.68586,78,29,67.0,32.0,-11.0,0.372
CHI01734,Public Rack - Hollywood Park,41.98929,-87.71182,78,69,78.0,70.0,0.0,0.885
CHI00863,Burnham Greenway & 105th St,41.70458,-87.52824,78,26,87.0,22.0,9.0,0.333
316,Lamon Ave & Belmont Ave,41.93901,-87.74928,78,50,79.0,49.0,1.0,0.641
CHI00861,Vincennes Ave & 104th St,41.70493,-87.65688,77,31,96.0,13.0,19.0,0.403
CHI00904,Troy St & Jackson Blvd,41.87751,-87.70485,77,41,46.0,22.0,-31.0,0.532
CHI01226,Vernon Ave & 79th St,41.75094,-87.61379,77,66,73.0,55.0,-4.0,0.857
CHI01845,St Louis Ave & Norman Bobbins Pl,41.79439,-87.71132,77,15,69.0,8.0,-8.0,0.195
Corral 9,Clark/Racine,41.95052,-87.65929,77,20,88.0,38.0,11.0,0.26
CHI01853,Harding Ave & Chicago Ave,41.89531,-87.72474,76,48,52.0,30.0,-24.0,0.632
1211.0,Public Rack - Keating & Peterson,41.99016,-87.74718,76,66,78.0,71.0,2.0,0.868
1140.0,Public Rack - Natoma Ave & Bryn Mawr Ave,41.98289,-87.79046,76,36,82.0,52.0,6.0,0.474
CHI00005,Milwaukee Ave & Wabansia Ave,41.91262,-87.68147,76,62,83.0,71.0,7.0,0.816
CHI01761,Damen Ave & 87th St,41.73604,-87.67286,76,21,54.0,16.0,-22.0,0.276
CHI01937,Vincennes Ave & 79th St,41.7506,-87.63409,76,50,82.0,63.0,6.0,0.658
931,Public Rack - Western Ave & Devon Ave,41.99757,-87.68971,75,69,76.0,74.0,1.0,0.92
CHI00893,Kenneth Ave & 50th St,41.80232,-87.73441,75,40,43.0,11.0,-32.0,0.533
932,Public Rack - Jensen Park,41.96486,-87.72078,75,61,75.0,69.0,0.0,0.813
CHI01896,Lawndale Ave & 59th St,41.78638,-87.7157,75,46,79.0,45.0,4.0,0.613
595,Wabash Ave & 87th St,41.73655,-87.62264,75,18,66.0,18.0,-9.0,0.24
CHI01712,Public Rack - Keating & Peterson,41.99016,-87.74718,75,43,81.0,55.0,6.0,0.573
20249.0,N Clark St & W Elm St,41.90289,-87.6313,75,59,127.0,107.0,52.0,0.787
CHI01667,Public Rack - Nashotah & Northwest Hwy,41.98814,-87.79144,75,23,78.0,60.0,3.0,0.307
CHI01852,Lamon Ave & Chicago Ave,41.89502,-87.7485,75,50,69.0,46.0,-6.0,0.667
24207,Harding Ave & Chicago Ave,41.89531,-87.72474,75,68,72.0,65.0,-3.0,0.907
CHI01939,Wentworth Ave & 107th St,41.69989,-87.62785,74,7,52.0,4.0,-22.0,0.095
21395,Shabbona Park,41.9448,-87.79932,74,9,90.0,15.0,16.0,0.122
23192,Kildare Ave & North Ave,41.90954,-87.73385,74,49,67.0,47.0,-7.0,0.662
Corral 13,Waveland/Racine,41.9491,-87.65929,74,27,76.0,28.0,2.0,0.365
KA1503000001,Shields Ave & 43rd St,41.81621,-87.63482,73,52,90.0,63.0,17.0,0.712
24368,Melvina Ave & Giddings Ave,41.96648,-87.78202,73,41,86.0,44.0,13.0,0.562
24156,Granville Ave & Pulaski Rd,41.99245,-87.72891,73,61,63.0,55.0,-10.0,0.836
24149,Sacramento Ave & Lunt Ave,42.0082,-87.70461,73,24,70.0,22.0,-3.0,0.329
CHI01979,Nagle Ave & Belmont Ave,41.93852,-87.78735,73,19,70.0,33.0,-3.0,0.26
21323,Merrimac Park,41.95261,-87.78535,73,39,77.0,31.0,4.0,0.534
CHI01293,Public Rack - Evans Ave & 63rd St,41.78051,-87.60752,73,61,77.0,69.0,4.0,0.836
CHI01980,Tripp Ave & 15th St,41.86077,-87.73136,72,49,89.0,64.0,17.0,0.681
571,Vernon Ave & 75th St,41.78771,-87.64554,72,43,83.0,39.0,11.0,0.597
CHI01973,Martin Luther King Dr & 87th St,41.73677,-87.61439,72,44,52.0,30.0,-20.0,0.611
CHI01990,Ave L & 114th,41.68803,-87.53641,72,4,81.0,5.0,9.0,0.056
CHI01794,La Villita Park,41.83925,-87.70202,71,22,65.0,25.0,-6.0,0.31
CHI01872,Mango Ave & North Ave,41.90958,-87.76912,71,20,84.0,18.0,13.0,0.282
CHI00881,Dauphin Ave & 87th St,41.73648,-87.60125,71,28,53.0,33.0,-18.0,0.394
KA1503000023,Stony Island Ave & 67th St,41.77346,-87.58534,70,41,63.0,34.0,-7.0,0.586
CHI01791,Major Ave & Addison St,41.94602,-87.7717,70,24,77.0,26.0,7.0,0.343
21337,Hoyne Ave & 34th St,41.83203,-87.67784,70,43,82.0,41.0,12.0,0.614
CHI00218,Halsted St & 69th St,41.76906,-87.64461,70,22,94.0,19.0,24.0,0.314
CHI01908,Avers Ave & 16th St,41.85909,-87.72121,70,54,78.0,56.0,8.0,0.771
CHI01695,Public Rack - Kimball & Ardmore,41.98702,-87.71397,69,61,70.0,65.0,1.0,0.884
CHI00847,Lavergne Ave & Division St,41.90211,-87.75087,69,36,77.0,39.0,8.0,0.522
749,Public Rack - Evans Ave & 63rd St,41.78051,-87.60752,69,66,70.0,69.0,1.0,0.957
CHI01875,California Ave & 36th St,41.8281,-87.69468,69,19,62.0,20.0,-7.0,0.275
CHI01823,21st St & Pulaski Rd,41.85362,-87.72471,69,36,53.0,28.0,-16.0,0.522
933,Public Rack - Drake Ave & Leland Ave,41.96598,-87.71688,69,60,70.0,68.0,1.0,0.87
24155,Kostner Ave & Devon Ave,41.99703,-87.73837,68,41,67.0,38.0,-1.0,0.603
CHI01888,Kedzie Ave & 45th St,41.81139,-87.70401,68,27,16.0,6.0,-52.0,0.397
646,State St & 54th St,41.79487,-87.62534,68,37,68.0,48.0,0.0,0.544
CHI00753,Dauphin Ave & 103rd St,41.70725,-87.60766,68,31,70.0,38.0,2.0,0.456
CHI00491,State St & Pershing Rd,41.82302,-87.62657,68,25,79.0,24.0,11.0,0.368
24364,Narragansett Ave & Montrose Ave,41.95998,-87.78693,67,38,78.0,52.0,11.0,0.567
CHI00895,Lawndale Ave & 16th St,41.85916,-87.7177,67,18,47.0,6.0,-20.0,0.269
CHI00670,Pulaski Rd & Lake St,41.88541,-87.72649,67,32,68.0,35.0,1.0,0.478
23162,Marmora Ave & Irving Park Rd,41.95311,-87.77473,67,11,82.0,11.0,15.0,0.164
KA1504000102,Fairfield Ave & Roosevelt Rd,41.86662,-87.69452,67,37,62.0,37.0,-5.0,0.552
24394,Steelworkers Park,41.73793,-87.53091,67,17,71.0,21.0,4.0,0.254
CHI00721,Phillips Ave & 79th St,41.75182,-87.56521,67,30,62.0,21.0,-5.0,0.448
369,Central Park Ave & Ohio St,41.89187,-87.71639,66,26,51.0,16.0,-15.0,0.394
24147,Sacramento Ave & Pratt Blvd,42.00404,-87.70473,66,22,60.0,24.0,-6.0,0.333
CHI01899,Wellington Ave & Mulligan Ave,41.93473,-87.78436,66,21,71.0,31.0,5.0,0.318
23167,Laramie Ave & Addison St,41.94569,-87.75694,66,38,50.0,29.0,-16.0,0.576
CHI01960,Michigan Ave & 105th St,41.70346,-87.62037,66,28,60.0,26.0,-6.0,0.424
23182,Central Ave & Altgeld St,41.92581,-87.76637,66,42,59.0,37.0,-7.0,0.636
CHI00860,Baltimore Ave & 87th St,41.73734,-87.54851,66,48,49.0,30.0,-17.0,0.727
950,Public Rack - Woodlawn Ave & 63rd St S,41.77949,-87.59603,66,59,68.0,63.0,2.0,0.894
CHI01253,Long Ave & Belden Ave,41.92271,-87.76095,66,24,37.0,15.0,-29.0,0.364
CHI01805,Columbus Ave & 79th St,41.74912,-87.70426,66,9,70.0,6.0,4.0,0.136
CHI00703,Damen Ave & 59th St,41.78586,-87.67414,65,19,61.0,14.0,-4.0,0.292
CHI02146,Rockwell St & Cermak Rd,41.85164,-87.69062,65,32,69.0,22.0,4.0,0.492
CHI00734,Halsted St & 59th St,41.78754,-87.64487,65,28,51.0,27.0,-14.0,0.431
CHI00693,Elizabeth St & 47th St,41.80839,-87.65653,65,39,63.0,23.0,-2.0,0.6
585,Public Rack - Houston Ave & 131st St,41.73812,-87.60137,65,49,75.0,64.0,10.0,0.754
CHI00802,Lawndale Ave & 111th St,41.69132,-87.71288,64,14,67.0,12.0,3.0,0.219
CHI01035,Public Rack - Kimbark Ave & 67th St,41.77405,-87.59432,64,20,63.0,12.0,-1.0,0.312
CHI00859,Western Ave & 104th St,41.70459,-87.6812,64,17,67.0,16.0,3.0,0.266
21326,Harlem Ave & Irving Park Rd,41.95326,-87.80714,64,31,67.0,34.0,3.0,0.484
24338,Wallace St & Pershing Rd,41.82339,-87.64118,64,43,71.0,51.0,7.0,0.672
20219,Burnham Greenway & 112th St,41.69177,-87.53043,64,20,69.0,18.0,5.0,0.312
510,Public Rack - Spaulding Ave & North Ave,41.91014,-87.70955,64,29,65.0,50.0,1.0,0.453
CHI00723,Phillips Ave & 83rd St,41.74453,-87.56506,64,35,70.0,37.0,6.0,0.547
20106,Chicago State University,41.71896,-87.6083,64,33,57.0,27.0,-7.0,0.516
CHI00877,Komensky Ave & 55th St,41.79328,-87.72419,63,7,23.0,3.0,-40.0,0.111
KA1503000010,Halsted St & 51st St,41.80183,-87.64521,63,48,79.0,61.0,16.0,0.762
CHI01894,Kildare Ave & 47th St,41.80762,-87.73084,63,7,51.0,10.0,-12.0,0.111
KA1503000031,Cottage Grove Ave & 67th St,41.77372,-87.60563,63,34,65.0,27.0,2.0,0.54
CHI00854,Bradley Park,41.71788,-87.56459,63,29,47.0,30.0,-16.0,0.46
CHI00874,Meade Ave & Addison St,41.94595,-87.77888,63,19,79.0,18.0,16.0,0.302
CHI00969,Public Rack - Avers Ave & Irving Park Rd,41.95379,-87.72417,63,40,66.0,44.0,3.0,0.635
CHI01795,Kedzie Ave & Redfield Dr,41.76523,-87.70317,62,27,65.0,32.0,3.0,0.435
20223,Ewing Ave & Burnham Greenway,41.70999,-87.5355,62,53,66.0,52.0,4.0,0.855
24148,Fairfield Ave & Pratt Blvd,42.00445,-87.6986,62,33,67.0,38.0,5.0,0.532
CHI01546,Francisco Ave & 85th St,41.7389,-87.69552,62,1,64.0,1.0,2.0,0.016
24472,Elston Ave & Carmen Ave,41.97354,-87.74955,62,33,62.0,29.0,0.0,0.532
23171,Leclaire Ave & Belmont Ave,41.93904,-87.7542,62,41,85.0,35.0,23.0,0.661
CHI01272,Public Rack - Pulaski Rd & 44th St,41.8129,-87.7225,62,53,59.0,50.0,-3.0,0.855
16937,Ashland Ave & McDowell Ave,41.80972,-87.66348,62,31,68.0,28.0,6.0,0.5
CHI01978,Kildare Ave & Archer Ave,41.80034,-87.73079,61,23,40.0,18.0,-21.0,0.377
CHI00835,Clyde Ave & 87th St,41.73715,-87.57274,61,11,82.0,9.0,21.0,0.18
CHI00935,Francisco Ave & Hollywood Ave,41.98473,-87.70159,61,35,56.0,25.0,-5.0,0.574
CHI01594,Public Rack - Kimball Ave & Lawrence Ave,41.96791,-87.71343,61,31,63.0,45.0,2.0,0.508
21378,Nordica Ave & Medill Ave,41.92227,-87.80202,61,29,54.0,23.0,-7.0,0.475
CHI00803,Leamington Ave & Hirsch St,41.90584,-87.75486,61,8,59.0,9.0,-2.0,0.131
KA1503000032,Union Ave & Root St,41.8191,-87.64328,61,14,58.0,13.0,-3.0,0.23
CHI00842,Cottage Grove Ave & 111th Pl,41.69171,-87.61,61,16,33.0,8.0,-28.0,0.262
CHI01166,Racine Ave & Garfield Blvd,41.79423,-87.65508,60,13,47.0,6.0,-13.0,0.217
24476,Farragut Ave & Central Ave,41.97666,-87.76823,60,38,60.0,39.0,0.0,0.633
CHI00725,Ellis Ave & 83rd St,41.74412,-87.59903,60,16,53.0,21.0,-7.0,0.267
24369,Menard Ave & Lawrence Ave,41.96788,-87.77274,60,40,56.0,36.0,-4.0,0.667
CHI01165,Damen Ave & 51st St,41.80091,-87.67468,60,20,54.0,20.0,-6.0,0.333
21374,Kilpatrick Ave & Grand Ave,41.91273,-87.74364,60,31,65.0,29.0,5.0,0.517
372,Hamlin Ave & Grand Ave,41.90403,-87.72156,60,42,38.0,26.0,-22.0,0.7
CHI01840,Meade Ave & Diversey Ave,41.93086,-87.77845,59,23,56.0,14.0,-3.0,0.39
CHI01987,Wabash Ave & 49th St,41.80581,-87.6245,59,25,61.0,25.0,2.0,0.424
CHI00712,Vernon Ave & 75th St,41.75836,-87.61414,59,43,47.0,31.0,-12.0,0.729
CHI00682,Ashland Ave & 63rd St,41.77937,-87.66484,59,27,43.0,17.0,-16.0,0.458
CHI00665,Cicero Ave & Lake St,41.88684,-87.74526,59,18,40.0,12.0,-19.0,0.305
24243,Kedzie Ave & Archer Ave,41.81447,-87.70411,59,31,51.0,24.0,-8.0,0.525
15692,California Ave & 26th St,41.84368,-87.69497,58,38,53.0,41.0,-5.0,0.655
CHI00913,Whipple St & Roosevelt Rd,41.86655,-87.70144,58,20,26.0,8.0,-32.0,0.345
CHI01969,Archer Ave & 49th St,41.8042,-87.72082,58,34,54.0,35.0,-4.0,0.586
458,Washtenaw Ave & Peterson Ave,41.99066,-87.69707,58,31,55.0,32.0,-3.0,0.534
CHI01859,Kildare Ave & 26th St,41.84436,-87.73243,58,31,53.0,33.0,-5.0,0.534
23140,California Ave & 71st St,41.76475,-87.69312,57,37,48.0,31.0,-9.0,0.649
CHI01924,Wentworth Ave & 92nd St,41.72714,-87.62886,57,30,53.0,30.0,-4.0,0.526
CHI01891,Panama Ave & Grace St,41.94766,-87.82925,57,12,53.0,4.0,-4.0,0.211
CHI01465,Public Rack - Champlain Ave & 65th St,41.7759,-87.6093,57,14,73.0,9.0,16.0,0.246
CHI01803,Western Ave & 79th St,41.75084,-87.6827,57,27,38.0,19.0,-19.0,0.474
CHI01831,Kedzie Ave & Jackson Blvd,41.87716,-87.70613,57,32,92.0,46.0,35.0,0.561
CHI00747,Indiana Ave & 103rd St,41.70717,-87.61848,57,37,56.0,48.0,-1.0,0.649
CHI00729,Wabash Ave & 83rd St,41.74336,-87.62285,56,42,41.0,25.0,-15.0,0.75
CHI02049,Cottage Grove Ave & 71st St,41.76572,-87.60496,56,17,44.0,19.0,-12.0,0.304
642,Latrobe Ave & Chicago Ave,41.81255,-87.70798,56,52,66.0,61.0,10.0,0.929
CHI01974,Newcastle Ave & Irving Park Rd,41.95256,-87.79755,56,11,19.0,2.0,-37.0,0.196
CHI01573,Public Rack - Irving Park Rd & Leclaire Ave,41.95342,-87.75484,56,32,56.0,48.0,0.0,0.571
24255,Komensky Ave & 47th St,41.80769,-87.72472,56,29,40.0,37.0,-16.0,0.518
21396,Central Ave & Roscoe St,41.94228,-87.76695,56,19,36.0,16.0,-20.0,0.339
CHI00817,Martin Luther King Dr & 111th St,41.69264,-87.61367,55,19,29.0,12.0,-26.0,0.345
KA1503000073,MLK Jr Dr & 56th St,41.79343,-87.61585,55,30,59.0,36.0,4.0,0.545
CHI01923,Artesian Ave & 55th St,41.79402,-87.68577,54,16,62.0,24.0,8.0,0.296
CHI01992,Burley Ave & 85th St,41.74117,-87.54518,54,26,49.0,16.0,-5.0,0.481
15691,Albany Ave & 26th St,41.84451,-87.70166,54,25,56.0,24.0,2.0,0.463
CHI00678,Kenton Ave & Madison St,41.88042,-87.74108,54,30,43.0,28.0,-11.0,0.556
CHI00865,Harlem Ave & Grace St,41.94894,-87.80683,54,26,50.0,28.0,-4.0,0.481
KA1503000021,Stony Island Ave & 64th St,41.77888,-87.58665,53,30,36.0,15.0,-17.0,0.566
CHI01550,Public Rack - Minuteman Park,41.78533,-87.7626,53,22,54.0,22.0,1.0,0.415
CHI00356,Springfield Ave & 47th St,41.80807,-87.72122,53,19,24.0,11.0,-29.0,0.358
CHI00809,Ashland Ave & 74th St,41.75924,-87.66347,53,22,31.0,12.0,-22.0,0.415
15687,Central Park Ave & 24th St,41.8481,-87.71507,52,26,53.0,20.0,1.0,0.5
KA1503000025,Wentworth Ave & 63rd St,41.78008,-87.62975,52,24,49.0,24.0,-3.0,0.462
CHI01864,Cicero Ave & Wellington Ave,41.93515,-87.74636,52,26,60.0,33.0,8.0,0.5
CHI00213,Archer Ave & 43rd St,41.81549,-87.70244,52,15,45.0,7.0,-7.0,0.288
24459,Higgins Ave & Austin Ave,41.97342,-87.77865,52,19,58.0,30.0,6.0,0.365
KA1504000110,Millard Ave & 26th St,41.84453,-87.71592,52,30,54.0,28.0,2.0,0.577
CHI01036,Public Rack - Lowell Ave & Elston Ave,41.96612,-87.73699,51,19,52.0,11.0,1.0,0.373
23172,Kostner Ave & Belmont Ave,41.93919,-87.73711,51,31,71.0,47.0,20.0,0.608
CHI02179,Sacramento Ave & Linden Pl,41.92575,-87.70258,51,44,44.0,32.0,-7.0,0.863
1032,Public Rack - Kedvale Ave & 63rd St W,41.77876,-87.72689,51,49,54.0,52.0,3.0,0.961
21340,Pulaski Rd & Ann Lurie Pl,41.81644,-87.7248,50,44,49.0,44.0,-1.0,0.88
CHI01821,Central Park Ave & Douglas Blvd,41.86235,-87.71587,50,23,65.0,27.0,15.0,0.46
CHI00856,Yates Blvd & 93rd St,41.72617,-87.56628,50,20,41.0,19.0,-9.0,0.4
24365,Mason Ave & Montrose Ave,41.96056,-87.77588,50,34,58.0,37.0,8.0,0.68
CHI00706,Racine Ave & 65th St,41.77539,-87.65431,49,24,48.0,27.0,-1.0,0.49
CHI00772,Vernon Ave & 107th St,41.70012,-87.61226,49,19,58.0,22.0,9.0,0.388
CHI00875,Loomis Blvd & 84th St,41.74149,-87.65841,49,17,52.0,8.0,3.0,0.347
CHI00828,Commercial Ave & 130th St,41.65915,-87.55076,49,2,59.0,2.0,10.0,0.041
CHI00984,Public Rack - Sawyer Ave & Bryn Mawr Ave - SE,41.98302,-87.7097,49,29,49.0,28.0,0.0,0.592
494,Public Rack - Avers Ave & Irving Park Rd,41.95379,-87.72417,49,39,50.0,37.0,1.0,0.796
370,Central Park & Augusta Blvd,41.89891,-87.71649,49,33,72.0,46.0,23.0,0.673
CHI02180,Spaulding Ave & Milwaukee Ave,41.93089,-87.71072,49,37,44.0,37.0,-5.0,0.755
CHI01738,Public Rack - Nagel & Higgins,41.97631,-87.78764,48,25,49.0,27.0,1.0,0.521
CHI00829,Halsted St & 104th St,41.70514,-87.64243,48,6,62.0,10.0,14.0,0.125
20123,Western Ave & 104th St,41.70459,-87.6812,48,24,32.0,17.0,-16.0,0.5
CHI01785,Kedzie Ave & 66th Pl,41.77258,-87.70301,48,27,63.0,37.0,15.0,0.562
CHI01797,St. Louis & 71st St,41.76435,-87.71012,48,16,49.0,12.0,1.0,0.333
CHI01147,Public Rack - Kostner Ave & Armitage Ave,41.91721,-87.73614,48,22,49.0,6.0,1.0,0.458
930,Public Rack - Washtenaw Ave & Devon Ave,41.99776,-87.69723,48,42,48.0,45.0,0.0,0.875
21390,California Ave & Marquette Rd,41.77161,-87.69333,48,19,35.0,10.0,-13.0,0.396
CHI01096,Public Rack - Keystone Ave & North Ave,41.90963,-87.72795,48,33,49.0,39.0,1.0,0.688
13083,Indiana Ave & 40th St,41.82168,-87.62159,47,23,41.0,15.0,-6.0,0.489
CHI00968,Public Rack - St Louis Ave & Berteau Ave,41.95837,-87.71567,47,26,48.0,38.0,1.0,0.553
CHI01961,Commercial Ave & 90th St,41.7318,-87.55243,47,33,35.0,22.0,-12.0,0.702
545,Kostner Ave & Adams St,41.88051,-87.73691,47,37,45.0,40.0,-2.0,0.787
CHI01467,Public Rack - Langley Ave & 49th St,41.80519,-87.60908,47,35,52.0,47.0,5.0,0.745
CHI01965,Racine Ave & 115th St,41.68476,-87.65196,47,23,54.0,26.0,7.0,0.489
24266,Kedzie Ave & 54th Pl,41.79348,-87.70345,47,17,41.0,19.0,-6.0,0.362
24245,Western Ave & 43rd St,41.81574,-87.6849,47,29,43.0,37.0,-4.0,0.617
CHI00937,Troy Ave & 27th St,41.84265,-87.70401,47,13,33.0,5.0,-14.0,0.277
23165,Cicero Ave & Roscoe Ave,41.94243,-87.74732,47,29,41.0,27.0,-6.0,0.617
CHI00911,Narragansett Ave & School St,41.94013,-87.78648,47,11,48.0,16.0,1.0,0.234
20232,Big Marsh Park,41.68588,-87.57382,47,9,47.0,9.0,0.0,0.191
CHI00917,Rockwell St & 63rd St,41.77879,-87.68859,47,19,27.0,8.0,-20.0,0.404
CHI01819,Oketo Ave & Addison St,41.94496,-87.81189,47,7,51.0,9.0,4.0,0.149
CHI00910,Menard Ave & North Ave,41.90972,-87.7702,46,7,25.0,3.0,-21.0,0.152
CHI00594,Central Ave & Harrison St,41.873,-87.7645,46,15,38.0,12.0,-8.0,0.326
CHI01921,Oconto Ave & Belmont Ave,41.93783,-87.80788,46,19,44.0,19.0,-2.0,0.413
CHI01571,Public Rack - Lavergne Ave & Belle Plaine Ave,41.95531,-87.75179,46,36,46.0,36.0,0.0,0.783
CHI01909,Mozart St & 55th St,41.79375,-87.69472,46,18,58.0,14.0,12.0,0.391
CHI00710,Woodlawn Ave & 75th St,41.75916,-87.59575,46,21,51.0,29.0,5.0,0.457
355,Central Ave & Parker Ave,41.93018,-87.76612,46,32,43.0,42.0,-3.0,0.696
CHI01861,Kildare Ave & 55th St,41.79332,-87.73059,46,5,42.0,6.0,-4.0,0.109
CHI00547,Jeffery Blvd & 76th St,41.75712,-87.57584,45,15,51.0,17.0,6.0,0.333
CHI00771,Eggleston Ave & 69th St,41.7689,-87.63587,45,17,36.0,12.0,-9.0,0.378
24352,Vincennes Ave & 79th St,41.7506,-87.63409,45,37,33.0,24.0,-12.0,0.822
KA1503000033,Eberhart Ave & 61st St,41.78407,-87.61448,45,19,71.0,24.0,26.0,0.422
15597,Halsted St & 69th St,41.76906,-87.64461,45,34,49.0,34.0,4.0,0.756
23120,Damen Ave & 81st St,41.74653,-87.67306,45,2,53.0,3.0,8.0,0.044
CHI01579,Public Rack - Central Ave & Lawrence Ave,41.96786,-87.76759,45,28,45.0,27.0,0.0,0.622
CHI01838,Archer Ave & Homan Ave,41.81153,-87.70885,45,26,47.0,23.0,2.0,0.578
CHI00889,Public Rack - Spaulding Ave & Bryn Mawr Ave,41.98296,-87.71144,45,39,45.0,37.0,0.0,0.867
CHI01048,Seeley Ave & Garfield Blvd,41.79409,-87.67548,45,16,61.0,31.0,16.0,0.356
CHI00837,Woodlawn & 103rd,41.70734,-87.59399,45,2,17.0,0.0,-28.0,0.044
CHI01662,Public Rack - Kilpatrick & Elston,41.97002,-87.7434,44,39,44.0,40.0,0.0,0.886
1121.0,Public Rack - Milwaukee Ave & Higgins Ave,41.9686,-87.7612,44,24,50.0,32.0,6.0,0.545
21334,Lawndale Ave & 30th St,41.83891,-87.7169,44,1,48.0,4.0,4.0,0.023
23164,Grace St & Central Ave,41.94953,-87.76727,44,22,52.0,29.0,8.0,0.5
CHI01459,Public Rack - Ashland Ave & 83rd St,41.74272,-87.66355,44,37,63.0,54.0,19.0,0.841
814,Public Rack - Prairie Ave & 47th St ,41.8095,-87.619,44,35,44.0,34.0,0.0,0.795
24402,Ewing Ave & 106th St,41.70266,-87.53564,44,30,42.0,22.0,-2.0,0.682
CHI00890,Lavergne Ave & 46th St,41.80934,-87.74783,44,1,37.0,1.0,-7.0,0.023
24244,California Ave & 41st St,41.81867,-87.69441,44,26,60.0,23.0,16.0,0.591
CHI00965,Daley Center Plaza Corral,41.88419,-87.62966,44,36,15.0,5.0,-29.0,0.818
21388,Richmond St & 59th St,41.78649,-87.69733,44,26,66.0,28.0,22.0,0.591
KA1503000053,MLK Jr Dr & 63rd St,41.78008,-87.61594,44,15,57.0,23.0,13.0,0.341
CHI00866,Homewood Ave & 115th St,41.6846,-87.67071,44,5,32.0,2.0,-12.0,0.114
KA1503000047,Perry Ave & 69th St,41.76929,-87.6282,44,14,29.0,11.0,-15.0,0.318
CHI02053,Granville Ave & Pulaski Rd,41.99245,-87.72892,44,32,46.0,23.0,2.0,0.727
CHI01221,Public Rack - Western Ave & 92nd Pl,41.72553,-87.68197,44,33,48.0,38.0,4.0,0.75
24477,Lynch Ave & Elston Ave,41.98096,-87.76149,43,23,43.0,20.0,0.0,0.535
24198,Lawler Ave & North Ave,41.90918,-87.75226,43,22,47.0,18.0,4.0,0.512
CHI00293,Calumet Ave & 71st St,41.76551,-87.61692,43,12,29.0,7.0,-14.0,0.279
693,Public Rack - Walden Pkwy & 103rd St,41.7062,-87.66896,43,17,44.0,17.0,1.0,0.395
CHI01904,Mayfield Ave & Roosevelt Rd,41.86569,-87.77176,43,11,58.0,18.0,15.0,0.256
CHI01300,Latrobe Ave & Chicago Ave,41.89475,-87.7569,43,31,44.0,29.0,1.0,0.721
CHI00948,Public Rack - Western Ave & Jarvis Ave,42.0164,-87.69038,43,35,42.0,34.0,-1.0,0.814
21381,Francisco Ave & 47th St,41.80849,-87.69673,43,17,26.0,13.0,-17.0,0.395
CHI01279,North Ave & New England Ave,41.90922,-87.79714,43,12,38.0,15.0,-5.0,0.279
CHI01929,Halsted St & 93rd St,41.72489,-87.64358,43,3,38.0,4.0,-5.0,0.07
25490,Milwaukee Ave & Highland Ave,41.99636,-87.78674,43,25,50.0,20.0,7.0,0.581
CHI01957,Eggleston Ave & 111th St,41.69254,-87.63374,43,0,39.0,0.0,-4.0,0.0
CHI01762,Mango Ave & Diversey Ave,41.93096,-87.76988,43,12,39.0,14.0,-4.0,0.279
CHI00779,Doty Ave & 111th St,41.69501,-87.59871,42,10,29.0,12.0,-13.0,0.238
24281,Pulaski Rd & 54th St,41.79499,-87.72361,42,28,45.0,33.0,3.0,0.667
CHI00905,Sacramento Blvd & Polk St,41.87096,-87.70026,42,13,31.0,13.0,-11.0,0.31
CHI00724,Stony Island Ave & 82nd St,41.74656,-87.58601,42,21,41.0,25.0,-1.0,0.5
833,Public Rack - Pulaski Rd & 44th St,41.8129,-87.7225,42,33,49.0,42.0,7.0,0.786
CHI01968,Princeton Ave & 95th St,41.72175,-87.63075,42,10,20.0,7.0,-22.0,0.238
24220,Homan Ave & Arthington Ave,41.86963,-87.71057,42,8,35.0,8.0,-7.0,0.19
21377,Harlem Ave & Bloomingdale Ave,41.91203,-87.80577,42,20,37.0,16.0,-5.0,0.476
CHI00831,Kedzie Ave & 104th St,41.70378,-87.70139,42,3,22.0,0.0,-20.0,0.071
CHI01200,Public Rack - Prairie Ave & 47th St ,41.80949,-87.619,42,20,47.0,37.0,5.0,0.476
CHI00857,Halsted St & 78th St,41.75249,-87.64389,42,22,62.0,18.0,20.0,0.524
CHI01847,Knox Ave & Marquette Ave,41.77114,-87.73774,42,12,52.0,14.0,10.0,0.286
CHI01998,Pulaski Rd & 75th St,41.75725,-87.72247,41,18,37.0,25.0,-4.0,0.439
415,Western Ave & Lake St,41.8846,-87.68587,41,25,42.0,21.0,1.0,0.61
16905,Central Ave & Lake St,41.88766,-87.76547,41,31,53.0,41.0,12.0,0.756
24273,Kedzie Ave & 60th St,41.78458,-87.70319,41,15,29.0,9.0,-12.0,0.366
21339,Pershing Rd & Sacramento Ave,41.82238,-87.69975,41,4,68.0,4.0,27.0,0.098
358,Kilpatrick Ave & Parker Ave,41.93074,-87.74408,41,23,31.0,11.0,-10.0,0.561
CHI01276,Laramie Ave & Madison St,41.88021,-87.75534,41,24,36.0,19.0,-5.0,0.585
CHI00846,Halsted St & 73rd St,41.76161,-87.64416,41,9,31.0,7.0,-10.0,0.22
CHI01581,Public Rack - Milwaukee Ave & Higgins Ave,41.9686,-87.76122,41,27,45.0,23.0,4.0,0.659
CHI01679,Public Rack - Kenneth & Carmen,41.97266,-87.73924,41,27,48.0,39.0,7.0,0.659
497,Public Rack - Lowell Ave & Elston Ave,41.96613,-87.73699,41,3,41.0,6.0,0.0,0.073
CHI00880,Constance Ave & 95th St,41.72229,-87.57897,41,25,35.0,23.0,-6.0,0.61
CHI01862,Tripp Ave & 31st St,41.83697,-87.7305,41,18,43.0,15.0,2.0,0.439
CHI01839,Kedzie Ave & 38th Pl,41.82351,-87.70411,41,12,54.0,13.0,13.0,0.293
21375,Long Ave & North Ave,41.90921,-87.76092,41,31,40.0,35.0,-1.0,0.756
CHI01395,Public Rack - Campbell Ave & Pratt Blvd,42.00507,-87.69264,41,28,42.0,32.0,1.0,0.683
CHI01019,Public Rack - Milwaukee Ave & School St,41.94062,-87.72608,41,23,43.0,20.0,2.0,0.561
CHI01934,Oriole Ave & Irving Park Rd,41.95224,-87.81697,40,10,37.0,7.0,-3.0,0.25
CHI01949,Ewing Ave & 98th St,41.71781,-87.53504,40,14,46.0,10.0,6.0,0.35
CHI00955,Public Rack - Kimball Ave & Carmen Ave,41.9739,-87.7133,40,20,43.0,15.0,3.0,0.5
21352,Sayre Ave & Diversey Ave,41.93098,-87.80106,40,11,46.0,15.0,6.0,0.275
21304,Lavergne Ave & Division St,41.90211,-87.75087,40,25,43.0,32.0,3.0,0.625
CHI01753,Pulaski Rd & 84th St,41.74041,-87.72191,40,25,35.0,23.0,-5.0,0.625
CHI00683,Ashland Ave & 66th St,41.77407,-87.66381,40,8,41.0,7.0,1.0,0.2
CHI01735,Public Rack - Peterson Park,41.97871,-87.75552,40,28,41.0,32.0,1.0,0.7
24420,Michigan Ave & 105th St,41.70346,-87.62037,40,25,19.0,10.0,-21.0,0.625
650,Eggleston Ave & 69th St,41.7679,-87.63366,39,21,36.0,27.0,-3.0,0.538
CHI01217,Stewart Ave & 63rd St,41.77984,-87.63478,39,15,29.0,17.0,-10.0,0.385
16921,Austin Blvd & Chicago Ave,41.89489,-87.7747,39,13,36.0,14.0,-3.0,0.333
16933,Morgan St & Pershing Rd,41.82361,-87.65093,39,30,27.0,21.0,-12.0,0.769
23119,Francisco Ave & 85th St,41.7389,-87.69552,39,3,43.0,3.0,4.0,0.077
CHI01807,Damen Ave & 77th St,41.75401,-87.67337,39,9,49.0,13.0,10.0,0.231
20242,Houston Ave & 92nd St,41.7282,-87.5497,39,15,30.0,15.0,-9.0,0.385
CHI00957,Ashland Ave & 78th St,41.75221,-87.6637,39,13,44.0,7.0,5.0,0.333
580,Exchange Ave & 79th St,41.74973,-87.55316,39,23,29.0,15.0,-10.0,0.59
507,Public Rack - Hamlin Ave & Fullerton Ave,41.92432,-87.72146,39,17,39.0,20.0,0.0,0.436
CHI01916,Hamilton Park,41.76252,-87.63734,39,2,40.0,8.0,1.0,0.051
CHI01740,Public Rack - Forest Glen Station ,41.97871,-87.75553,39,23,40.0,29.0,1.0,0.59
CHI00681,Ashland Ave & Garfield Blvd,41.79282,-87.66443,39,8,34.0,2.0,-5.0,0.205
CHI01966,Burley Ave & 91st St,41.73054,-87.54558,38,15,20.0,9.0,-18.0,0.395
CHI00887,Pulaski Rd & 60th St,41.78419,-87.72256,38,18,18.0,9.0,-20.0,0.474
CHI00677,Kostner Ave & Lake St,41.88593,-87.73541,38,19,34.0,16.0,-4.0,0.5
CHI00675,Public Rack - California Ave & Ogden Ave,41.86086,-87.69569,38,11,37.0,22.0,-1.0,0.289
24332,Lavergne Ave & Diversey Ave,41.93128,-87.75141,38,21,36.0,22.0,-2.0,0.553
CHI01416,Public Rack - Woodlawn Ave & 63rd St S,41.77955,-87.59604,38,24,38.0,29.0,0.0,0.632
CHI01817,Mozart St & 79th St,41.74969,-87.69391,38,2,39.0,2.0,1.0,0.053
CHI01927,Spaulding Ave & 63rd,41.77917,-87.70564,38,16,66.0,27.0,28.0,0.421
CHI01947,Baltimore Ave & 133rd St,41.65349,-87.54703,38,2,41.0,3.0,3.0,0.053
16916,Central Ave & Madison St,41.88012,-87.76324,38,28,19.0,12.0,-19.0,0.737
CHI01846,Parkside Ave & Armitage Ave,41.91691,-87.76717,37,23,29.0,17.0,-8.0,0.622
CHI01009,Roscoe & Harlem,41.94161,-87.80729,37,11,29.0,5.0,-8.0,0.297
24250,Rockwell St & 47th St,41.80853,-87.68942,37,22,26.0,16.0,-11.0,0.595
20103,Prospect Sq & 91st St,41.72823,-87.66752,37,11,38.0,9.0,1.0,0.297
24267,Mozart St & 55th St,41.79375,-87.69472,37,27,37.0,21.0,0.0,0.73
KA1503000055,Halsted St & 63rd St,41.77938,-87.64462,37,23,30.0,20.0,-7.0,0.622
23210,Central Park Ave & Washington Blvd,41.88275,-87.7154,37,15,37.0,18.0,0.0,0.405
24324,Nagle Ave & Belmont Ave,41.93852,-87.78735,37,23,69.0,56.0,32.0,0.622
23166,Major Ave & Addison St,41.94587,-87.76938,37,29,38.0,26.0,1.0,0.784
23117,Kedzie Ave & 83rd St,41.74252,-87.70228,37,6,25.0,6.0,-12.0,0.162
CHI00591,Cicero Ave & Quincy St,41.87761,-87.7454,37,13,37.0,10.0,0.0,0.351
CHI01227,Public Rack - Western Blvd & 49th St,41.80478,-87.68375,37,16,36.0,16.0,-1.0,0.432
CHI00790,Eberhart Ave & 91st St,41.72929,-87.61103,37,4,37.0,2.0,0.0,0.108
KA1504000168,Western Ave & 28th St,41.84152,-87.68513,37,20,38.0,11.0,1.0,0.541
CHI00776,Olive Harvey College,41.70958,-87.59023,37,3,35.0,4.0,-2.0,0.081
CHI01930,Harding Ave & 31st St,41.83672,-87.72303,36,19,38.0,17.0,2.0,0.528
CHI01196,Major Ave & Bloomingdale Ave,41.91259,-87.7687,36,8,24.0,3.0,-12.0,0.222
CHI00819,Eggleston Ave & 92nd St,41.72758,-87.63483,36,2,37.0,2.0,1.0,0.056
CHI01544,Kedzie Ave & 83rd St,41.74252,-87.70228,36,2,27.0,4.0,-9.0,0.056
CHI01976,Aberdeen St & 103rd St,41.70704,-87.65022,36,3,41.0,4.0,5.0,0.083
CHI02150,Kostner Ave & Devon Ave,41.99703,-87.73838,36,32,25.0,16.0,-11.0,0.889
CHI01283,Public Rack - Greenwood Ave & Lake Park Ave,41.81731,-87.59956,36,23,39.0,24.0,3.0,0.639
424,Sacramento Ave & 25th St,41.84651,-87.70014,36,32,19.0,18.0,-17.0,0.889
CHI01172,Public Rack - Lafayette Ave & 95th St,41.72179,-87.62493,35,8,36.0,13.0,1.0,0.229
CHI00900,Hamlin Ave & 62nd Pl,41.77995,-87.71782,35,6,35.0,6.0,0.0,0.171
CHI00818,Kedzie Ave & 110th St,41.6924,-87.70096,35,6,28.0,2.0,-7.0,0.171
CHI00870,East End Ave & 87th St,41.73682,-87.5828,35,8,37.0,10.0,2.0,0.229
24159,Kedvale Ave & Peterson Ave,41.99008,-87.73171,35,22,40.0,25.0,5.0,0.629
CHI01032,Karlov Ave & Madison St,41.88085,-87.72791,35,23,36.0,20.0,1.0,0.657
CHI01585,Public Rack - Milwaukee Ave & Kennedy Expy,41.97127,-87.76388,35,17,35.0,29.0,0.0,0.486
CHI02178,Sawyer Ave & Fullerton Ave,41.92448,-87.7092,35,25,34.0,28.0,-1.0,0.714
21317,Long Ave & Belmont Ave,41.93833,-87.76166,35,16,34.0,12.0,-1.0,0.457
CHI01669,Public Rack - Avers & Lawrence,41.96842,-87.72446,35,22,34.0,20.0,-1.0,0.629
530,Laramie Ave & Kinzie St,41.88783,-87.75553,34,19,32.0,17.0,-2.0,0.559
CHI01813,Pulaski Rd & 68th St,41.76949,-87.72286,34,16,35.0,13.0,1.0,0.471
21400,Lawler Ave & 50th St,41.80217,-87.74894,34,5,42.0,12.0,8.0,0.147
CHI01999,Halsted St & 83rd St,41.74307,-87.6437,34,12,18.0,11.0,-16.0,0.353
KA1504000086,Kedzie Ave & 24th St,41.84819,-87.70541,34,13,30.0,10.0,-4.0,0.382
CHI00862,Major Taylor Trail & 115th St,41.68493,-87.64529,34,8,33.0,7.0,-1.0,0.235
512,Public Rack - California Ave & Cortez St,41.9001,-87.69682,34,25,40.0,26.0,6.0,0.735
21385,St Louis Ave & Norman Bobbins Pl,41.79439,-87.71132,33,5,34.0,7.0,1.0,0.152
495,Public Rack - Keystone Ave & Irving Park Rd,41.95348,-87.72968,33,25,31.0,25.0,-2.0,0.758
CHI01470,Public Rack - Peterson Ave & Drake Ave,41.99012,-87.71734,33,32,34.0,34.0,1.0,0.97
20224,Calumet Park,41.71371,-87.53084,33,12,34.0,11.0,1.0,0.364
21301,Monticello Ave & Chicago Ave,41.89557,-87.71755,33,22,47.0,31.0,14.0,0.667
CHI00730,South Chicago Ave & 83rd St,41.74392,-87.57522,33,12,26.0,15.0,-7.0,0.364
20108,Hale Ave & 107th St,41.69921,-87.66892,33,7,27.0,5.0,-6.0,0.212
CHI00543,Cicero Ave & Flournoy St,41.87213,-87.74662,33,8,42.0,20.0,9.0,0.242
1276.0,Public Rack - Hollywood Park,41.98929,-87.71182,33,33,35.0,35.0,2.0,1.0
24340,Wabash Ave & 49th St,41.80581,-87.6245,33,10,19.0,7.0,-14.0,0.303
24196,Mango Ave & North Ave,41.90958,-87.76912,33,4,49.0,9.0,16.0,0.121
CHI01610,Public Rack - Bryn Mawr Ave & Spaulding Ave,41.98309,-87.71159,33,19,33.0,21.0,0.0,0.576
473,Mason Ave & Belmont Ave,41.93837,-87.7725,32,7,16.0,6.0,-16.0,0.219
CHI01890,Sacramento Ave & 51st St,41.80068,-87.69895,32,11,28.0,8.0,-4.0,0.344
CHI01958,St Louis Ave & 51st St,41.80095,-87.71104,32,8,32.0,5.0,0.0,0.25
CHI02005,Halsted St & 119th St,41.67764,-87.64174,32,3,20.0,3.0,-12.0,0.094
25479,Central & Elston,41.9855,-87.7682,32,23,26.0,21.0,-6.0,0.719
CHI00696,Throop St & 52nd St,41.79966,-87.65719,32,12,38.0,6.0,6.0,0.375
CHI02010,Major Taylor Trail & 111th St,41.69211,-87.6489,32,3,22.0,3.0,-10.0,0.094
CHI01940,Parnell Ave & 127th St,41.66338,-87.63429,32,4,22.0,3.0,-10.0,0.125
CHI01786,Paulina Ave & 87th St,41.73562,-87.66552,32,13,29.0,6.0,-3.0,0.406
422,Albany Ave & 16th St,41.85936,-87.70302,32,15,24.0,10.0,-8.0,0.469
CHI01907,Mulligan Ave & Archer Ave,41.79296,-87.78052,32,12,42.0,14.0,10.0,0.375
CHI01482,Public Rack - Whipple St & 63rd St,41.77888,-87.69981,32,29,37.0,35.0,5.0,0.906
20120,Stewart Ave & 83rd St,41.74372,-87.63409,32,15,21.0,13.0,-11.0,0.469
20116,Dauphin Ave & 87th St,41.73648,-87.60125,32,19,29.0,18.0,-3.0,0.594
506,Public Rack - Lawndale Ave & Diversey Ave,41.93173,-87.71925,31,23,34.0,22.0,3.0,0.742
CHI01688,Public Rack - Monticello & Lawrence,41.96821,-87.71954,31,23,30.0,18.0,-1.0,0.742
CHI00843,Avenue O & 134th St,41.6519,-87.53956,31,5,27.0,3.0,-4.0,0.161
CHI01638,Public Rack - Delphina & Foster,41.9736,-87.8411,31,18,31.0,23.0,0.0,0.581
23138,St. Louis & 71st St,41.76435,-87.71012,31,13,20.0,9.0,-11.0,0.419
21320,Orange Ave & Addison St,41.94485,-87.82423,31,7,22.0,7.0,-9.0,0.226
21366,Spaulding Ave & 16th St,41.85907,-87.70789,31,16,31.0,21.0,0.0,0.516
24480,Austin Ave & Milwaukee Ave,41.98736,-87.77805,31,15,29.0,14.0,-2.0,0.484
CHI00799,Michigan Ave & 71st St,41.76529,-87.62175,31,20,32.0,23.0,1.0,0.645
16940,Ashland Ave & 50th St,41.80302,-87.6647,31,20,19.0,12.0,-12.0,0.645
CHI01031,Greenwood Ave & 79th St,41.75129,-87.5976,31,9,33.0,11.0,2.0,0.29
CHI01030,State St & 76th St,41.75697,-87.62462,31,16,32.0,19.0,1.0,0.516
24174,Cicero Ave & Wellington Ave,41.93515,-87.74636,31,19,20.0,10.0,-11.0,0.613
CHI01017,Public Rack - Karlov Ave & Kamerling Ave,41.90562,-87.72864,31,17,33.0,17.0,2.0,0.548
21421,Albany Ave & Douglas Blvd,41.86313,-87.70309,31,11,31.0,8.0,0.0,0.355
CHI01012,Public Rack - Sawyer Ave & Lawrence Ave,41.9683,-87.70947,31,26,33.0,22.0,2.0,0.839
1225.0,Public Rack - Kenneth & Carmen,41.97265,-87.73924,31,16,32.0,25.0,1.0,0.516
CHI01524,Public Rack - Washington Park Ct & 51st St,41.80219,-87.61514,31,18,35.0,27.0,4.0,0.581
21407,Tripp Ave & 65th St,41.77491,-87.72883,31,16,54.0,11.0,23.0,0.516
21307,Leamington Ave & Hirsch St,41.90584,-87.75487,31,2,34.0,2.0,3.0,0.065
572,State St & 76th St,41.78111,-87.65077,31,20,28.0,22.0,-3.0,0.645
CHI00760,Halsted St & 56th St,41.79293,-87.64499,31,10,38.0,8.0,7.0,0.323
Corral 8,Grace/Sheffield,41.95121,-87.6546,30,13,33.0,15.0,3.0,0.433
24326,Long Ave & Diversey Ave,41.93104,-87.76124,30,16,31.0,20.0,1.0,0.533
24454,Western Ave & 101st St,41.71011,-87.68198,30,19,20.0,14.0,-10.0,0.633
CHI00841,Torrence Ave & 126th Pl,41.66631,-87.55722,30,0,22.0,1.0,-8.0,0.0
573,State St & 79th St,41.75079,-87.62442,30,14,34.0,25.0,4.0,0.467
20213,Commercial Ave & 130th St,41.65915,-87.55076,30,9,35.0,9.0,5.0,0.3
CHI01511,Public Rack - Garfield Park Conservatory,41.88658,-87.71665,30,15,30.0,14.0,0.0,0.5
21303,Kildare Ave & Division St,41.90239,-87.7336,30,10,25.0,7.0,-5.0,0.333
21309,Narragansett Ave & McLean Ave,41.9159,-87.78511,30,3,30.0,3.0,0.0,0.1
CHI00851,Ewing Ave & Burnham Greenway,41.70999,-87.5355,30,7,26.0,5.0,-4.0,0.233
CHI01592,Public Rack - Lawrence Ave & Kimball Ave,41.96828,-87.71262,30,17,36.0,31.0,6.0,0.567
929,Public Rack - Campbell Ave & Pratt Blvd,42.00507,-87.69264,30,24,31.0,29.0,1.0,0.8
CHI01104,Cottage Grove Ave & 78th St,41.75317,-87.60503,30,12,23.0,9.0,-7.0,0.4
23215,Lexington St & California Ave,41.87199,-87.69581,29,16,22.0,11.0,-7.0,0.552
CHI00953,Public Rack - Rockwell Ave & Touhy Ave ,42.01234,-87.69538,29,10,33.0,11.0,4.0,0.345
KA1503000049.1,Rainbow - Beach,41.75787,-87.54919,29,10,32.0,11.0,3.0,0.345
420,Washtenaw Ave & Polk St,41.8711,-87.69368,29,17,23.0,13.0,-6.0,0.586
CHI01884,Pulaski Rd & 60th Pl,41.78315,-87.72257,29,11,26.0,9.0,-3.0,0.379
23137,Springfield Ave & 71st St,41.76448,-87.72003,29,7,33.0,21.0,4.0,0.241
866,Public Rack - Kostner Ave & Armitage Ave,41.91721,-87.73614,29,16,34.0,3.0,5.0,0.552
CHI01691,Public Rack - Central Park & Peterson,41.9901,-87.71875,29,22,36.0,30.0,7.0,0.759
CHI01374,Kildare & Cermak,41.85141,-87.73215,29,9,23.0,10.0,-6.0,0.31
1277.0,Public Rack - Peterson Park,41.97871,-87.75552,29,22,30.0,22.0,1.0,0.759
CHI01770,Artesian Ave & 71st St,41.76434,-87.68442,29,18,33.0,22.0,4.0,0.621
CHI00939,Damen Ave & 33rd St,41.83411,-87.67559,29,20,24.0,15.0,-5.0,0.69
CHI00688,Damen Ave & 74th St,41.75927,-87.67364,28,9,22.0,9.0,-6.0,0.321
474,Fullerton & Monitor,41.92379,-87.77231,28,11,17.0,4.0,-11.0,0.393
CHI01120,Public Rack - Houston Ave & 91st St,41.72997,-87.54963,28,15,30.0,24.0,2.0,0.536
CHI01941,State St & 111th St,41.69251,-87.62287,28,8,32.0,9.0,4.0,0.286
24261,St Louis Ave & 51st St,41.80095,-87.71104,28,15,25.0,9.0,-3.0,0.536
16903,Cicero Ave & Lake St,41.88684,-87.74526,28,13,19.0,12.0,-9.0,0.464
CHI00942,Fullerton & Monitor,41.92379,-87.77231,28,4,22.0,2.0,-6.0,0.143
CHI01119,Public Rack - Kenton Ave & Palmer St,41.92068,-87.74195,28,8,31.0,1.0,3.0,0.286
540,Laramie Ave & Madison St,41.88021,-87.75534,28,18,40.0,28.0,12.0,0.643
CHI00876,Hegewisch Metra Station,41.6485,-87.54609,28,6,29.0,6.0,1.0,0.214
1015,Public Rack - Peterson Ave & Drake Ave,41.99012,-87.71734,28,27,30.0,30.0,2.0,0.964
CHI00704,Racine Ave & 61st St,41.78319,-87.65437,28,14,21.0,7.0,-7.0,0.5
CHI01570,Public Rack - Milwaukee Ave & Culyer Ave,41.95468,-87.74942,28,12,40.0,15.0,12.0,0.429
CHI00956,Halsted St & 111th St,41.69226,-87.64262,28,3,23.0,6.0,-5.0,0.107
561,Damen Ave & 59th St,41.78586,-87.67414,28,8,27.0,9.0,-1.0,0.286
CHI01873,Monitor Ave & Division St,41.90192,-87.77178,28,6,36.0,3.0,8.0,0.214
20205,Western Ave & 111th St,41.69121,-87.6813,28,6,16.0,3.0,-12.0,0.214
766,Public Rack - Harold Washington Park,41.80106,-87.58477,27,13,27.0,6.0,0.0,0.481
CHI01975,Kilbourn Ave & 49th St,41.80385,-87.73566,27,3,40.0,1.0,13.0,0.111
CHI01970,Loomis St & 95th St,41.72148,-87.65775,27,14,30.0,15.0,3.0,0.519
CHI01548,Public Rack - Natoma Ave & 61st St,41.78091,-87.78763,27,15,30.0,20.0,3.0,0.556
CHI00728,Summit Ave & 86th St,41.73785,-87.6449,27,14,22.0,9.0,-5.0,0.519
23173,Central Ave & Wellington Ave,41.93489,-87.76676,27,12,24.0,10.0,-3.0,0.444
CHI02070,Addison Red Line Corral,41.9472,-87.65395,27,13,37.0,21.0,10.0,0.481
342,Kedzie Ave & 45th St,41.81139,-87.704,27,19,9.0,5.0,-18.0,0.704
593,Halsted St & 59th St,41.78754,-87.64487,27,17,22.0,16.0,-5.0,0.63
CHI00869,Steelworkers Park (Updated),41.73795,-87.53083,27,1,23.0,0.0,-4.0,0.037
20215,Hegewisch Metra Station,41.6485,-87.54609,27,7,20.0,2.0,-7.0,0.259
25134,Pulaski Rd & 75th St,41.75725,-87.72247,27,15,33.0,21.0,6.0,0.556
CHI00838,State St & 123rd St,41.67065,-87.6226,27,1,31.0,1.0,4.0,0.037
CHI01931,Commercial Ave & 97th St,41.71893,-87.55112,26,20,37.0,30.0,11.0,0.769
CHI00938,California Ave & 29th St,41.84022,-87.69413,26,14,15.0,9.0,-11.0,0.538
1195.0,Public Rack - Nashotah & Northwest Hwy,41.98814,-87.79144,26,12,30.0,24.0,4.0,0.462
1134.0,Public Rack - Kimball Ave & Lawrence Ave,41.96792,-87.71343,26,22,26.0,22.0,0.0,0.846
24263,Sacramento Ave & 51st St,41.80069,-87.69895,26,10,24.0,5.0,-2.0,0.385
CHI01205,May St & 69th St,41.76894,-87.65294,26,12,22.0,10.0,-4.0,0.462
582,Phillips Ave & 83rd St,41.73781,-87.5641,26,12,25.0,10.0,-1.0,0.462
CHI01593,Public Rack - Bernard St & Foster Ave,41.97564,-87.71269,26,9,27.0,6.0,1.0,0.346
CHI00711,Evans Ave & 75th St,41.75849,-87.60641,26,12,21.0,14.0,-5.0,0.462
CHI00850,Stony Island Ave & 90th St,41.73139,-87.58574,26,5,30.0,5.0,4.0,0.192
CHI01718,Public Rack - Oak Park & Higgins,41.97889,-87.79623,26,8,27.0,2.0,1.0,0.308
313,Long Ave & Belden Ave,41.92271,-87.76095,26,24,13.0,4.0,-13.0,0.923
24393,Burley Ave & 85th St,41.74117,-87.54518,26,14,19.0,11.0,-7.0,0.538
CHI01336,Kostner Ave & Adams St,41.87792,-87.73574,26,19,28.0,17.0,2.0,0.731
20131,Cottage Grove Ave & 111th Pl,41.69171,-87.61,26,10,21.0,5.0,-5.0,0.385
23121,Damen Ave & 87th St,41.73604,-87.67286,26,18,22.0,17.0,-4.0,0.692
20118,Eggleston Ave & 92nd St,41.72758,-87.63483,26,1,27.0,1.0,1.0,0.038
20222,Burnham Greenway & 105th St,41.70458,-87.52823,26,6,16.0,6.0,-10.0,0.231
CHI01427,Public Rack - Lake Shore Dr & Hayes Dr,41.78059,-87.57456,26,2,32.0,4.0,6.0,0.077
21336,La Villita Park,41.83926,-87.70202,26,9,32.0,9.0,6.0,0.346
CHI01613,Public Rack - Olmstead Ave & Oliphant Ave,42.00232,-87.8171,25,4,34.0,7.0,9.0,0.16
CHI00981,Public Rack - Walden Pkwy & 103rd St,41.70621,-87.66896,25,12,27.0,13.0,2.0,0.48
584,Ellis Ave & 83rd St,41.73701,-87.59487,25,16,23.0,13.0,-2.0,0.64
CHI01689,Public Rack - Christiana & Lincoln,41.99347,-87.71273,25,14,26.0,17.0,1.0,0.56
1112.0,Public Rack - Milwaukee Ave & Pensacola Ave,41.95951,-87.7534,25,11,24.0,15.0,-1.0,0.44
1280.0,Public Rack - Wilbur Wright College South,41.95828,-87.78745,25,11,33.0,28.0,8.0,0.44
KA1503000028,Jeffery Blvd & 76th St,41.75712,-87.57584,25,5,21.0,8.0,-4.0,0.2
CHI01959,Throop St & 99th St,41.71413,-87.65471,25,4,24.0,6.0,-1.0,0.16
CHI00816,Hubbard St Depot,41.88978,-87.68035,25,20,29.0,28.0,4.0,0.8
CHI01793,Artesian Ave & Marquette Rd,41.77203,-87.68464,25,7,35.0,8.0,10.0,0.28
15682,Kedzie Ave & Roosevelt Rd,41.86649,-87.7065,25,7,29.0,9.0,4.0,0.28
24359,Vincennes Ave & 95th St,41.72126,-87.65005,25,18,30.0,16.0,5.0,0.72
CHI01433,Public Rack - Prairie Ave & Garfield Blvd N,41.79481,-87.61891,25,13,44.0,27.0,19.0,0.52
21384,Kedzie Ave & 52nd St,41.79906,-87.70342,25,12,25.0,8.0,0.0,0.48
344,Springfield Ave & 47th St,41.80807,-87.72122,25,15,15.0,9.0,-10.0,0.6
CHI00919,Public Rack - Sacramento Ave & Devon Ave,41.99758,-87.70464,25,13,25.0,13.0,0.0,0.52
535,Pulaski Rd & Congress Pkwy,41.87441,-87.72609,25,11,22.0,16.0,-3.0,0.44
21365,Kildare Ave & 26th St,41.84423,-87.73215,25,15,22.0,15.0,-3.0,0.6
CHI01655,Public Rack - Lynch & Elston,41.98093,-87.7613,24,4,28.0,4.0,4.0,0.167
CHI00848,S Michigan Ave & E 118th St,41.67981,-87.62083,24,1,8.0,0.0,-16.0,0.042
21418,Mozart St & Jackson Blvd,41.8775,-87.6974,24,18,51.0,44.0,27.0,0.75
CHI01001,Public Rack - Pulaski Rd & Fullerton Ave,41.92462,-87.7274,24,14,37.0,14.0,13.0,0.583
21329,Central Park Ave & Douglas Blvd,41.86235,-87.71587,24,14,23.0,6.0,-1.0,0.583
21371,Kildare Ave & Chicago Ave,41.89544,-87.73349,24,10,26.0,7.0,2.0,0.417
348,Western Ave & 62nd St,41.78098,-87.68342,24,10,18.0,4.0,-6.0,0.417
CHI01699,Public Rack - Pulaski & Rosemont,41.99519,-87.72899,24,19,26.0,22.0,2.0,0.792
702,Public Rack - Western Ave & 92nd Pl,41.72554,-87.68197,24,19,26.0,21.0,2.0,0.792
CHI00868,Avenue O & 118th St,41.681,-87.53794,24,3,22.0,3.0,-2.0,0.125
24246,Archer Ave & Homan Ave,41.81153,-87.70885,24,18,32.0,27.0,8.0,0.75
KA1503000003,Cottage Grove Ave & 71st St,41.76572,-87.60496,24,5,11.0,4.0,-13.0,0.208
CHI01752,Columbus Ave & 83rd Pl,41.74135,-87.71369,24,9,16.0,3.0,-8.0,0.375
CHI00879,Greenwood Ave & 97th St,41.7187,-87.59704,24,4,38.0,2.0,14.0,0.167
24257,Archer Ave & 49th St,41.8042,-87.72082,24,18,18.0,14.0,-6.0,0.75
16950,Ashland Ave & 66th St,41.77407,-87.66382,24,8,21.0,4.0,-3.0,0.333
24360,Princeton Ave & 95th St,41.72175,-87.63075,24,8,14.0,7.0,-10.0,0.333
1284.0,Public Rack - Forest Glen Station ,41.97871,-87.75552,24,19,26.0,20.0,2.0,0.792
1523185.1,Mason Ave & Grand Ave,41.92043,-87.77439,23,5,38.0,3.0,15.0,0.217
CHI01754,Scottsdale Park,41.74197,-87.73616,23,6,21.0,4.0,-2.0,0.261
CHI01991,Ewing Ave & 97th St,41.71982,-87.53542,23,6,20.0,5.0,-3.0,0.261
CHI01428,Public Rack - Langley Ave & Oakwood Blvd,41.82283,-87.60954,23,10,23.0,5.0,0.0,0.435
CHI02046,SCOOTERS CLASSIC - 2132 W Hubbard ST,41.88997,-87.68016,23,23,140.0,116.0,117.0,1.0
24279,Lawndale Ave & 59th St,41.78638,-87.7157,23,9,23.0,3.0,0.0,0.391
CHI01802,Kedzie Ave & 73rd St,41.7607,-87.70229,23,11,20.0,5.0,-3.0,0.478
1204.0,Public Rack - Leamington & Elston,41.97789,-87.75631,23,15,26.0,25.0,3.0,0.652
1207.0,Public Rack - Parkside & Elston,41.98547,-87.76958,23,3,25.0,3.0,2.0,0.13
583,Stony Island Ave & 82nd St,41.73829,-87.58264,23,15,15.0,11.0,-8.0,0.652
570,Evans Ave & 75th St,41.75849,-87.60641,23,9,15.0,4.0,-8.0,0.391
350,Hamlin Ave & 62nd Pl,41.77995,-87.71782,23,1,13.0,1.0,-10.0,0.043
20229,Baltimore Ave & 87th St,41.73734,-87.54851,23,11,26.0,8.0,3.0,0.478
397,Narragansett Ave & School St,41.94013,-87.78648,23,16,23.0,15.0,0.0,0.696
23139,Kedzie Ave & Redfield Dr,41.76523,-87.70316,23,7,23.0,8.0,0.0,0.304
24203,Harding Ave & Division St,41.90235,-87.72507,23,9,31.0,16.0,8.0,0.391
23113,Scottsdale Park,41.74197,-87.73618,23,3,31.0,5.0,8.0,0.13
CHI01650,Public Rack - Parkside & 63rd,41.77814,-87.76303,23,12,25.0,15.0,2.0,0.522
23136,Kedzie Ave & 73rd St,41.7607,-87.70229,22,11,20.0,8.0,-2.0,0.5
21345,Artesian Ave & 55th St,41.79402,-87.68577,22,9,29.0,14.0,7.0,0.409
536,Kostner Ave & Lake St,41.88593,-87.73541,22,14,27.0,17.0,5.0,0.636
CHI00738,Loomis St & 89th St,41.73238,-87.65807,22,12,19.0,7.0,-3.0,0.545
23141,Artesian Ave & 71st St,41.76435,-87.68442,22,14,22.0,13.0,0.0,0.636
24297,Mulligan Ave & Archer Ave,41.79296,-87.78052,22,14,32.0,18.0,10.0,0.636
CHI00821,Elizabeth St & 92nd St,41.72681,-87.6543,22,7,25.0,10.0,3.0,0.318
CHI01796,Springfield Ave & 71st St,41.76448,-87.72003,22,9,26.0,7.0,4.0,0.409
751,Public Rack - Kimbark Ave & 67th St,41.77404,-87.59433,22,4,23.0,1.0,1.0,0.182
CHI01723,Public Rack - Norwood Park Station ,41.9919,-87.79916,22,5,24.0,6.0,2.0,0.227
24407,Baltimore Ave & 133rd St,41.65349,-87.54703,22,5,21.0,6.0,-1.0,0.227
CHI01327,Public Rack - Avondale Ave & Addison St,41.94655,-87.71981,22,10,20.0,9.0,-2.0,0.455
21331,21st St & Pulaski Rd,41.85344,-87.72463,22,8,23.0,6.0,1.0,0.364
CHI02177,Milwaukee Ave & Diversey Ave,41.93266,-87.71222,22,16,22.0,15.0,0.0,0.727
CHI01567,Public Rack - Milwaukee Ave & Warner Ave,41.95625,-87.75076,22,14,23.0,11.0,1.0,0.636
24374,State St & 45th St,41.81313,-87.62585,22,15,19.0,14.0,-3.0,0.682
CHI01956,Laflin St & 115th St,41.68499,-87.65991,22,11,25.0,7.0,3.0,0.5
24283,Pulaski Rd & 60th Pl,41.78315,-87.72257,22,6,26.0,5.0,4.0,0.273
CHI01997,Karlov Ave & Fillmore St,41.86815,-87.7276,22,4,27.0,6.0,5.0,0.182
CHI01144,Public Rack - Mozart Elementary School,41.92132,-87.72235,22,12,16.0,16.0,-6.0,0.545
25405,Ave L & 114th,41.68803,-87.53641,22,6,21.0,5.0,-1.0,0.273
24362,Wentworth Ave & 92nd St,41.72714,-87.62886,21,13,20.0,14.0,-1.0,0.619
21383,Campbell Ave & 51st St,41.80094,-87.68676,21,2,23.0,3.0,2.0,0.095
20226,Oglesby Ave & 100th St,41.7134,-87.56584,21,12,15.0,13.0,-6.0,0.571
CHI01430,Public Rack - King Dr & Oakwood Blvd,41.82283,-87.61649,21,15,23.0,13.0,2.0,0.714
CHI01757,Springfield Ave & 80th St,41.74763,-87.71945,21,3,20.0,2.0,-1.0,0.143
999,Public Rack - Champlain Ave & 65th St,41.77588,-87.60931,21,7,24.0,7.0,3.0,0.333
20201,Kedzie Ave & 104th St,41.70378,-87.70139,21,0,15.0,0.0,-6.0,0.0
24308,Narragansett Ave & North Ave,41.9095,-87.78491,21,6,29.0,5.0,8.0,0.286
330.0,Keeler Ave & Roosevelt Rd,41.8664,-87.73002,21,10,8.0,2.0,-13.0,0.476
651,Michigan Ave & 71st St,41.76377,-87.61839,21,17,17.0,13.0,-4.0,0.81
21368,Tripp Ave & 31st St,41.83696,-87.7305,21,10,19.0,6.0,-2.0,0.476
CHI00915,Homan Ave & 65th St,41.77514,-87.70813,21,4,23.0,2.0,2.0,0.19
CHI00689,Vincennes Ave & 75th St,41.75797,-87.63121,21,9,14.0,3.0,-7.0,0.429
347,Komensky Ave & 55th St,41.79329,-87.7242,21,5,14.0,2.0,-7.0,0.238
20245,Ashland Ave & 74th St,41.75924,-87.66347,21,8,26.0,21.0,5.0,0.381
503,Public Rack - Jonathan Y Scammon Public School,41.94161,-87.73237,21,14,31.0,21.0,10.0,0.667
CHI01696,Public Rack - St Louis & Lincoln,41.99565,-87.71633,21,15,23.0,15.0,2.0,0.714
23115,Pulaski Rd & 84th St,41.74041,-87.72191,21,8,16.0,6.0,-5.0,0.381
24146,Knox Ave & Marquette Ave,41.77114,-87.73774,21,7,25.0,5.0,4.0,0.333
24478,Menard Ave & Milwaukee Ave,41.98139,-87.77331,21,10,15.0,9.0,-6.0,0.476
20121,Loomis Blvd & 84th St,41.74149,-87.65841,21,6,22.0,7.0,1.0,0.286
20203,Lawndale Ave & 111th St,41.69132,-87.71289,21,2,17.0,3.0,-4.0,0.095
24230,Homan Ave & 26th St,41.84425,-87.70983,21,3,15.0,7.0,-6.0,0.143
CHI01080,Racine Ave & 57th St,41.7897,-87.6547,21,8,24.0,6.0,3.0,0.381
16948,Ashland Ave & 63rd St,41.77938,-87.66484,20,12,14.0,10.0,-6.0,0.6
24200,Pine Ave & Division St,41.90223,-87.76175,20,10,15.0,4.0,-5.0,0.5
20110,Eberhart Ave & 91st St,41.72929,-87.6111,20,8,16.0,7.0,-4.0,0.4
CHI01946,State St & 127th St,41.66388,-87.622,20,0,12.0,0.0,-8.0,0.0
KA1504000082,Kedzie Ave & Harrison St,41.8736,-87.70487,20,13,21.0,15.0,1.0,0.65
24285,Kildare Ave & Archer Ave,41.80034,-87.73079,20,9,13.0,7.0,-7.0,0.45
CHI01951,Manistee Ave & 95th St,41.7226,-87.55692,20,7,13.0,7.0,-7.0,0.35
24379,Martin Luther King Dr & 87th St,41.73677,-87.61439,20,11,11.0,7.0,-9.0,0.55
CHI00826,S Wentworth Ave & W 111th St,41.69262,-87.62805,20,2,10.0,2.0,-10.0,0.1
CHI01133,Public Rack - Komensky Ave & 59th St,41.78605,-87.72365,20,15,21.0,17.0,1.0,0.75
CHI01171,Public Rack - Penn Elementary School / KIPP Ascend Middle School,41.85867,-87.72238,20,16,24.0,17.0,4.0,0.8
24432,Racine Ave & 115th St,41.68476,-87.65196,20,15,20.0,18.0,0.0,0.75
21332,Harding Ave & 26th St,41.84422,-87.72335,20,8,21.0,8.0,1.0,0.4
CHI02076,Mango Ave & Grand Ave,41.91965,-87.76942,20,7,9.0,2.0,-11.0,0.35
CHI01087,Public Rack - Kedzie Ave & 64th St - SW,41.77703,-87.70322,20,15,24.0,4.0,4.0,0.75
528,Pulaski Rd & Lake St,41.88541,-87.72649,20,10,17.0,7.0,-3.0,0.5
CHI02159,Kedzie Ave & Jackson Blvd,41.87716,-87.70613,20,16,14.0,10.0,-6.0,0.8
  24321,Oconto Ave & Belmont Ave,41.93783,-87.80788,19,8,32.0,10.0,13.0,0.421
CHI01201,Public Rack - Austin Blvd & North Ave,41.90928,-87.77561,19,5,29.0,1.0,10.0,0.263
24322,Overhill Ave & Belmont Ave,41.93799,-87.81916,19,7,22.0,4.0,3.0,0.368
CHI01038,Public Rack - Cicero Ave & Cortland St - midblock,41.91581,-87.74607,19,10,21.0,14.0,2.0,0.526
1279.0,Public Rack - Richard Daley College,41.75486,-87.72364,19,2,22.0,1.0,3.0,0.105
CHI01379,Public Rack - 532 E 43rd St,41.81682,-87.61321,19,9,29.0,16.0,10.0,0.474
CHI01578,Public Rack - Mont Clare Ave & Higgins Ave,41.9806,-87.80496,19,9,18.0,11.0,-1.0,0.474
CHI00899,Western Ave & 62nd St,41.78098,-87.68342,19,5,22.0,1.0,3.0,0.263
20234,Ashland Ave & 78th St,41.75221,-87.66371,19,8,13.0,4.0,-6.0,0.421
20236,Stony Island Ave & 90th St,41.73139,-87.58574,19,8,16.0,4.0,-3.0,0.421
CHI01213,Public Rack - Pulaski Rd & Armitage Ave,41.91703,-87.7271,19,11,22.0,11.0,3.0,0.579
21401,Kildare Ave & 47th St,41.80762,-87.73084,19,5,17.0,5.0,-2.0,0.263
373,Augusta Blvd & Laramie Ave,41.89866,-87.75546,19,4,17.0,1.0,-2.0,0.211
24258,Kilbourn Ave & 49th St,41.80385,-87.73566,19,3,32.0,2.0,13.0,0.158
24358,Loomis St & 95th St,41.72148,-87.65774,19,9,14.0,10.0,-5.0,0.474
CHI01917,Lamon Ave & 47th St,41.80781,-87.74569,19,2,39.0,12.0,20.0,0.105
1226.0,Public Rack - Avers & Lawrence,41.96843,-87.72445,18,16,18.0,12.0,0.0,0.889
CHI00840,Commercial Ave & 100th St,41.71332,-87.5511,18,7,13.0,5.0,-5.0,0.389
CHI01629,Public Rack - Touhy Ave & Oconto Ave,42.01177,-87.80767,18,4,21.0,5.0,3.0,0.222
CHI01572,Public Rack - Milwaukee Ave & Pensacola Ave,41.95951,-87.7534,18,7,19.0,8.0,1.0,0.389
CHI00894,Public Rack - California Ave & Devon Ave - NE,41.99826,-87.6995,18,13,20.0,13.0,2.0,0.722
21338,California Ave & 36th St,41.8281,-87.69468,18,7,15.0,3.0,-3.0,0.389
15449,State St & Pershing Rd,41.82302,-87.62657,18,9,24.0,10.0,6.0,0.5
CHI01584,Public Rack - Lotus Ave & Lawrence Ave,41.96766,-87.76363,18,10,21.0,15.0,3.0,0.556
CHI01721,Public Rack - Pulaski & Ardmore,41.98577,-87.72835,18,7,19.0,14.0,1.0,0.389
404,Pulaski Rd & 60th St,41.78419,-87.72256,18,8,10.0,5.0,-8.0,0.444
20230,Clyde Ave & 87th St,41.73715,-87.57274,18,7,17.0,9.0,-1.0,0.389
556,Throop St & 52nd St,41.79966,-87.6572,18,10,8.0,4.0,-10.0,0.556
389,Maplewood Ave & 59th St,41.78634,-87.68744,18,9,14.0,7.0,-4.0,0.5
CHI02018,Eggleston Ave & 115th St,41.68507,-87.63361,18,0,24.0,0.0,6.0,0.0
CHI00867,Torrence Ave & 106th St,41.7028,-87.55973,18,2,7.0,2.0,-11.0,0.111
16915,Central Ave & Harrison St,41.873,-87.7645,18,8,11.0,4.0,-7.0,0.444
KA1503000024,Yates Blvd & 75th St,41.75877,-87.56644,18,16,27.0,17.0,9.0,0.889
23114,Kildare Ave & 85th St (Kostner Ave & 87th St TEMPORARY),41.73493,-87.73119,18,7,14.0,5.0,-4.0,0.389
863,Public Rack - Karlov Ave & Milwaukee Ave,41.94269,-87.73,18,5,19.0,6.0,1.0,0.278
362.0,Lawndale Ave & 16th St,41.85916,-87.7177,18,1,14.0,0.0,-4.0,0.056
24240,Kedzie Ave & 38th Pl,41.82351,-87.7041,18,3,15.0,4.0,-3.0,0.167
CHI01219,Public Rack - Kostner Ave & North Ave,41.90884,-87.73646,18,9,18.0,15.0,0.0,0.5
24213,Kedzie Ave & Jackson Blvd,41.87716,-87.70613,18,7,25.0,14.0,7.0,0.389
560,Marshfield Ave & 59th St,41.79546,-87.67234,18,14,12.0,10.0,-6.0,0.778
CHI00685,Public Rack - Laramie Ave & Belmont Ave,41.93868,-87.75564,18,8,21.0,11.0,3.0,0.444
20227,Bradley Park,41.71788,-87.56459,18,7,13.0,4.0,-5.0,0.389
575,Cottage Grove Ave & 78th St,41.75317,-87.60503,18,6,12.0,7.0,-6.0,0.333
CHI01781,Wood St & 84th St,41.74119,-87.66811,17,7,18.0,4.0,1.0,0.412
586,MLK Jr Dr & 83rd St,41.74312,-87.6148,17,14,22.0,13.0,5.0,0.824
1131.0,Public Rack - Springfield Ave & Lawrence Ave,41.9684,-87.72568,17,10,18.0,9.0,1.0,0.588
649,Public Rack - Cottage Grove Ave & 92nd St,41.76439,-87.62595,17,10,17.0,7.0,0.0,0.588
25218,Karlov Ave & Fillmore St,41.86814,-87.72764,17,10,18.0,9.0,1.0,0.588
23128,Columbus Ave & 79th St,41.74912,-87.70426,17,7,17.0,7.0,0.0,0.412
CHI01464,Public Rack - Marquette Rd & 67th St,41.7731,-87.61289,17,14,18.0,17.0,1.0,0.824
CHI01438,Public Rack - Lockwood Ave & Diversey Ave,41.93154,-87.75904,17,12,21.0,17.0,4.0,0.706
24412,Stewart Ave & 123rd St,41.6706,-87.63244,17,1,17.0,1.0,0.0,0.059
CHI01168,Public Rack - Cicero Ave & North Ave,41.90936,-87.74584,17,9,19.0,16.0,2.0,0.529
24375,Wabash Ave & 59th St,41.78695,-87.62392,17,5,18.0,6.0,1.0,0.294
24347,Hamilton Park,41.76252,-87.63734,17,3,18.0,4.0,1.0,0.176
23170,Marmora Ave & Belmont Ave,41.93829,-87.77377,17,1,8.0,1.0,-9.0,0.059
CHI01203,Stony Island Ave & South Chicago Ave,41.75117,-87.58534,17,10,6.0,4.0,-11.0,0.588
534,Karlov Ave & Madison St,41.87967,-87.72601,17,7,18.0,9.0,1.0,0.412
1113.0,Public Rack - Irving Park Rd & Leclaire Ave,41.95342,-87.75486,17,7,17.0,15.0,0.0,0.412
21325,Harlem Ave & Grace St,41.94894,-87.80683,17,3,7.0,6.0,-10.0,0.176
24199,Monitor Ave & Division St,41.90192,-87.77178,17,7,20.0,12.0,3.0,0.412
574,Vernon Ave & 79th St,41.75094,-87.61379,17,8,20.0,9.0,3.0,0.471
20231,East End Ave & 87th St,41.73681,-87.5828,17,5,18.0,5.0,1.0,0.294
CHI01811,Homan Ave & 77th St,41.75374,-87.70751,17,1,17.0,2.0,0.0,0.059
577,Stony Island Ave & South Chicago Ave,41.75117,-87.58533,17,8,13.0,9.0,-4.0,0.471
16943,Ashland Ave & Garfield Blvd,41.79282,-87.66443,17,2,15.0,2.0,-2.0,0.118
CHI00691,Bennett Ave & 79th St,41.75179,-87.5785,17,7,19.0,7.0,2.0,0.412
1198.0,Public Rack - Oak Park & Higgins,41.97889,-87.79623,17,2,18.0,0.0,1.0,0.118
20206,Homewood Ave & 115th St,41.6846,-87.67071,16,2,22.0,2.0,6.0,0.125
23131,Western Ave & 79th St,41.75084,-87.6827,16,9,22.0,7.0,6.0,0.562
CHI01989,Halsted St & 123rd St,41.67096,-87.64154,16,0,20.0,0.0,4.0,0.0
23175,Mango Ave & Diversey Ave,41.93096,-87.76989,16,3,8.0,2.0,-8.0,0.188
553,Elizabeth St & 47th St,41.80839,-87.65653,16,7,28.0,8.0,12.0,0.438
24225,Avers Ave & 16th St,41.85909,-87.72121,16,10,12.0,4.0,-4.0,0.625
24234,Harding Ave & 31st St,41.83672,-87.72303,16,8,14.0,8.0,-2.0,0.5
CHI01944,Lavergne Ave & 44th St,41.81311,-87.74869,16,1,11.0,0.0,-5.0,0.062
CHI01018,Public Rack - Milwaukee Ave & Addison St,41.94652,-87.73576,16,4,16.0,9.0,0.0,0.25
24145,Pulaski Rd & 68th St,41.76949,-87.72292,16,10,30.0,18.0,14.0,0.625
417,Troy St & Jackson Blvd,41.87751,-87.70485,16,7,9.0,4.0,-7.0,0.438
CHI01933,Indiana Ave & 133rd St,41.6538,-87.61719,16,5,11.0,4.0,-5.0,0.312
21386,Rockwell St & 57th St,41.79032,-87.68888,16,6,19.0,4.0,3.0,0.375
576,Greenwood Ave & 79th St,41.7764,-87.62672,16,4,13.0,6.0,-3.0,0.25
1132.0,Public Rack - Lawrence Ave & Kimball Ave,41.96828,-87.71263,16,10,19.0,17.0,3.0,0.625
21367,Mayfield Ave & Roosevelt Rd,41.86569,-87.77176,16,3,13.0,3.0,-3.0,0.188
1048,Public Rack - Western Ave & 47th Pl,41.80804,-87.68471,16,14,18.0,16.0,2.0,0.875
569,Woodlawn Ave & 75th St,41.7692,-87.6067,16,6,16.0,3.0,0.0,0.375
CHI01335,Public Rack - Loomis St & 87th St,41.73546,-87.65759,16,13,18.0,14.0,2.0,0.812
CHI00871,Marquette Ave & 89th St,41.73367,-87.55835,16,6,17.0,6.0,1.0,0.375
CHI01299,Public Rack - Emerald Ave & 45th St,41.81239,-87.64461,16,11,17.0,14.0,1.0,0.688
24398,Commercial Ave & 97th St,41.71893,-87.55112,16,16,19.0,18.0,3.0,1.0
24427,Vincennes Ave & 107th St,41.69922,-87.65869,16,1,12.0,1.0,-4.0,0.062
CHI01507,Public Rack - Kedzie Ave & Chicago Ave,41.89556,-87.70641,16,7,23.0,6.0,7.0,0.438
CHI01671,Public Rack - Central & Leland,41.9654,-87.76734,16,7,17.0,3.0,1.0,0.438
CHI01637,Public Rack - N. Oakview and W. Gregory St,41.98011,-87.84397,16,9,17.0,5.0,1.0,0.562
CHI01562,Public Rack - Central Ave & Pensacola Ave,41.96002,-87.76714,16,10,16.0,6.0,0.0,0.625
CHI01627,Public Rack - Ottowa Ave & Touhy Ave,42.01149,-87.81821,16,5,20.0,8.0,4.0,0.312
1202.0,Public Rack - Mango & Higgins,41.97171,-87.7723,16,15,17.0,15.0,1.0,0.938
CHI01615,Public Rack - Northwest Hwy & Neva Ave,41.99586,-87.8051,15,8,14.0,10.0,-1.0,0.533
CHI01628,Public Rack - Overhill Ave & Touhy Ave,42.01146,-87.81901,15,1,15.0,6.0,0.0,0.067
CHI01724,Public Rack - Lockwood & Archer,41.79668,-87.75516,15,7,19.0,6.0,4.0,0.467
CHI01972,Michigan Ave & 108th St,41.69815,-87.62111,15,2,8.0,1.0,-7.0,0.133
CHI01580,Public Rack - Milwaukee Ave & Catalpa Ave,41.97723,-87.76897,15,14,16.0,15.0,1.0,0.933
CHI01583,Public Rack - Milwaukee Ave & Lawrence Ave,41.9674,-87.76018,15,5,15.0,8.0,0.0,0.333
CHI01536,Public Rack - Linder Ave & 64th Pl,41.77552,-87.75797,15,5,15.0,5.0,0.0,0.333
CHI01714,Public Rack - Forest Glen & Peterson,41.98986,-87.74292,15,11,14.0,10.0,-1.0,0.733
16953,Vincennes Ave & 75th St,41.75797,-87.63121,15,6,20.0,5.0,5.0,0.4
20125,Halsted St & 104th St,41.70514,-87.64242,15,9,21.0,15.0,6.0,0.6
544,Public Rack - Laramie Ave & Belmont Ave,41.93869,-87.75563,15,9,18.0,15.0,3.0,0.6
CHI01809,Western Ave & 81st St,41.74642,-87.68312,15,11,11.0,9.0,-4.0,0.733
20202,W 103rd St & S Avers Ave,41.70585,-87.71707,15,1,8.0,0.0,-7.0,0.067
21324,Meade Ave & Addison St,41.94595,-87.77888,15,4,22.0,7.0,7.0,0.267
CHI01644,Public Rack - Odell & Talcott,41.9873,-87.81021,15,5,15.0,4.0,0.0,0.333
1119.0,Public Rack - Central Ave & Lawrence Ave,41.96787,-87.76761,15,8,15.0,6.0,0.0,0.533
753,Public Rack - Jeffery Blvd & 67th St,41.77326,-87.57666,15,10,15.0,8.0,0.0,0.667
CHI01673,Public Rack - S. Kilpatrick and W. 79th,41.7493,-87.73958,15,0,18.0,7.0,3.0,0.0
24335,Newcastle Ave & Irving Park Rd,41.95256,-87.79755,15,2,15.0,2.0,0.0,0.133
CHI01963,Michigan Ave & 113th St,41.68905,-87.62079,15,3,7.0,2.0,-8.0,0.2
821,Public Rack - Western Blvd & 49th St,41.80478,-87.68375,15,2,19.0,6.0,4.0,0.133
CHI00807,S Aberdeen St & W 106th St,41.70122,-87.64935,15,0,1.0,0.0,-14.0,0.0
20133,Woodlawn & 103rd,41.70734,-87.59399,15,1,7.0,1.0,-8.0,0.067
21357,Lamon Ave & Armitage Ave,41.91676,-87.74946,15,5,25.0,9.0,10.0,0.333
21351,Wellington Ave & Mulligan Ave,41.93473,-87.78436,15,5,21.0,6.0,6.0,0.333
341,Archer Ave & 43rd St,41.81549,-87.70244,15,8,6.0,2.0,-9.0,0.533
CHI01053,Public Rack - Trumbull Ave & 111th St,41.6916,-87.7074,15,1,17.0,1.0,2.0,0.067
20115,Martin Luther King Dr & 111th St,41.69264,-87.61367,15,12,6.0,4.0,-9.0,0.8
CHI01268,Public Rack - Jeffrey Blvd & 71st St,41.76636,-87.57616,15,8,16.0,6.0,1.0,0.533
24392,Commercial Ave & 90th St,41.7319,-87.5517,15,8,11.0,3.0,-4.0,0.533
1196.0,Public Rack - Mulligan & Northwest Hwy,41.98532,-87.78672,14,4,14.0,2.0,0.0,0.286
CHI00849,Altgeld Gardens,41.65667,-87.5988,14,1,24.0,2.0,10.0,0.071
CHI01676,Public Rack - Richard Daley College,41.75486,-87.72364,14,1,17.0,0.0,3.0,0.071
CHI01664,Public Rack - Mulligan & Northwest Hwy,41.98535,-87.78672,14,1,17.0,8.0,3.0,0.071
20109,Vernon Ave & 107th St,41.70013,-87.61226,14,4,7.0,4.0,-7.0,0.286
20207,Major Taylor Trail & 115th St,41.68493,-87.64528,14,3,10.0,3.0,-4.0,0.214
CHI00823,Michigan Ave & 114th St,41.68701,-87.62105,14,1,10.0,0.0,-4.0,0.071
CHI01690,Public Rack - Kenton & Lawrence,41.96799,-87.74309,14,10,15.0,7.0,1.0,0.714
CHI01703,Public Rack - Norwood Park,41.9866,-87.79394,14,5,14.0,7.0,0.0,0.357
364.0,Homan Ave & Fillmore St,41.86812,-87.71091,14,3,6.0,3.0,-8.0,0.214
CHI01267,Public Rack - Avers Ave & Ogden Ave,41.85264,-87.72103,14,3,14.0,3.0,0.0,0.214
20239,Marquette Ave & 89th St,41.73367,-87.55834,14,5,13.0,4.0,-1.0,0.357
20114,Doty Ave & 111th St,41.69501,-87.59871,14,4,15.0,5.0,1.0,0.286
20244,Halsted St & 73rd St,41.76161,-87.64416,14,10,11.0,3.0,-3.0,0.714
419,Sacramento Blvd & Polk St,41.87096,-87.70026,14,4,12.0,4.0,-2.0,0.286
20112,Indiana Ave & 103rd St,41.70717,-87.61847,14,9,30.0,24.0,16.0,0.643
537,Kenton Ave & Madison St,41.88042,-87.74108,14,11,17.0,8.0,3.0,0.786
CHI01643,Public Rack - Oketo & Talcott,41.9886,-87.81252,14,4,16.0,4.0,2.0,0.286
CHI00976,Public Rack - Ewing Ave & Indianapolis Ave,41.71235,-87.53545,14,8,13.0,9.0,-1.0,0.571
CHI00974,Public Rack - Jeffery Blvd & 67th St,41.77324,-87.57664,14,5,11.0,5.0,-3.0,0.357
CHI01167,Public Rack - Menard Ave & Dakin St - midblock,41.95174,-87.772,14,1,17.0,0.0,3.0,0.071
554,Damen Ave & 51st St,41.80091,-87.67468,14,7,18.0,6.0,4.0,0.5
24111,Avers Ave & Foster Ave,41.97541,-87.72452,14,2,20.0,5.0,6.0,0.143
25437,Halsted St & 119th St,41.67764,-87.64174,14,9,8.0,4.0,-6.0,0.643
20105,Halsted St & 96th St,41.71971,-87.64302,14,10,24.0,15.0,10.0,0.714
647,Racine Ave & 57th St,41.78533,-87.65138,14,8,12.0,8.0,-2.0,0.571
CHI01199,Public Rack - Rutherford Ave & Belmont Ave,41.9383,-87.7939,14,7,13.0,11.0,-1.0,0.5
23142,Artesian Ave & Marquette Rd,41.77203,-87.68463,14,8,14.0,7.0,0.0,0.571
23122,Paulina Ave & 87th St,41.73563,-87.66552,14,13,20.0,19.0,6.0,0.929
CHI01181,Public Rack - Narragansett Ave & Fullerton Ave,41.92378,-87.7844,14,5,14.0,7.0,0.0,0.357
1200.0,Public Rack - Melvina & Foster,41.9756,-87.78347,13,5,13.0,1.0,0.0,0.385
CHI01538,Public Rack - 63rd St and Nagle Ave,41.7776,-87.78222,13,2,13.0,1.0,0.0,0.154
20102,Loomis St & 89th St,41.73239,-87.65807,13,9,17.0,7.0,4.0,0.692
CHI01675,Public Rack - Wilbur Wright College South,41.9583,-87.78745,13,1,10.0,1.0,-3.0,0.077
909,Public Rack - Wolcott Ave & 61st St,41.78237,-87.67172,13,12,12.0,11.0,-1.0,0.923
543,Laramie Ave & Gladys Ave,41.88094,-87.75466,13,7,8.0,4.0,-5.0,0.538
CHI01247,Public Rack - Halsted St & 63rd St,41.77995,-87.64138,13,11,13.0,11.0,0.0,0.846
20218,Avenue O & 118th St,41.681,-87.53793,13,3,9.0,3.0,-4.0,0.231
1141.0,Public Rack - Holbrook St & Milwaukee Ave,41.99227,-87.7833,13,13,13.0,13.0,0.0,1.0
CHI01310,Public Rack - Calumet Ave & 51st St,41.80222,-87.61846,13,4,16.0,7.0,3.0,0.308
CHI01315,South Chicago Ave & Elliot Ave,41.74736,-87.58005,13,2,6.0,2.0,-7.0,0.154
501,Public Rack - Milwaukee Ave & School St,41.94064,-87.72609,13,5,15.0,8.0,2.0,0.385
21394,Panama Ave & Grace St,41.94766,-87.82925,13,3,22.0,2.0,9.0,0.231
861,Public Rack - Sawyer Ave & Lawrence Ave,41.96829,-87.70947,13,6,14.0,7.0,1.0,0.462
24253,Lamon Ave & 47th St,41.80781,-87.74569,13,10,15.0,11.0,2.0,0.769
CHI01403,Public Rack - King Dr & 115th St,41.68525,-87.6134,13,6,14.0,11.0,1.0,0.462
CHI01117,Public Rack - 111th St - Morgan Park Metra,41.6928,-87.67058,13,6,12.0,7.0,-1.0,0.462
CHI01812,Central Park Ave & 66th St,41.77326,-87.71314,13,0,15.0,3.0,2.0,0.0
CHI00789,Rhodes Ave & 71st St,41.766,-87.61173,13,7,10.0,5.0,-3.0,0.538
954,Public Rack - Prairie Ave & Garfield Blvd N,41.79481,-87.61891,13,8,24.0,12.0,11.0,0.615
16907,Central Park Blvd & 5th Ave,41.87568,-87.71547,13,6,23.0,18.0,10.0,0.462
CHI00708,Carpenter St & 63rd St,41.77987,-87.65092,13,4,12.0,2.0,-1.0,0.308
16912,Cicero Ave & Flournoy St,41.87213,-87.74662,12,5,9.0,5.0,-3.0,0.417
15599,Calumet Ave & 71st St,41.76551,-87.61692,12,6,15.0,7.0,3.0,0.5
16951,Damen Ave & 74th St,41.75927,-87.67363,12,5,18.0,13.0,6.0,0.417
20221,Torrence Ave & 106th St,41.7028,-87.55974,12,3,7.0,4.0,-5.0,0.25
20113,Dauphin Ave & 103rd St,41.70725,-87.60766,12,5,12.0,6.0,0.0,0.417
CHI01515,Public Rack - Independence Blvd & Roosevelt,41.86621,-87.7185,12,7,23.0,5.0,11.0,0.583
CHI01512,Public Rack - Homan Ave & Lake St,41.88474,-87.71133,12,6,11.0,2.0,-1.0,0.5
21403,Kildare Ave & 55th St,41.79332,-87.73059,12,4,16.0,4.0,4.0,0.333
20217,Torrence Ave & 126th Pl,41.66631,-87.55722,12,4,6.0,4.0,-6.0,0.333
CHI00950,Public Rack - California Ave & Devon Ave - NW,41.99848,-87.69985,12,7,12.0,6.0,0.0,0.583
20214,Avenue O & 134th St,41.6519,-87.53956,12,5,14.0,5.0,2.0,0.417
460,Francisco Ave & Hollywood Ave,41.98475,-87.70159,12,6,14.0,6.0,2.0,0.5
471,Damen Ave & 33rd St,41.83411,-87.67559,12,10,7.0,4.0,-5.0,0.833
319,Roscoe & Harlem,41.94161,-87.8073,12,11,10.0,6.0,-2.0,0.917
822,Public Rack - Talman Ave & 51st St,41.80091,-87.6908,12,2,13.0,2.0,1.0,0.167
CHI01180,Public Rack - Melvina Ave & Belmont Ave,41.93842,-87.78138,12,3,12.0,5.0,0.0,0.25
CHI01466,Public Rack - Fullerton Ave & Narragansett Ave,41.92374,-87.78584,12,4,13.0,8.0,1.0,0.333
24415,Michigan Ave & 113th St,41.68905,-87.62079,12,1,6.0,1.0,-6.0,0.083
24205,Lamon Ave & Chicago Ave,41.89502,-87.7485,12,7,16.0,7.0,4.0,0.583
CHI01015,Public Rack - Christiana Ave & Lawrence Ave,41.96855,-87.71258,12,8,9.0,7.0,-3.0,0.667
24135,Homan Ave & 77th St,41.75374,-87.70751,12,3,15.0,4.0,3.0,0.25
493,Public Rack - St Louis Ave & Berteau Ave,41.95838,-87.71566,12,8,12.0,10.0,0.0,0.667
490,Public Rack - Kimball Ave & Carmen Ave,41.9739,-87.7133,12,8,13.0,11.0,1.0,0.667
CHI01755,Kildare Ave & 85th St (Kostner Ave & 87th St TEMPORARY),41.73493,-87.73118,12,2,11.0,3.0,-1.0,0.167
CHI01587,Public Rack - Karlov Ave & Lawrence Ave,41.96831,-87.73006,12,6,13.0,5.0,1.0,0.5
1028,Public Rack - Whipple St & 63rd St,41.77888,-87.69981,12,8,13.0,10.0,1.0,0.667
695,Public Rack - Western Ave & 100th St,41.71168,-87.68196,12,3,13.0,2.0,1.0,0.25
20124,Vincennes Ave & 104th St,41.70492,-87.65689,11,4,12.0,5.0,1.0,0.364
CHI00954,Public Rack - Chase Ave & Touhy Ave - NE,42.01454,-87.69014,11,4,11.0,3.0,0.0,0.364
21354,Parkside Ave & Armitage Ave,41.91691,-87.76717,11,2,8.0,2.0,-3.0,0.182
CHI01648,Public Rack - Avers & Granville,41.99393,-87.72508,11,4,13.0,5.0,2.0,0.364
CHI01656,Public Rack - Linder & Elston,41.98357,-87.76577,11,4,13.0,5.0,2.0,0.364
587,Wabash Ave & 83rd St,41.74336,-87.62284,11,6,13.0,7.0,2.0,0.545
CHI01429,Public Rack - Leclaire Ave & Division St,41.90205,-87.75305,11,10,13.0,4.0,2.0,0.909
CHI01596,Public Rack - William J Onahan Public School,41.99377,-87.79256,11,6,9.0,4.0,-2.0,0.545
557,Seeley Ave & Garfield Blvd,41.79409,-87.67548,11,7,10.0,8.0,-1.0,0.636
531,Public Rack - Penn Elementary School / KIPP Ascend Middle School,41.85867,-87.72238,11,10,14.0,14.0,3.0,0.909
CHI01051,Public Rack - Milwaukee Ave & Waveland Ave,41.94749,-87.73786,11,6,11.0,9.0,0.0,0.545
23116,Columbus Ave & 83rd Pl,41.74135,-87.7137,11,2,11.0,3.0,0.0,0.182
23143,Kedzie Ave & 66th Pl,41.77258,-87.70301,11,6,18.0,6.0,7.0,0.545
21353,Meade Ave & Diversey Ave,41.93086,-87.77845,11,4,17.0,3.0,6.0,0.364
CHI01010,Public Rack - Christiana Ave & Bryn Mawr Ave,41.98285,-87.71238,11,6,10.0,6.0,-1.0,0.545
20228,Constance Ave & 95th St,41.72229,-87.57897,11,2,15.0,6.0,4.0,0.182
1199.0,Public Rack - Nagel & Higgins,41.97631,-87.78764,11,3,12.0,2.0,1.0,0.273
1224.0,Public Rack - Kilpatrick & Elston,41.97003,-87.7434,11,5,11.0,8.0,0.0,0.455
964,Public Rack - Lockwood Ave & Diversey Ave,41.93154,-87.75904,11,7,12.0,10.0,1.0,0.636
20204,Kedzie Ave & 110th St,41.69239,-87.70096,11,4,16.0,7.0,5.0,0.364
CHI00839,Major Taylor Trail & 124th St,41.6687,-87.63712,11,3,3.0,2.0,-8.0,0.273
CHI00845,Greenwood Ave & 91st St,41.72826,-87.5973,11,5,17.0,5.0,6.0,0.455
16913,Cicero Ave & Quincy St,41.87761,-87.74541,11,6,9.0,3.0,-2.0,0.545
1235.0,Public Rack - Lockwood & Archer,41.79668,-87.75516,11,3,12.0,8.0,1.0,0.273
1178.0,Public Rack - Harlem & Palatine,41.9955,-87.80697,11,7,13.0,6.0,2.0,0.636
CHI00744,Public Rack - Wentworth Ave & 103rd St,41.70726,-87.62783,11,2,13.0,1.0,2.0,0.182
579,Phillips Ave & 79th St,41.75182,-87.56521,11,4,9.0,2.0,-2.0,0.364
CHI01311,Public Rack - Christiana Ave & 55th St,41.79331,-87.7077,11,0,11.0,0.0,0.0,0.0
391,Rockwell St & 63rd St,41.77879,-87.68859,11,8,1.0,1.0,-10.0,0.727
310,North Ave & New England Ave,41.90922,-87.79714,11,7,9.0,5.0,-2.0,0.636
CHI01576,Public Rack - Oak Park Ave & Foster Ave,41.9746,-87.81196,11,5,11.0,4.0,0.0,0.455
24401,Ewing Ave & 98th St,41.71781,-87.53504,11,5,17.0,7.0,6.0,0.455
24423,Throop St & 99th St,41.71413,-87.65472,11,4,11.0,5.0,0.0,0.364
CHI01417,Public Rack - State ST & 42nd St,41.81909,-87.62644,11,4,17.0,4.0,6.0,0.364
1155.0,Public Rack - Olmstead Ave & Oliphant Ave,42.00231,-87.81709,10,5,11.0,7.0,1.0,0.5
724,Public Rack - Halsted St & 76th St,41.756,-87.64409,10,0,6.0,0.0,-4.0,0.0
588,South Chicago Ave & 83rd St,41.74392,-87.57523,10,8,8.0,5.0,-2.0,0.8
CHI01729,Public Rack - Cicero & 64th,41.77643,-87.74236,10,1,10.0,5.0,0.0,0.1
508,Public Rack - Pulaski Rd & Fullerton Ave,41.92462,-87.7274,10,5,7.0,3.0,-3.0,0.5
CHI01306,Public Rack - Halsted St & 95th St - SE,41.72098,-87.64304,10,2,12.0,3.0,2.0,0.2
564,Racine Ave & 65th St,41.77539,-87.65431,10,6,9.0,5.0,-1.0,0.6
CHI01112,Public Rack - California Ave & Pershing Rd,41.82263,-87.69502,10,7,17.0,17.0,7.0,0.7
CHI01468,Public Rack - Pulaski Rd & Lake St,41.88559,-87.72605,10,2,10.0,5.0,0.0,0.2
CHI01485,Public Rack - Komensky Ave & 63rd St,41.77882,-87.7236,10,8,10.0,9.0,0.0,0.8
20225,Commercial Ave & 100th St,41.71332,-87.5511,10,8,8.0,7.0,-2.0,0.8
20233,Halsted St & 78th St,41.75249,-87.6439,10,7,14.0,9.0,4.0,0.7
CHI01043,Public Rack - Austin Ave & Roscoe St,41.9422,-87.77647,10,2,10.0,7.0,0.0,0.2
CHI01045,Marshfield Ave & 59th St,41.78683,-87.66622,10,5,14.0,11.0,4.0,0.5
21363,Tripp Ave & 15th St,41.86077,-87.73136,10,3,12.0,5.0,2.0,0.3
559,Racine Ave & Garfield Blvd,41.84148,-87.69015,10,5,17.0,0.0,7.0,0.5
CHI01936,Shields Ave & 57th St,41.79076,-87.6345,10,3,8.0,1.0,-2.0,0.3
CHI01575,Public Rack - Milwaukee Ave & Leland Ave,41.96611,-87.75934,10,1,10.0,2.0,0.0,0.1
24333,Oriole Ave & Irving Park Rd,41.95224,-87.81697,10,3,10.0,3.0,0.0,0.3
CHI01140,Public Rack - Central Ave & Corcoran Pl,41.88734,-87.76509,10,5,8.0,3.0,-2.0,0.5
427,Whipple St & Roosevelt Rd,41.86655,-87.70133,10,3,8.0,2.0,-2.0,0.3
1192.0,Public Rack - Central & Leland,41.96541,-87.76734,9,5,9.0,6.0,0.0,0.556
948,Public Rack - South Shore Dr & 71st St,41.76621,-87.56279,9,9,10.0,10.0,1.0,1.0
937,Public Rack - King Dr & 115th St,41.68525,-87.6134,9,2,14.0,11.0,5.0,0.222
CHI01044,Public Rack - Menard Ave & Belmont Ave,41.93845,-87.77104,9,3,9.0,4.0,0.0,0.333
CHI01563,Public Rack - Irving Park Rd & Menard Ave,41.9532,-87.77217,9,0,9.0,1.0,0.0,0.0
CHI01514,Public Rack - Kedzie Ave & Walnut St,41.88589,-87.70643,9,7,10.0,8.0,1.0,0.778
21349,Spaulding Ave & 63rd,41.77917,-87.70564,9,5,14.0,4.0,5.0,0.556
Corral 16,LaSalle St & Washington St Corral S,41.88267,-87.63249,9,7,9.0,9.0,0.0,0.778
KA1503000011,Halsted St & 56th St,41.79293,-87.64499,9,3,9.0,5.0,0.0,0.333
20212,Altgeld Gardens,41.65667,-87.5988,9,3,9.0,3.0,0.0,0.333
CHI02161,Western Ave & 81st St,41.74643,-87.68312,9,7,5.0,3.0,-4.0,0.778
20208,Major Taylor Trail & 124th St,41.6687,-87.63711,9,1,6.0,1.0,-3.0,0.111
20129,Ada St & 113th Place,41.68759,-87.65541,9,3,6.0,1.0,-3.0,0.333
1110.0,Public Rack - Milwaukee Ave & Culyer Ave,41.95468,-87.74942,9,5,13.0,10.0,4.0,0.556
1187.0,Public Rack - Odell & Talcott,41.98731,-87.81023,9,4,10.0,2.0,1.0,0.444
1206.0,Public Rack - Linder & Elston,41.98356,-87.76578,9,5,10.0,2.0,1.0,0.556
1125.0,Public Rack - Milwaukee Ave & Kennedy Expy,41.97126,-87.76385,9,1,9.0,3.0,0.0,0.111
CHI01071,Public Rack - N Narragansett Ave & Grand Ave,41.92259,-87.78498,9,3,11.0,5.0,2.0,0.333
24356,Halsted St & 93rd St,41.72489,-87.64358,9,2,5.0,1.0,-4.0,0.222
466,California Ave & 29th St,41.84024,-87.69412,9,6,4.0,3.0,-5.0,0.667
CHI01265,Public Rack - Legler Regional Library,41.87932,-87.72545,9,4,9.0,3.0,0.0,0.444
CHI01190,Public Rack - Sacramento Blvd & Washington Blvd,41.88303,-87.70003,9,7,9.0,7.0,0.0,0.778
CHI01202,Public Rack - Central Ave & North Ave,41.90941,-87.76582,9,7,7.0,5.0,-2.0,0.778
308,Major Ave & Bloomingdale Ave,41.91259,-87.7687,9,3,13.0,2.0,4.0,0.333
24418,Michigan Ave & 108th St,41.69815,-87.62111,9,2,6.0,2.0,-3.0,0.222
CHI01159,Public Rack - Torrence Ave & 98th St,41.71708,-87.55999,9,6,7.0,6.0,-2.0,0.667
776,Public Rack - Komensky Ave & 59th St,41.78605,-87.72365,9,8,9.0,8.0,0.0,0.889
CHI01605,Public Rack - Peterson Ave & Milwaukee Ave,41.98982,-87.78092,9,8,9.0,9.0,0.0,0.889
562,Public Rack - Menard Ave & Belmont Ave,41.86945,-87.71922,9,4,12.0,7.0,3.0,0.444
CHI01330,Public Rack - Laramie Ave & Grand Ave,41.917,-87.75597,9,5,8.0,3.0,-1.0,0.556
CHI01289,Public Rack - Kedzie Ave & 58th St,41.78829,-87.70357,9,4,11.0,6.0,2.0,0.444
CHI01600,Public Rack - Natoma Ave & Bryn Mawr Ave,41.98289,-87.7905,9,3,9.0,3.0,0.0,0.333
CHI01711,Public Rack - Ford City Mall,41.75716,-87.7414,9,4,10.0,3.0,1.0,0.444
000-CHI01831,Kedzie Ave & Jackson Blvd,41.87716,-87.70613,9,7,11.0,6.0,2.0,0.778
1011,Public Rack - Fullerton Ave & Narragansett Ave,41.92374,-87.78584,9,4,10.0,8.0,1.0,0.444
333.0,Kildare & Cermak,41.85141,-87.73215,8,2,5.0,2.0,-3.0,0.25
CHI01569,Public Rack - Milwaukee Ave & Sunnyside Ave,41.96252,-87.75601,8,3,8.0,1.0,0.0,0.375
CHI01574,Public Rack - Montrose Ave & Lavergne Ave,41.96062,-87.75168,8,3,8.0,3.0,0.0,0.375
CHI01731,Public Rack - Central & Berteau,41.95689,-87.76733,8,1,8.0,4.0,0.0,0.125
20101,Summit Ave & 86th St,41.73785,-87.6449,8,4,8.0,5.0,0.0,0.5
CHI01717,Public Rack - Melvina & Foster,41.9756,-87.78348,8,3,8.0,2.0,0.0,0.375
CHI01457,Public Rack - Western Ave & 96th St,41.71859,-87.68156,8,6,9.0,6.0,1.0,0.75
CHI01445,Public Rack - Ewing Ave & 107th St,41.70037,-87.53529,8,3,9.0,1.0,1.0,0.375
1221.0,Public Rack - Pulaski & Ardmore,41.98577,-87.72835,8,6,10.0,8.0,2.0,0.75
509,Public Rack - Mozart Elementary School,41.92132,-87.72226,8,5,6.0,4.0,-2.0,0.625
CHI01322,Public Rack - Western Ave & 100th St,41.71167,-87.68196,8,0,8.0,0.0,0.0,0.0
788,Public Rack - Greenwood Ave & Lake Park Ave,41.81735,-87.59957,8,0,11.0,2.0,3.0,0.0
CHI00985,Public Rack - Spaulding Ave & Foster Ave,41.97591,-87.71042,8,7,7.0,6.0,-1.0,0.875
CHI01513,Public Rack - Central Park Ave & Fulton Blvd,41.88615,-87.71551,8,3,9.0,5.0,1.0,0.375
610,Public Rack - Langley Ave & 105th Pl,41.70247,-87.60648,8,4,9.0,3.0,1.0,0.5
24419,Wentworth Ave & 107th St,41.69989,-87.62785,8,5,14.0,6.0,6.0,0.625
1072,Public Rack - Washington Park Ct & 51st St,41.80219,-87.61514,8,8,8.0,8.0,0.0,1.0
1108.0,Public Rack - Cicero Ave & Belle Plaine Ave,41.95563,-87.74752,8,5,9.0,6.0,1.0,0.625
1145.0,Public Rack - Peterson Ave & Milwaukee Ave,41.98983,-87.78093,8,7,8.0,7.0,0.0,0.875
23126,Springfield Ave & 80th St,41.74763,-87.71945,8,3,4.0,2.0,-4.0,0.375
CHI00973,Public Rack - Kedzie Ave & 64th St - SE,41.77699,-87.70292,8,4,20.0,2.0,12.0,0.5
21393,Oketo Ave & Addison St,41.94496,-87.81189,8,4,17.0,2.0,9.0,0.5
CHI01606,Public Rack - Bryn Mawr Ave & Milwaukee Ave,41.98289,-87.77442,8,0,7.0,4.0,-1.0,0.0
1180.0,Public Rack - N. Oakview and W. Gregory St,41.9801,-87.84397,8,6,8.0,3.0,0.0,0.75
CHI01635,Public Rack - Harlem & Palatine,41.99551,-87.80697,8,2,6.0,2.0,-2.0,0.25
CHI01387,Public Rack - Pullman - Planet Fitness,41.6978,-87.59779,8,0,8.0,0.0,0.0,0.0
CHI01025,Public Rack - Ashland Ave & 71st St,41.76577,-87.66433,8,4,13.0,10.0,5.0,0.5
20119,Elizabeth St & 92nd St,41.72681,-87.65431,8,3,7.0,5.0,-1.0,0.375
CHI00864,Eberhart Ave & 131st St,41.65841,-87.61071,8,1,9.0,2.0,1.0,0.125
20237,Yates Blvd & 93rd St,41.72616,-87.56628,8,2,9.0,1.0,1.0,0.25
1177.0,Public Rack - Sayer & Northwest Hwy,41.99434,-87.80253,7,2,6.0,2.0,-1.0,0.286
CHI01204,Public Rack - Nordica Ave & Addison St,41.94543,-87.80347,7,1,7.0,0.0,0.0,0.143
CHI00720,Public Rack - Ozark Ave & Addison St,41.94508,-87.82004,7,1,6.0,3.0,-1.0,0.143
CHI00727,Public Rack - Houston Ave & 131st St,41.65696,-87.54849,7,1,12.0,2.0,5.0,0.143
1100.0,Public Rack - Melvina Ave & Montrose Ave,41.95885,-87.78192,7,2,10.0,5.0,3.0,0.286
20235,Greenwood Ave & 91st St,41.72826,-87.5973,7,5,10.0,5.0,3.0,0.714
24395,Burley Ave & 91st St,41.73054,-87.54558,7,3,8.0,4.0,1.0,0.429
20209,S Michigan Ave & E 118th St,41.6798,-87.62084,7,2,3.0,0.0,-4.0,0.286
694,Public Rack - Wood St & 103rd St,41.70649,-87.66711,7,2,9.0,0.0,2.0,0.286
24431,Laflin St & 115th St,41.68499,-87.65993,7,3,5.0,3.0,-2.0,0.429
524,Public Rack - Central Park Ave & Fillmore St,41.86806,-87.71539,7,3,7.0,5.0,0.0,0.429
24353,Halsted St & 83rd St,41.74305,-87.6437,7,4,6.0,3.0,-1.0,0.571
24430,Eggleston Ave & 111th St,41.69254,-87.63374,7,1,6.0,1.0,-1.0,0.143
551,Public Rack - Cicero Ave & North Ave,41.90933,-87.74584,7,5,7.0,5.0,0.0,0.714
1116.0,Public Rack - Oak Park Ave & Foster Ave,41.9746,-87.81196,7,2,7.0,1.0,0.0,0.286
CHI00749,Public Rack - Oglesby Ave & 95th St,41.72248,-87.56574,7,7,7.0,7.0,0.0,1.0
CHI00986,Public Rack - Sawyer Ave & Bryn Mawr Ave - SW,41.9829,-87.71049,7,7,7.0,6.0,0.0,1.0
CHI01537,Public Rack - 63rd Pl & Narraganssett Ave,41.77658,-87.78208,7,2,9.0,1.0,2.0,0.286
1216.0,Public Rack - St Louis & Lincoln,41.99565,-87.71633,7,5,9.0,6.0,2.0,0.714
CHI01281,Public Rack - Cottage Grove & 84th St,41.74194,-87.60484,7,0,6.0,2.0,-1.0,0.0
392,Homan Ave & 65th St,41.77514,-87.70813,7,1,6.0,0.0,-1.0,0.143
CHI01565,Public Rack - Irving Park Rd & Parkside Ave,41.95305,-87.68883,7,2,4.0,2.0,-3.0,0.286
CHI01317,Public Rack - Lafayette Ave & 87th St - NW,41.73635,-87.62674,7,5,9.0,8.0,2.0,0.714
485,Public Rack - Sacramento Ave & Devon Ave,41.99758,-87.70465,7,3,7.0,6.0,0.0,0.429
1175.0,Public Rack - Hiawatha & Mendota,42.00699,-87.77801,7,2,9.0,7.0,2.0,0.286
808,Public Rack - Rutherford Ave & Belmont Ave,41.9383,-87.79386,7,3,8.0,7.0,1.0,0.429
CHI01211,Public Rack - Hamlin Ave & Chicago Ave,41.8952,-87.72154,7,7,9.0,9.0,2.0,1.0
CHI01296,Public Rack - Ashland Ave & 46th St,41.81054,-87.6654,7,3,6.0,1.0,-1.0,0.429
CHI01663,Public Rack - Wentworth Park,41.78878,-87.77964,7,4,8.0,7.0,1.0,0.571
24440,Halsted St & 123rd St,41.67096,-87.64154,7,2,4.0,1.0,-3.0,0.286
CHI01206,Public Rack - Ewing Ave & 99th St,41.71596,-87.53511,7,6,6.0,0.0,-1.0,0.857
1197.0,Public Rack - Northwest Hwy & Bryn Mawr,41.98301,-87.78263,7,3,7.0,2.0,0.0,0.429
1181.0,Public Rack - Delphina & Foster,41.97359,-87.84112,7,4,7.0,4.0,0.0,0.571
CHI01413,Public Rack - Exchange Ave & 73rd Pl,41.76261,-87.56382,7,4,6.0,3.0,-1.0,0.571
CHI01100,Public Rack - Linder Ave & Archer Ave,41.79601,-87.75958,7,1,7.0,2.0,0.0,0.143
CHI01037,Public Rack - Kedvale Ave & Avondale Ave,41.95288,-87.73121,7,5,7.0,5.0,0.0,0.714
23129,Mozart St & 79th St,41.7497,-87.69392,7,3,8.0,4.0,1.0,0.429
CHI01632,Public Rack - Hiawatha & Mendota,42.00699,-87.77801,7,2,7.0,3.0,0.0,0.286
1062,Public Rack - Kedzie Ave & Walnut St,41.88589,-87.70642,7,7,7.0,7.0,0.0,1.0
1111.0,Public Rack - Lavergne Ave & Belle Plaine Ave,41.95531,-87.75179,7,5,7.0,6.0,0.0,0.714
1055,Public Rack - Kedzie Ave & Chicago Ave,41.89556,-87.70641,7,3,9.0,4.0,2.0,0.429
CHI01228,Public Rack - Talman Ave & 51st St,41.80091,-87.6908,7,4,8.0,1.0,1.0,0.571
CHI00684,Laramie Ave & Gladys Ave,41.87581,-87.75529,7,4,13.0,5.0,6.0,0.571
CHI00690,Public Rack - Laramie Ave & Fullerton Ave,41.92408,-87.75686,7,2,7.0,4.0,0.0,0.286
1133.0,Public Rack - Bernard St & Foster Ave,41.97564,-87.71268,7,5,7.0,6.0,0.0,0.714
1188.0,Public Rack - Harlem & Summerdale,41.97782,-87.80681,7,2,4.0,0.0,-3.0,0.286
1054,Public Rack - Division St & Christiana Ave,41.90257,-87.71084,6,4,6.0,1.0,0.0,0.667
1179.0,Public Rack - Oketo & Northwest Hwy,42.00034,-87.81245,6,3,6.0,3.0,0.0,0.5
CHI01631,Public Rack - Osceola Ave & Touhy Ave,42.01194,-87.81264,6,2,8.0,1.0,2.0,0.333
1109.0,Public Rack - Milwaukee Ave & Sunnyside Ave,41.96253,-87.75602,6,2,7.0,2.0,1.0,0.333
1152.0,Public Rack - Pratt Ave & Odell Ave,42.00442,-87.81105,6,6,6.0,6.0,0.0,1.0
CHI01633,Public Rack - Imlay & Milwaukee,41.99898,-87.78956,6,2,7.0,2.0,1.0,0.333
CHI01475,Public Rack - Hamlin Ave & Madison St,41.88083,-87.7208,6,2,8.0,4.0,2.0,0.333
CHI01411,Public Rack - Eberhart Ave & 61st St,41.78373,-87.61296,6,4,5.0,2.0,-1.0,0.667
CHI01506,Public Rack - Division St & Christiana Ave,41.90256,-87.71085,6,2,6.0,2.0,0.0,0.333
665,Public Rack - 83rd St (Avalon Park) Metra,41.74621,-87.58629,6,6,5.0,5.0,-1.0,1.0
CHI01052,Public Rack - Rockwell & 111th St,41.69136,-87.68572,6,1,5.0,1.0,-1.0,0.167
CHI01586,Public Rack - Laramine Ave & Winnemac Ave,41.97182,-87.75756,6,3,9.0,2.0,3.0,0.5
958,Public Rack - State ST & 42nd St,41.8191,-87.62645,6,5,6.0,5.0,0.0,0.833
399,Lavergne Ave & 46th St,41.80934,-87.74783,6,2,6.0,2.0,0.0,0.333
CHI01270,Public Rack - Cottage Grove & 86th St,41.73841,-87.60482,6,4,6.0,5.0,0.0,0.667
CHI01303,Public Rack - Commercial Ave & 89th St,41.73356,-87.5512,6,5,5.0,3.0,-1.0,0.833
465,Troy Ave & 27th St,41.84265,-87.70401,6,1,2.0,0.0,-4.0,0.167
CHI01385,Public Rack - Pullman - Walmart,41.69696,-87.59829,6,0,5.0,0.0,-1.0,0.0
CHI01367,Public Rack - Hoyne Ave & 110th Pl,41.69241,-87.67402,6,1,7.0,3.0,1.0,0.167
968,Public Rack - Leclaire Ave & Division St,41.90205,-87.75305,6,6,5.0,5.0,-1.0,1.0
18025,Carpenter St & 63rd St,41.77987,-87.65092,6,5,5.0,4.0,-1.0,0.833
979,Public Rack - Ewing Ave & 107th St,41.70038,-87.53528,6,1,6.0,0.0,0.0,0.167
CHI01716,Public Rack - Neola & Northwest Hwy,41.9903,-87.79532,6,2,5.0,2.0,-1.0,0.333
489,Public Rack - Spaulding Ave & Bryn Mawr Ave,41.98296,-87.71144,6,4,5.0,3.0,-1.0,0.667
498,Public Rack - Avondale Ave & Addison St,41.94655,-87.71983,6,4,7.0,4.0,1.0,0.667
376,Menard Ave & North Ave,41.90972,-87.7702,6,0,2.0,0.0,-4.0,0.0
CHI01223,Public Rack - Lowe Park,41.79958,-87.64148,6,6,8.0,8.0,2.0,1.0
745,Public Rack - Halsted St & 63rd St,41.77995,-87.64138,6,4,6.0,4.0,0.0,0.667
1031,Public Rack - Komensky Ave & 63rd St,41.77882,-87.7236,6,4,8.0,7.0,2.0,0.667
1137.0,Public Rack - Nina Ave & Avondale Ave,41.99115,-87.7991,6,3,8.0,3.0,2.0,0.5
CHI01252,Public Rack - Kildare Ave & Washignton Blvd,41.88184,-87.73366,6,1,6.0,0.0,0.0,0.167
860,Public Rack - Christiana Ave & Lawrence Ave,41.96855,-87.71258,6,2,5.0,2.0,-1.0,0.333
CHI00978,Public Rack - Yates Ave & 100th St,41.71344,-87.56441,6,5,6.0,6.0,0.0,0.833
CHI01002,Public Rack - Chopin Park,41.94268,-87.7619,6,3,7.0,4.0,1.0,0.5
CHI01590,Public Rack - Elston Ave & Gunnison St,41.96856,-87.74055,6,4,6.0,3.0,0.0,0.667
CHI00994,Public Rack - Nagle Ave & Belmont Ave,41.9382,-87.78742,6,2,13.0,10.0,7.0,0.333
1115.0,Public Rack - Milwaukee Ave & Leland Ave,41.96613,-87.75934,6,5,5.0,3.0,-1.0,0.833
1118.0,Public Rack - Mont Clare Ave & Higgins Ave,41.98061,-87.80497,6,6,6.0,1.0,0.0,1.0
847,Public Rack - Brandon Ave & 91st St,41.73022,-87.54676,6,6,5.0,5.0,-1.0,1.0
552,Public Rack - Cicero Ave & Cortland St - midblock,41.91582,-87.74607,6,4,8.0,5.0,2.0,0.667
CHI01084,Public Rack - Newland Ave & Diversey Ave,41.93096,-87.79939,6,1,6.0,2.0,0.0,0.167
CHI01518,Public Rack - St Louis Ave & Flournoy St,41.87278,-87.71316,6,4,6.0,4.0,0.0,0.667
906,Public Rack - Prairie Ave & Garfield Blvd S,41.79434,-87.61905,6,5,7.0,3.0,1.0,0.833
CHI01473,Public Rack - Kostner Ave & Wrightwood Ave,41.92786,-87.73576,6,3,7.0,5.0,1.0,0.5
24396,Manistee Ave & 95th St,41.7226,-87.55692,6,3,2.0,1.0,-4.0,0.5
24417,State St & 111th St,41.69251,-87.62287,6,3,2.0,2.0,-4.0,0.5
CHI01474,Public Rack - Kostner Ave & Diversey Ave,41.9318,-87.73729,6,5,7.0,3.0,1.0,0.833
24411,Parnell Ave & 127th St,41.66338,-87.63429,6,1,3.0,1.0,-3.0,0.167
Hubbard Bike-checking (LBS-WH-TEST),SCOOTERS CLASSIC - 2132 W Hubbard ST,41.88997,-87.68016,6,6,7.0,1.0,1.0,1.0
24425,Aberdeen St & 103rd St,41.70704,-87.65022,6,1,7.0,3.0,1.0,0.167
483,Public Rack - Western Ave & Jarvis Ave,42.0164,-87.69038,6,2,6.0,2.0,0.0,0.333
480,Public Rack - Rockwell Ave & Touhy Ave ,42.01234,-87.69538,6,3,6.0,3.0,0.0,0.5
682,Public Rack - 111th St - Morgan Park Metra,41.69274,-87.67057,6,3,7.0,5.0,1.0,0.5
20241.1,Steelworkers Park (Updated),41.73795,-87.53084,6,3,1.0,1.0,-5.0,0.5
CHI00952,Public Rack - Chase Ave & Touhy Ave - NW,42.01427,-87.69041,6,4,5.0,1.0,-1.0,0.667
CHI01588,Public Rack - 4810 Keeler Ave,41.96848,-87.73303,6,5,7.0,4.0,1.0,0.833
CHI01719,Public Rack - Springfield & 79th,41.74965,-87.721,5,2,5.0,5.0,0.0,0.4
CHI01678,Public Rack - Neenah & Dakin,41.95171,-87.79075,5,0,3.0,1.0,-2.0,0.0
16970,Bennett Ave & 79th St,41.75179,-87.5785,5,2,4.0,2.0,-1.0,0.4
CHI01674,Public Rack - Neva & Foster,41.97481,-87.8061,5,1,3.0,1.0,-2.0,0.2
CHI00759,Public Rack - Mackinaw Ave & 108th St,41.69901,-87.54283,5,2,6.0,1.0,1.0,0.4
CHI01657,Public Rack - Central Park & Bryn Mawr,41.98286,-87.7196,5,1,7.0,2.0,2.0,0.2
567,May St & 69th St,41.76894,-87.65293,5,3,4.0,3.0,-1.0,0.6
502,Public Rack - Milwaukee Ave & Addison St,41.94652,-87.73577,5,2,7.0,6.0,2.0,0.4
CHI01380,Public Rack - Martin Luther King Dr & 44th St,41.8144,-87.61629,5,4,4.0,1.0,-1.0,0.8
CHI01564,Public Rack - Irving Park Rd & Austin Ave,41.95313,-87.77711,5,1,5.0,0.0,0.0,0.2
CHI01371,Public Rack - Prairie Ave & Garfield Blvd S,41.79434,-87.61906,5,1,6.0,2.0,1.0,0.2
CHI01382,Public Rack - Wood St & 47th St,41.80866,-87.66997,5,2,7.0,1.0,2.0,0.4
CHI01649,Public Rack - Nordica & Archer,41.79225,-87.79768,5,0,6.0,2.0,1.0,0.0
1209.0,Public Rack - Leader & Caldwell,41.9915,-87.75446,5,4,5.0,3.0,0.0,0.8
1212.0,Public Rack - Forest Glen & Peterson,41.98986,-87.74292,5,4,5.0,3.0,0.0,0.8
CHI01184,Public Rack - Kolin Ave & Archer Ave,41.80051,-87.73179,5,0,3.0,0.0,-2.0,0.0
CHI01175,Public Rack - Waller Ave & Chicago Ave,41.89468,-87.76816,5,3,5.0,3.0,0.0,0.6
402,Kenneth Ave & 50th St,41.80232,-87.73441,5,1,6.0,1.0,1.0,0.2
1257.0,Public Rack - S. Kilpatrick and W. 79th,41.7493,-87.73958,5,1,6.0,2.0,1.0,0.2
741,Public Rack - The Montessori School of Englewood,41.76768,-87.66777,5,5,6.0,6.0,1.0,1.0
CHI01704,Public Rack - Kostner & Peterson,41.98993,-87.73797,5,2,5.0,2.0,0.0,0.4
737,Public Rack - Chappel Ave & 71st St,41.76637,-87.57529,5,0,5.0,0.0,0.0,0.0
20127,Halsted St & 111th St,41.69228,-87.64264,5,3,8.0,4.0,3.0,0.6
CHI01160,Public Rack - N Sayre Ave & W Belden Ave,41.92142,-87.80082,5,2,4.0,2.0,-1.0,0.4
947,Public Rack - Exchange Ave & 73rd Pl,41.76261,-87.56382,5,3,6.0,3.0,1.0,0.6
1275.0,Public Rack - Norwood Park Station ,41.9919,-87.79916,5,2,6.0,2.0,1.0,0.4
CHI01462,Public Rack - Ashland Ave & 63rd St,41.77913,-87.66404,5,3,8.0,7.0,3.0,0.6
CHI01118,Public Rack - Harper Ave & 63rd St,41.78068,-87.58753,5,3,6.0,5.0,1.0,0.6
996,Public Rack - Ashland Ave & 63rd St,41.77913,-87.66404,5,5,5.0,4.0,0.0,1.0
CHI00883,Wentworth Ave & 104th St,41.70533,-87.62914,5,1,6.0,1.0,1.0,0.2
24400,Ewing Ave & 97th St,41.71982,-87.53542,5,3,7.0,5.0,2.0,0.6
CHI01020,Public Rack - Cicero Ave & Roscoe St,41.94245,-87.74714,5,3,5.0,3.0,0.0,0.6
621,Public Rack - Lafayette Ave & 95th St,41.72184,-87.62492,5,0,3.0,1.0,-2.0,0.0
CHI01347,Public Rack - Maryland Ave & 87th ST,41.737,-87.60397,5,3,6.0,5.0,1.0,0.6
918,Public Rack - Pullman Community Center,41.70422,-87.59311,5,1,6.0,1.0,1.0,0.2
900,Public Rack - Western Ave & 118th St,41.67835,-87.68092,5,4,5.0,3.0,0.0,0.8
CHI01393,Public Rack - Michigan Ave & 119th St,41.67793,-87.62075,5,0,5.0,0.0,0.0,0.0
CHI01517,Public Rack - Homan Ave & Roosevelt,41.86646,-87.71085,5,3,5.0,3.0,0.0,0.6
CHI01391,Public Rack - Bensley Ave & 103rd St,41.7084,-87.56319,5,3,4.0,2.0,-1.0,0.6
CHI01510,Public Rack - Kildare Ave & North Ave,41.90987,-87.73399,5,4,7.0,4.0,2.0,0.8
CHI01499,Public Rack - Hoyne Ave & 51st St,41.801,-87.67677,5,2,7.0,1.0,2.0,0.4
CHI01054,Public Rack - Sawyer Ave & 111th St,41.69143,-87.70228,5,3,6.0,3.0,1.0,0.6
CHI01132,Public Rack - Throop St & 58th St,41.78854,-87.65621,5,1,5.0,1.0,0.0,0.2
CHI01530,Public Rack - 85th Pl & Pulaski Rd,41.73739,-87.72133,5,1,5.0,1.0,0.0,0.2
836,Public Rack - Kedzie Ave & Archer Ave,41.81359,-87.70478,5,3,6.0,4.0,1.0,0.6
24410,State St & 127th St,41.66388,-87.622,5,2,7.0,2.0,2.0,0.4
CHI01029,Public Rack - Newcastle Ave & Belmont Ave,41.93802,-87.7961,5,1,5.0,3.0,0.0,0.2
CHI00719,Public Rack - Plainfield Ave & Irving Park Rd,41.95215,-87.83388,5,1,6.0,1.0,1.0,0.2
1120.0,Public Rack - Milwaukee Ave & Catalpa Ave,41.97723,-87.76897,5,5,5.0,5.0,0.0,1.0
1157.0,Public Rack - Northwest Hwy & Neva Ave,41.99586,-87.80509,5,3,4.0,2.0,-1.0,0.6
CHI00990,Public Rack - Menard Ave & Grand Ave,41.91981,-87.77095,5,0,4.0,0.0,-1.0,0.0
862,Public Rack - Milwaukee Ave & Waveland Ave,41.94747,-87.73788,5,3,3.0,3.0,-2.0,0.6
CHI01027,Public Rack - Neva Ave & Grand Ave,41.92363,-87.80469,5,3,5.0,1.0,0.0,0.6
24252,Lavergne Ave & 44th St,41.81311,-87.74867,5,3,4.0,2.0,-1.0,0.6
23124,Wood St & 84th St,41.7412,-87.66816,5,4,5.0,3.0,0.0,0.8
CHI01625,Public Rack - Hiawatha Ave & Minnehaha Ave,41.99952,-87.76049,5,1,6.0,1.0,1.0,0.2
1107.0,Public Rack - Milwaukee Ave & Warner Ave,41.95626,-87.75077,5,5,5.0,3.0,0.0,1.0
CHI01229,Public Rack - Forrestville Ave & 47th St,41.80932,-87.61292,5,3,5.0,3.0,0.0,0.6
CHI00686,Public Rack - Linder Ave & Belmont Ave,41.93874,-87.7633,5,1,6.0,3.0,1.0,0.2
1058,Public Rack - Kildare Ave & North Ave,41.90987,-87.73399,5,5,6.0,6.0,1.0,1.0
CHI01640,Public Rack - Canfield & Victoria,41.98507,-87.82317,5,1,6.0,3.0,1.0,0.2
1127.0,Public Rack - Karlov Ave & Lawrence Ave,41.96831,-87.73006,5,3,5.0,3.0,0.0,0.6
1019,Public Rack - Kostner Ave & Diversey Ave,41.9318,-87.73729,5,5,5.0,5.0,0.0,1.0
CHI00668,Public Rack - Kedzie Ave & Arthington St,41.87009,-87.70624,4,2,5.0,3.0,1.0,0.5
CHI00666,Public Rack - Lawndale Ave & Polk St,41.87077,-87.71835,4,2,4.0,2.0,0.0,0.5
CHI01641,Public Rack - Ozman & Talcott,41.99303,-87.82166,4,2,6.0,5.0,2.0,0.5
CHI01634,Public Rack - Sayer & Northwest Hwy,41.99434,-87.80253,4,3,4.0,3.0,0.0,0.75
1124.0,Public Rack - Lotus Ave & Lawrence Ave,41.96766,-87.76364,4,0,4.0,3.0,0.0,0.0
CHI00972,Public Rack - Cicero Ave & Wrightwood Ave,41.92794,-87.74664,4,4,8.0,5.0,4.0,1.0
CHI00996,Public Rack - Halsted St & 95th St - SW,41.72096,-87.64345,4,2,4.0,1.0,0.0,0.5
CHI01497,Public Rack - Loomis Blvd & 47th St,41.80875,-87.66026,4,3,4.0,2.0,0.0,0.75
CHI01636,Public Rack - Oketo & Northwest Hwy,42.00033,-87.81245,4,1,5.0,1.0,1.0,0.25
CHI01630,Public Rack - Octavia Ave & Touhy Ave,42.01174,-87.80832,4,0,7.0,0.0,3.0,0.0
CHI00680,Public Rack - Eli Whitney Public School,41.84025,-87.72547,4,2,6.0,2.0,2.0,0.5
1194.0,Public Rack - Norwood Park,41.9866,-87.79394,4,3,4.0,4.0,0.0,0.75
CHI01493,Public Rack - Kedzie Ave & 61st Pl W,41.78198,-87.70338,4,2,4.0,2.0,0.0,0.5
890,Public Rack - Colfax Ave & 83rd St,41.74471,-87.56105,4,0,2.0,0.0,-2.0,0.0
911,Public Rack - Emerald Ave & 43rd St,41.81643,-87.64475,4,4,5.0,5.0,1.0,1.0
1252.0,Public Rack - Troy & 71st,41.76433,-87.70193,4,4,3.0,3.0,-1.0,1.0
914,Public Rack - Martin Luther King Dr & 44th St,41.81445,-87.61627,4,2,4.0,4.0,0.0,0.5
20126,S Aberdeen St & W 106th St,41.70122,-87.64935,4,1,5.0,0.0,1.0,0.25
20111,Olive Harvey College,41.70958,-87.59023,4,2,2.0,2.0,-2.0,0.5
20243,Michigan Ave & 114th St,41.68701,-87.62105,4,3,5.0,3.0,1.0,0.75
676,Public Rack - Trumbull Ave & 111th St,41.6916,-87.7074,4,0,4.0,0.0,0.0,0.0
CHI01153,Public Rack - Mason Ave & Roosevelt Rd,41.86561,-87.77239,4,1,4.0,3.0,0.0,0.25
CHI01142,Public Rack - Midway Orange Line,41.78593,-87.73808,4,3,4.0,1.0,0.0,0.75
24433,Eggleston Ave & 115th St,41.68507,-87.63361,4,3,5.0,5.0,1.0,0.75
CHI01472,Public Rack - Foster Ave & Drake Ave,41.97556,-87.71735,4,2,3.0,2.0,-1.0,0.5
CHI01522,Public Rack - Lawndale Ave & 23rd St,41.84996,-87.71671,4,2,5.0,3.0,1.0,0.5
841,Public Rack - Damen Ave & 47th St,41.80888,-87.67513,4,3,4.0,3.0,0.0,0.75
667,Public Rack - Jeffery Blvd & 83rd St,41.74435,-87.57504,4,4,4.0,4.0,0.0,1.0
842,Public Rack - Ashland Ave & 46th St,41.81054,-87.6654,4,0,4.0,0.0,0.0,0.0
CHI01099,Public Rack - Damen Ave & 47th St,41.80888,-87.67513,4,2,4.0,2.0,0.0,0.5
24341,Shields Ave & 57th St,41.79075,-87.63449,4,3,3.0,3.0,-1.0,0.75
641,Public Rack - Loomis St & 87th St,41.73547,-87.65759,4,3,5.0,4.0,1.0,0.75
626,Public Rack - Halsted St & 95th St - SW,41.72096,-87.64345,4,2,3.0,1.0,-1.0,0.5
CHI01355,Public Rack - Aida Food Market,41.74989,-87.64376,4,4,3.0,1.0,-1.0,1.0
24130,Western Ave & 81st St,41.74643,-87.68311,4,3,6.0,5.0,2.0,0.75
24144,Central Park Ave & 66th St,41.77326,-87.71314,4,1,8.0,4.0,4.0,0.25
CHI01426,Public Rack - Kingston Ave & 75th St,41.75891,-87.56219,4,3,3.0,3.0,-1.0,0.75
CHI01301,Public Rack - Western Ave & 105th St,41.70261,-87.68149,4,1,4.0,1.0,0.0,0.25
1217.0,Public Rack - Christiana & Lincoln,41.99346,-87.71273,4,3,4.0,4.0,0.0,0.75
1213.0,Public Rack - Kostner & Peterson,41.98993,-87.73798,4,3,7.0,6.0,3.0,0.75
CHI01444,Public Rack - Ave N & 106th St,41.70263,-87.53884,4,1,4.0,2.0,0.0,0.25
CHI01566,Public Rack - Irving Park Rd & Melvina Ave,41.95287,-87.78073,4,1,1.0,0.0,-3.0,0.25
813,Public Rack - Calumet Ave & 51st St,41.80222,-87.61846,4,3,6.0,5.0,2.0,0.75
CHI01645,Public Rack - Harlem & Summerdale,41.97781,-87.80681,4,1,5.0,3.0,1.0,0.25
CHI01178,Public Rack - Langley Ave & 79th St,41.7511,-87.60743,4,2,3.0,1.0,-1.0,0.5
CHI01182,Public Rack - Racine Ave & 74th St,41.75944,-87.65412,4,3,8.0,4.0,4.0,0.75
1084.0,Public Rack - Linder Ave & 64th Pl,41.77552,-87.75797,4,1,5.0,1.0,1.0,0.25
1040,Public Rack - Talman Ave & Pershing Rd,41.82259,-87.69073,4,2,4.0,1.0,0.0,0.5
1114.0,Public Rack - Montrose Ave & Lavergne Ave,41.96062,-87.75169,4,1,3.0,2.0,-1.0,0.25
CHI01179,Public Rack - Cottage Grove Ave & 92nd St,41.72732,-87.60479,4,2,4.0,3.0,0.0,0.5
CHI01198,Public Rack - McVicker Ave & Grand Ave,41.92125,-87.77666,4,3,4.0,4.0,0.0,0.75
1208.0,Public Rack - Central & Prescott,41.99279,-87.76559,4,2,4.0,2.0,0.0,0.5
1166.0,Public Rack - Minnehaha Ave & Devon Ave,41.99743,-87.76194,4,2,4.0,2.0,0.0,0.5
CHI00825,Ada St & 113th Place,41.68758,-87.65541,4,2,2.0,0.0,-2.0,0.5
CHI01297,Public Rack - Kedzie Ave & Archer Ave,41.81359,-87.70478,4,1,4.0,1.0,0.0,0.25
487,Public Rack - California Ave & Devon Ave - NE,41.99826,-87.69955,4,1,5.0,3.0,1.0,0.25
486,Public Rack - California Ave & Devon Ave - NW,41.99848,-87.69985,4,3,5.0,1.0,1.0,0.75
CHI01286,Public Rack - Al Raby School,41.88617,-87.71471,4,3,4.0,3.0,0.0,0.75
1227.0,Public Rack - Monticello & Lawrence,41.96821,-87.71954,4,4,5.0,3.0,1.0,1.0
CHI01366,Public Rack - Hale Ave & 111th St,41.6918,-87.67135,4,1,2.0,0.0,-2.0,0.25
CHI01378,Public Rack - Halsted St & 41st St,41.82021,-87.6457,4,1,4.0,0.0,0.0,0.25
949,Public Rack - Kingston Ave & 75th St,41.75891,-87.56219,4,1,5.0,3.0,1.0,0.25
20211,Eberhart Ave & 131st St,41.65841,-87.61071,4,2,2.0,2.0,-2.0,0.5
935,Public Rack - Lorel Ave & Grand Ave,41.91767,-87.75955,4,4,5.0,3.0,1.0,1.0
541,Public Rack - Laramie Ave & Warwick Ave,41.94881,-87.75713,4,1,4.0,1.0,0.0,0.25
CHI01373,Public Rack - Normal Blvd & 61st Pl,41.78231,-87.63736,4,3,4.0,4.0,0.0,0.75
CHI00800,Public Rack - Jeffery Blvd & 83rd St,41.74435,-87.57504,4,1,4.0,1.0,0.0,0.25
CHI01654,Public Rack - Northwest Hwy & Bryn Mawr,41.98301,-87.78267,4,0,5.0,0.0,1.0,0.0
1242.0,Public Rack - Cicero & 64th,41.7764,-87.7424,4,1,4.0,4.0,0.0,0.25
539,Public Rack - Eli Whitney Public School,41.84025,-87.72547,4,3,5.0,5.0,1.0,0.75
957,Public Rack - Langley Ave & Oakwood Blvd,41.82284,-87.60953,4,2,4.0,1.0,0.0,0.5
565,Public Rack - Austin Ave & Wrightwood Ave,41.92767,-87.77568,4,4,4.0,3.0,0.0,1.0
CHI01612,Public Rack - Ozanam Ave & Devon Ave,41.99698,-87.82124,3,1,5.0,1.0,2.0,0.333
CHI01608,Public Rack - Pulaski Rd & Stevens Ave,41.99109,-87.72923,3,2,3.0,2.0,0.0,0.667
CHI01607,Public Rack - Kedvale Ave & Peterson Ave,41.99024,-87.73234,3,3,4.0,1.0,1.0,1.0
859,Public Rack - Spaulding Ave & Foster Ave,41.97592,-87.71042,3,3,3.0,3.0,0.0,1.0
857,Public Rack - Sawyer Ave & Bryn Mawr Ave - SE,41.98302,-87.7097,3,2,3.0,0.0,0.0,0.667
CHI01603,Public Rack - Mason Ave & Milwaukee Ave,41.98568,-87.77707,3,0,4.0,1.0,1.0,0.0
CHI01602,Public Rack - Haft Ave & Milwaukee Ave,41.99558,-87.7864,3,0,5.0,0.0,2.0,0.0
CHI01589,Public Rack - Elston Ave & Kenneth Ave,41.96762,-87.73957,3,2,3.0,1.0,0.0,0.667
1081.0,Public Rack - Rockwell Ave & 71st St,41.76475,-87.68864,3,3,3.0,3.0,0.0,1.0
1193.0,Public Rack - Neola & Northwest Hwy,41.99033,-87.79536,3,1,3.0,2.0,0.0,0.333
1129.0,Public Rack - Elston Ave & Kenneth Ave,41.96762,-87.73957,3,0,4.0,2.0,1.0,0.0
1130.0,Public Rack - Elston Ave & Gunnison St,41.96858,-87.74057,3,0,3.0,0.0,0.0,0.0
CHI01487,Public Rack - Pulaski Rd & 65th St,41.77355,-87.72281,3,2,3.0,0.0,0.0,0.667
1126.0,Public Rack - Laramine Ave & Winnemac Ave,41.97182,-87.75756,3,2,4.0,3.0,1.0,0.667
1144.0,Public Rack - Miami Ave & Milwaukee Ave,41.99147,-87.78209,3,1,3.0,1.0,0.0,0.333
1182.0,Public Rack - Cumberland & Catherine,41.97736,-87.83675,3,2,3.0,2.0,0.0,0.667
CHI01274,Public Rack - Keeler Ave & 26th St,41.84408,-87.72987,3,1,3.0,1.0,0.0,0.333
CHI01250,Public Rack - Mackinaw Ave & 106th St,41.70256,-87.54273,3,1,4.0,1.0,1.0,0.333
1017,Public Rack - Foster Ave & Drake Ave,41.97556,-87.71735,3,2,3.0,3.0,0.0,0.667
CHI00667,Public Rack - Pulaski Rd & Roosevelt Rd,41.8661,-87.72446,3,1,4.0,2.0,1.0,0.333
1057,Public Rack - Tripp Ave & North Ave,41.90995,-87.73271,3,1,5.0,2.0,2.0,0.333
CHI00988,Public Rack - Stony Is Ave & 73rd St,41.76227,-87.58547,3,2,3.0,3.0,0.0,0.667
879,Public Rack - Cottage Grove Ave & 89th Pl,41.73177,-87.6049,3,3,3.0,3.0,0.0,1.0
1149.0,Public Rack - Lemont Ave & Keating Ave,41.99129,-87.74696,3,3,2.0,2.0,-1.0,1.0
CHI01516,Public Rack - Lawndale Ave & Roosevelt,41.86623,-87.71792,3,1,1.0,1.0,-2.0,0.333
CHI01108,Public Rack - Ashland Ave & 76th St,41.75596,-87.66391,3,3,3.0,3.0,0.0,1.0
CHI01421,Public Rack - Central Park Ave & 16th St,41.85894,-87.71573,3,2,3.0,2.0,0.0,0.667
24132,Damen Ave & 77th St,41.75411,-87.67333,3,1,8.0,2.0,5.0,0.333
CHI01418,Public Rack - Vincennes Ave & 77th St,41.75703,-87.56497,3,1,3.0,3.0,0.0,0.333
1254.0,Public Rack - Springfield & 71st,41.7642,-87.72011,3,1,3.0,1.0,0.0,0.333
1246.0,Public Rack - California & 71st,41.76462,-87.69345,3,3,3.0,3.0,0.0,1.0
889,Public Rack - Ingleside Ave & 79th St,41.7515,-87.60106,3,1,2.0,1.0,-1.0,0.333
913,Public Rack - 532 E 43rd St,41.81685,-87.61329,3,2,3.0,2.0,0.0,0.667
683,Public Rack - Western Ave & 116th St,41.6824,-87.68105,3,3,3.0,3.0,0.0,1.0
20130,Wentworth Ave & 104th St,41.70531,-87.62922,3,3,3.0,2.0,0.0,1.0
20220,Avenue L & 114th St,41.68812,-87.53655,3,0,3.0,0.0,0.0,0.0
887,Public Rack - Halsted St & 80th St,41.74821,-87.64415,3,0,2.0,0.0,-1.0,0.0
CHI01169,Public Rack - Central Ave & George St,41.93266,-87.76621,3,2,3.0,2.0,0.0,0.667
CHI01126,Public Rack - Stony Island & 95th St,41.72228,-87.58494,3,2,1.0,1.0,-2.0,0.667
CHI01121,Public Rack - Cicero Ave & Altgeld St,41.92571,-87.74645,3,2,4.0,1.0,1.0,0.667
542,Public Rack - Chopin Park,41.94268,-87.7619,3,0,3.0,0.0,0.0,0.0
516,Public Rack - Kenton Ave & Palmer St,41.92068,-87.74195,3,2,3.0,2.0,0.0,0.667
479,Public Rack - California Ave & Touhy Ave - NW,42.01218,-87.69987,3,3,3.0,3.0,0.0,1.0
936,Public Rack - Houston Ave & 130th St,41.65896,-87.54853,3,2,2.0,2.0,-1.0,0.667
722,Public Rack - Racine Ave & 74th St,41.75944,-87.65415,3,0,4.0,1.0,1.0,0.0
CHI01095,Public Rack - Central Park Ave & Fillmore St,41.86806,-87.71539,3,2,4.0,2.0,1.0,0.667
CHI01621,Public Rack - Devon Ave & Kinzua Ave,41.99746,-87.76459,3,2,3.0,0.0,0.0,0.667
550,Public Rack - Laramie Ave & Grand Ave,41.917,-87.75597,3,3,4.0,2.0,1.0,1.0
629,Public Rack - Michigan Ave & 96th St,41.71896,-87.62067,3,0,3.0,1.0,0.0,0.0
627,Public Rack - Halsted St & 95th St - SE,41.721,-87.64303,3,1,2.0,2.0,-1.0,0.333
CHI01115,Public Rack - Martin Luther King Dr & 69th St,41.76924,-87.61529,3,0,1.0,0.0,-2.0,0.0
CHI01013,Public Rack - Newcastle Ave & Belden Ave,41.92104,-87.79735,3,2,3.0,1.0,0.0,0.667
CHI01065,Public Rack - Kedzie & 103rd St - W,41.70525,-87.70142,3,1,3.0,1.0,0.0,0.333
CHI01400,Public Rack - Kostner Ave & 16th St,41.8588,-87.7343,3,1,4.0,2.0,1.0,0.333
CHI01560,Public Rack - Melvina Ave & Montrose Ave,41.95885,-87.78192,3,0,3.0,1.0,0.0,0.0
CHI01556,Public Rack - Austin Ave & Archer Ave,41.79424,-87.77158,3,2,3.0,0.0,0.0,0.667
908,Public Rack - Normal Blvd & 61st Pl,41.78231,-87.63736,3,3,3.0,3.0,0.0,1.0
904,Public Rack - Walden Pkwy & 99th St,41.71397,-87.6678,3,2,5.0,4.0,2.0,0.667
CHI01401,Public Rack - Lorel Ave & Grand Ave,41.91767,-87.75955,3,3,4.0,3.0,1.0,1.0
CHI01534,Public Rack - 63rd St and Natoma Ave,41.77793,-87.78758,3,1,3.0,1.0,0.0,0.333
1240.0,Public Rack - Parkside & 63rd,41.77813,-87.76304,3,3,3.0,3.0,0.0,1.0
1223.0,Public Rack - Kenton & Lawrence,41.96799,-87.74305,3,2,4.0,4.0,1.0,0.667
1169.0,Public Rack - Brooks Park,42.00442,-87.80706,3,3,3.0,3.0,0.0,1.0
1172.0,Public Rack - Touhy Ave & Oconto Ave,42.01177,-87.80766,3,3,5.0,3.0,2.0,1.0
1173.0,Public Rack - Octavia Ave & Touhy Ave,42.01174,-87.80832,3,2,4.0,3.0,1.0,0.667
1104.0,Public Rack - Irving Park Rd & Austin Ave,41.95314,-87.77712,3,0,3.0,1.0,0.0,0.0
769,Public Rack - Peoria St & 60th St,41.78487,-87.64748,3,1,1.0,1.0,-2.0,0.333
CHI01323,Public Rack - Wood St & 103rd St,41.7065,-87.66709,3,0,5.0,0.0,2.0,0.0
760,Public Rack - Kedzie Ave & 64th St - SW,41.77707,-87.70323,3,2,4.0,1.0,1.0,0.667
CHI01292,Public Rack - Indiana Ave & 111th St,41.69254,-87.61771,3,1,3.0,0.0,0.0,0.333
CHI01700,Public Rack - Harlem and W. 59th,41.78495,-87.8011,3,2,3.0,1.0,0.0,0.667
CHI01668,Public Rack - Pulaski & 84th,41.73939,-87.72137,3,3,3.0,2.0,0.0,1.0
982,Public Rack - Ewing Ave & 95th St,41.72238,-87.53583,3,2,3.0,2.0,0.0,0.667
1239.0,Public Rack - S Menard & W 63rd,41.77707,-87.76664,3,2,3.0,2.0,0.0,0.667
CHI00827,Indiana Ave & 133rd St,41.65356,-87.61705,3,1,0.0,0.0,-3.0,0.333
CHI01652,Public Rack - Wrightwood Metra Station,41.74891,-87.7037,3,0,4.0,0.0,1.0,0.0
1214.0,Public Rack - Pulaski & Rosemont,41.99519,-87.72899,3,3,3.0,3.0,0.0,1.0
CHI01155,Public Rack - Pulaski Rd & 15th St,41.8604,-87.7251,3,3,5.0,3.0,2.0,1.0
CHI01577,Public Rack - Nordica Ave & Higgins Ave,41.98014,-87.8021,3,2,3.0,2.0,0.0,0.667
1264.0,Public Rack - Homan & 79th,41.74986,-87.70751,3,3,3.0,3.0,0.0,1.0
1256.0,Public Rack - Springfield & 79th,41.74965,-87.721,3,1,3.0,2.0,0.0,0.333
CHI01434,Public Rack - Pulaski Rd & 5th Ave,41.87301,-87.72525,3,1,4.0,1.0,1.0,0.333
1229.0,Public Rack - Nordica & Archer,41.79227,-87.79767,3,1,3.0,1.0,0.0,0.333
CHI01454,Public Rack - Western Ave & 110th St,41.69441,-87.68149,3,2,3.0,2.0,0.0,0.667
815,Public Rack - Forrestville Ave & 47th St,41.80932,-87.61292,3,3,3.0,3.0,0.0,1.0
CHI01220,Public Rack - Bell Ave & 95th St,41.72116,-87.67875,3,2,3.0,2.0,0.0,0.667
823,Public Rack - Kedzie Ave & 54th St - SE,41.79433,-87.70347,3,0,3.0,0.0,0.0,0.0
327,Plainfield & Irving Park,41.95204,-87.83328,3,1,3.0,0.0,0.0,0.333
801,Public Rack - N Narragansett Ave & Grand Ave,41.92258,-87.78498,3,0,3.0,1.0,0.0,0.0
CHI01264,Public Rack - Bishop St & 46th St,41.80994,-87.66152,3,3,5.0,4.0,2.0,1.0
CHI01260,Public Rack - 2302 S Pulaski Rd,41.84944,-87.72488,3,3,4.0,3.0,1.0,1.0
1086.0,Public Rack - 63rd St and Nagle Ave,41.7776,-87.78221,3,1,4.0,1.0,1.0,0.333
1033,Public Rack - Pulaski Rd & 65th St,41.77355,-87.72281,3,1,3.0,1.0,0.0,0.333
CHI01187,Public Rack - Halsted St & 102nd St,41.70794,-87.64318,2,0,3.0,0.0,1.0,0.0
CHI01282,Public Rack - Western Ave & 106th St - East,41.70058,-87.68129,2,1,2.0,1.0,0.0,0.5
1123.0,Public Rack - Milwaukee Ave & Lawrence Ave,41.96739,-87.76017,2,0,2.0,1.0,0.0,0.0
CHI01275,Public Rack - Kedzie Ave & 54th St - SE,41.79433,-87.70347,2,0,3.0,0.0,1.0,0.0
1092.0,Public Rack - 56th St & Mulligan Ave,41.79051,-87.77993,2,1,2.0,1.0,0.0,0.5
CHI01262,Public Rack - Orville T Bright School,41.70017,-87.56215,2,2,2.0,2.0,0.0,1.0
CHI01258,Public Rack - Bradley Park,41.71835,-87.56446,2,2,2.0,2.0,0.0,1.0
CHI01483,Public Rack - Maplewood Ave & 63rd St,41.77934,-87.68676,2,1,2.0,1.0,0.0,0.5
1078.0,Public Rack - 85th Pl & Pulaski Rd,41.73739,-87.72133,2,1,2.0,1.0,0.0,0.5
1079.0,Public Rack - Kedzie Ave & 83rd St,41.74324,-87.70212,2,2,3.0,2.0,1.0,1.0
1075.0,Public Rack - 83rd Pl & Kedzie Ave S,41.74138,-87.70235,2,2,2.0,2.0,0.0,1.0
1076.0,Public Rack - 82nd st & Kedzie Ave,41.74334,-87.70236,2,2,2.0,2.0,0.0,1.0
1077.0,Public Rack - 83rd Pl & Kedzie Ave N,41.74172,-87.70229,2,2,2.0,2.0,0.0,1.0
1222.0,Public Rack - Central Park & Bryn Mawr,41.98287,-87.71959,2,1,3.0,1.0,1.0,0.5
744,Public Rack - Halsted St & 64th St,41.77758,-87.64458,2,1,0.0,0.0,-2.0,0.5
750,Public Rack - Harper Ave & 63rd St,41.78073,-87.58757,2,1,2.0,2.0,0.0,0.5
1210.0,Public Rack - Cicero & Rosemont,41.99557,-87.74864,2,1,2.0,2.0,0.0,0.5
1219.0,Public Rack - Kimball & Ardmore,41.98702,-87.71397,2,2,2.0,1.0,0.0,1.0
827,Public Rack - Strohacker Park,41.79482,-87.73211,2,2,2.0,2.0,0.0,1.0
830,Public Rack - Pulaski & 52nd,41.79724,-87.72338,2,2,2.0,2.0,0.0,1.0
CHI01215,Public Rack - Hamlin Ave & Grand Ave,41.90374,-87.72029,2,1,2.0,2.0,0.0,0.5
25429,Major Taylor Trail & 111th St,41.69211,-87.6489,2,1,6.0,0.0,4.0,0.5
25498,Le Mai Ave & Devon Ave,41.99722,-87.75687,2,1,4.0,4.0,2.0,0.5
796,Public Rack - Waller Ave & Chicago Ave,41.89468,-87.76816,2,2,2.0,2.0,0.0,1.0
798,Public Rack - Menard Ave & Agusta Blvd,41.89833,-87.7705,2,1,2.0,1.0,0.0,0.5
816,Public Rack - State St & 47th st,41.80909,-87.62738,2,2,3.0,3.0,1.0,1.0
1186.0,Public Rack - Oketo & Talcott,41.9886,-87.81253,2,2,2.0,1.0,0.0,1.0
CHI01195,Public Rack - Chappel Ave & 71st St,41.76637,-87.57529,2,0,3.0,1.0,1.0,0.0
1102.0,Public Rack - Central Ave & Pensacola Ave,41.96002,-87.76714,2,1,2.0,1.0,0.0,0.5
CHI01639,Public Rack - Cumberland & Catherine,41.97736,-87.83675,2,1,3.0,1.0,1.0,0.5
CHI01642,Public Rack - W. Talcott & N. Oriole,41.99064,-87.81694,2,1,2.0,0.0,0.0,0.5
CHI01452,Public Rack - Clyde Ave & 87th St,41.73715,-87.57319,2,1,3.0,1.0,1.0,0.5
739,Public Rack - 63rd & Western Ave N,41.77933,-87.68377,2,2,3.0,2.0,1.0,1.0
742,Public Rack - Ashland Ave & 71st St,41.76577,-87.66433,2,0,4.0,2.0,2.0,0.0
CHI01435,Public Rack - Lawndale Ave & 63rd St,41.77872,-87.71406,2,1,3.0,1.0,1.0,0.5
CHI01439,Public Rack - Fullerton Ave & Lavergne Ave,41.92398,-87.75195,2,2,2.0,2.0,0.0,1.0
CHI01446,Public Rack - Ewing Ave & 106th St,41.70249,-87.53513,2,1,2.0,1.0,0.0,0.5
1263.0,Public Rack - Columbus & 79th,41.74922,-87.70441,2,2,2.0,2.0,0.0,1.0
1265.0,Public Rack - Homan & 77th,41.75345,-87.70704,2,2,2.0,2.0,0.0,1.0
1266.0,Public Rack - California & 87th,41.73569,-87.69217,2,2,2.0,2.0,0.0,1.0
1205.0,Public Rack - Lynch & Elston,41.98093,-87.7613,2,1,2.0,1.0,0.0,0.5
CHI01653,Public Rack - Wilbur Wright College North,41.95908,-87.78953,2,1,2.0,1.0,0.0,0.5
1248.0,Public Rack - Sacramento & 71st,41.7644,-87.69811,2,2,2.0,2.0,0.0,1.0
1249.0,Public Rack - Kedzie & 73rd,41.7607,-87.70238,2,2,2.0,2.0,0.0,1.0
1251.0,Public Rack - Kedzie & 71st,41.76432,-87.70303,2,2,2.0,2.0,0.0,1.0
1255.0,Public Rack - Pulaski & 74th,41.75726,-87.72237,2,2,3.0,2.0,1.0,1.0
CHI01312,Public Rack - Homan Ave & 26th St,41.84456,-87.71006,2,2,2.0,2.0,0.0,1.0
CHI01319,Public Rack - Marshfield Ave & 87th St,41.73553,-87.66387,2,0,2.0,0.0,0.0,0.0
CHI01328,Public Rack - Pulaski Rd & 41st,41.81791,-87.72413,2,1,1.0,0.0,-1.0,0.5
CHI01331,Public Rack - Albany Ave & 63rd St,41.77891,-87.70084,2,1,1.0,0.0,-1.0,0.5
CHI01288,Public Rack - Austin Ave & Wellington Ave,41.93525,-87.77605,2,0,1.0,0.0,-1.0,0.0
CHI01291,Public Rack - Pulaski & 52nd,41.79724,-87.72338,2,1,2.0,1.0,0.0,0.5
CHI01298,Public Rack - Kedzie Ave & 63rd St,41.77887,-87.70303,2,1,2.0,1.0,0.0,0.5
CHI01304,Public Rack - Michigan Ave & 96th St,41.71883,-87.62075,2,0,3.0,0.0,1.0,0.0
CHI01308,Public Rack - Lowe Ave & 94th St,41.72423,-87.63945,2,1,2.0,1.0,0.0,0.5
775,Public Rack - Kedzie Ave & 58th St,41.78826,-87.70358,2,2,2.0,2.0,0.0,1.0
777,Public Rack - Midway Orange Line,41.78589,-87.73803,2,2,2.0,1.0,0.0,1.0
CHI01461,Public Rack - King Dr & 71st St,41.76588,-87.61475,2,0,2.0,0.0,0.0,0.0
755,Public Rack - Kedzie Ave & 64th St - SE,41.77699,-87.70292,2,0,2.0,0.0,0.0,0.0
1245.0,Public Rack - Artesian & 71st,41.76475,-87.68467,2,2,2.0,2.0,0.0,1.0
998,Public Rack - Marquette Rd & 67th St,41.7731,-87.61289,2,2,3.0,3.0,1.0,1.0
1278.0,Public Rack - Wentworth Park,41.78878,-87.77964,2,1,3.0,3.0,1.0,0.5
1282.0,Public Rack - Wrightwood Metra Station,41.74891,-87.7037,2,2,2.0,2.0,0.0,1.0
CHI00785,Public Rack - Homan Ave & 111th St,41.69158,-87.70584,2,1,1.0,1.0,-1.0,0.5
985,Public Rack - Langley Ave & 87th St,41.73583,-87.60698,2,2,2.0,2.0,0.0,1.0
989,Public Rack - 10557 S Western Ave,41.70172,-87.68128,2,0,2.0,0.0,0.0,0.0
993,Public Rack - Ashland Ave & 83rd St,41.74272,-87.66355,2,2,2.0,2.0,0.0,1.0
CHI01727,Public Rack - Pulaski & 74th,41.75726,-87.72237,2,2,0.0,0.0,-2.0,1.0
CHI00766,Public Rack - Morgan St & 87th St,41.73577,-87.64813,2,1,1.0,0.0,-1.0,0.5
CHI00783,Public Rack - Rhodes Ave & 79th St,41.75099,-87.61142,2,0,1.0,0.0,-1.0,0.0
CHI01708,Public Rack - Parkside & Elston,41.98543,-87.76944,2,1,2.0,1.0,0.0,0.5
CHI01710,Public Rack - Western & 74th,41.7593,-87.68334,2,0,2.0,1.0,0.0,0.0
CHI01713,Public Rack - Central & Prescott,41.99279,-87.76559,2,1,3.0,2.0,1.0,0.5
CHI01682,Public Rack - S Menard & W 63rd,41.77708,-87.7667,2,1,3.0,2.0,1.0,0.5
CHI01693,Public Rack - Kostner & Bryn Mawr,41.98274,-87.73755,2,2,4.0,2.0,2.0,1.0
CHI01702,Public Rack - Cicero & Rosemont,41.99557,-87.74864,2,1,2.0,0.0,0.0,0.5
CHI00792,Public Rack - Cottage Grove & 85th St,41.74009,-87.60474,2,1,2.0,1.0,0.0,0.5
921,Public Rack - Pullman - Planet Fitness,41.69782,-87.59779,2,1,2.0,1.0,0.0,0.5
CHI01658,Public Rack - Parkside & Archer,41.7957,-87.76348,2,0,2.0,1.0,0.0,0.0
941,Public Rack - Cornell Ave & 87th Pl,41.73688,-87.58315,2,1,2.0,1.0,0.0,0.5
CHI01125,Public Rack - Cottage Grove Ave & 98th St,41.71617,-87.60435,2,1,2.0,1.0,0.0,0.5
CHI01128,Public Rack - Marshfield Ave & 45th St,41.81234,-87.66624,2,0,3.0,1.0,1.0,0.0
538,Public Rack - Karlov Ave & 26th St,41.84429,-87.72708,2,0,3.0,0.0,1.0,0.0
24409,Indiana Ave & 133rd St,41.6538,-87.61719,2,2,3.0,3.0,1.0,1.0
CHI01123,Public Rack - Lamon Ave & Archer Ave,41.79823,-87.74495,2,1,3.0,1.0,1.0,0.5
CHI01369,Public Rack - Walden Pkwy & 99th St,41.71397,-87.6678,2,0,1.0,0.0,-1.0,0.0
CHI01383,Public Rack - Ada St & 119th St,41.67733,-87.65447,2,0,3.0,0.0,1.0,0.0
521,Public Rack - Al Raby School,41.88617,-87.71471,2,2,2.0,1.0,0.0,1.0
522,Public Rack - Lawndale Ave & Polk St,41.87077,-87.71837,2,2,2.0,1.0,0.0,1.0
CHI01733,Public Rack - Damen & 81st,41.74649,-87.67313,2,0,2.0,0.0,0.0,0.0
CHI01736,Public Rack - Newcastle & Archer,41.79231,-87.79288,2,1,2.0,1.0,0.0,0.5
922,Public Rack - 10101 S Stony Island Ave,41.70838,-87.58146,2,2,5.0,3.0,3.0,1.0
927,Public Rack - Michigan Ave & 119th St,41.67793,-87.62075,2,2,2.0,1.0,0.0,1.0
938,Public Rack - Michigan Ave & 107th St,41.69958,-87.62102,2,1,3.0,2.0,1.0,0.5
718,Public Rack - Claremont Ave & 71st St,41.76459,-87.68225,2,2,2.0,2.0,0.0,1.0
719,Public Rack - Ashland Ave & 76th St,41.75596,-87.66391,2,0,2.0,0.0,0.0,0.0
710,Public Rack - Lafayette Ave & 87th St - NW,41.73635,-87.62674,2,2,2.0,2.0,0.0,1.0
711,Public Rack - Lafayette Ave & 87th St SW,41.73622,-87.62674,2,2,2.0,2.0,0.0,1.0
20128,S Wentworth Ave & W 111th St,41.69258,-87.62815,2,0,0.0,0.0,-2.0,0.0
CHI01732,Public Rack - Western & 79th,41.75081,-87.68272,2,0,0.0,0.0,-2.0,0.0
696,Public Rack - Hamilton Ave & 95th St,41.72083,-87.67638,2,2,2.0,2.0,0.0,1.0
886,Public Rack - Laflin St & 79th St,41.75033,-87.66168,2,2,2.0,1.0,0.0,1.0
888,Public Rack - Aida Food Market,41.7499,-87.64369,2,2,1.0,0.0,-1.0,1.0
882,Public Rack - Drexel Ave & 87th St,41.73678,-87.60224,2,2,2.0,2.0,0.0,1.0
916,Public Rack - Wood St & 47th St,41.80864,-87.66997,2,1,2.0,2.0,0.0,0.5
854,Public Rack - Sacramento Blvd & Washington Blvd,41.88299,-87.70004,2,2,2.0,2.0,0.0,1.0
CHI01344,Public Rack - Racine Ave & 109th Pl,41.69484,-87.65304,2,0,2.0,1.0,0.0,0.0
CHI01345,Public Rack - Green St & 103rd St,41.70665,-87.64342,2,0,3.0,0.0,1.0,0.0
CHI01623,Public Rack - Minnehaha Ave & Devon Ave,41.99746,-87.7619,2,0,2.0,2.0,0.0,0.0
CHI01624,Public Rack - Leoti Ave & Central Ave (south),41.99832,-87.76338,2,1,2.0,2.0,0.0,0.5
548,Public Rack - Cicero Ave & Altgeld St,41.92573,-87.74641,2,1,2.0,1.0,0.0,0.5
CHI01083,Public Rack - Karlov Ave & 26th St,41.84427,-87.72707,2,1,3.0,1.0,1.0,0.5
CHI01059,Public Rack - Wentworth Ave & 79th St,41.75071,-87.62995,2,2,2.0,1.0,0.0,1.0
CHI01074,Public Rack - Wabash Ave & 87th St,41.73606,-87.62295,2,1,4.0,2.0,2.0,0.5
CHI01406,Public Rack - Stony Island & 87th St,41.7367,-87.58582,2,2,2.0,2.0,0.0,1.0
CHI01551,Public Rack - Mulligan Ave & 56th St,41.7904,-87.78004,2,1,2.0,1.0,0.0,0.5
CHI01552,Public Rack - 56th St & Mulligan Ave,41.79051,-87.77993,2,1,2.0,1.0,0.0,0.5
CHI01390,Public Rack - Torrence Ave & 103rd St,41.70843,-87.56026,2,1,1.0,1.0,-1.0,0.5
656,Public Rack - West Chatham Park,41.74583,-87.63156,2,2,2.0,2.0,0.0,1.0
664,Public Rack - Cottage Grove & 84th St,41.74196,-87.60484,2,2,2.0,2.0,0.0,1.0
589,Public Rack - Lafayette Ave & 119th St,41.67804,-87.62348,2,0,3.0,1.0,1.0,0.0
CHI01533,Public Rack - Rockwell Ave & 71st St,41.76475,-87.68864,2,1,2.0,2.0,0.0,0.5
CHI01549,Public Rack - Normandy Ave & Archer Ave,41.7923,-87.78879,2,2,2.0,2.0,0.0,1.0
CHI01739,Public Rack - St Louis & 83rd,41.74232,-87.70967,2,0,1.0,0.0,-1.0,0.0
645,Public Rack - Tuley (Murray) Park,41.73034,-87.61173,2,2,2.0,2.0,0.0,1.0
839,Public Rack - Kedzie Ave & Pershing Rd,41.8229,-87.70415,2,1,2.0,2.0,0.0,0.5
CHI01508,Public Rack - Sawyer Ave & Chicago Ave,41.89546,-87.70809,2,2,4.0,3.0,2.0,1.0
CHI01521,Public Rack - Komensky Ave & 26th St,41.84417,-87.72632,2,1,3.0,1.0,1.0,0.5
CHI00971,Public Rack - Hamilton Ave & 95th St,41.72083,-87.67638,2,1,2.0,1.0,0.0,0.5
CHI00975,Public Rack - Western Ave & 111th St - SW,41.69161,-87.68152,2,0,2.0,0.0,0.0,0.0
CHI00982,Public Rack - Kedzie Ave & 61st Pl E,41.78228,-87.70305,2,1,2.0,1.0,0.0,0.5
880,Public Rack - Maryland Ave & 87th ST,41.737,-87.60397,2,2,2.0,2.0,0.0,1.0
CHI00989,Public Rack - East End Ave & 75th St,41.75893,-87.58286,2,2,2.0,2.0,0.0,1.0
CHI00997,Public Rack - Langley Ave & 105th Pl,41.70247,-87.60648,2,0,2.0,0.0,0.0,0.0
CHI01480,Public Rack - Sangamon St & 87th St,41.73582,-87.6469,2,1,2.0,1.0,0.0,0.5
CHI01582,Public Rack - Winona St & Elston Ave,41.97433,-87.75042,2,1,2.0,1.0,0.0,0.5
CHI01599,Public Rack - Northwest Hwy & Raven St,41.99279,-87.79928,2,0,2.0,0.0,0.0,0.0
CHI01609,Public Rack - Lemont Ave & Keating Ave,41.99127,-87.74692,2,1,2.0,1.0,0.0,0.5
CHI01040,Public Rack - Brandon Ave & 91st St,41.73022,-87.54676,2,1,2.0,1.0,0.0,0.5
856,Public Rack - Sawyer Ave & Bryn Mawr Ave - SW,41.98288,-87.71053,2,1,2.0,2.0,0.0,0.5
CHI01423,Public Rack - Laporte Ave & Armitage Ave,41.91705,-87.75001,2,2,2.0,2.0,0.0,1.0
CHI01014,Public Rack - Mt Greenwood Library - South,41.69288,-87.70105,2,0,2.0,0.0,0.0,0.0
CHI01021,Public Rack - Menard Ave & Agusta Blvd,41.89833,-87.7705,2,2,2.0,1.0,0.0,1.0
CHI01033,Public Rack - Laramie Ave & Warwick Ave,41.94881,-87.75713,2,0,2.0,0.0,0.0,0.0
CHI01103,Public Rack - Avenue J & 106th St,41.70261,-87.53353,2,2,2.0,1.0,0.0,1.0
1142.0,Public Rack - Haft Ave & Milwaukee Ave,41.99558,-87.7864,2,2,2.0,1.0,0.0,1.0
CHI01494,Public Rack - Talman Ave & Pershing Rd,41.82259,-87.69073,2,2,1.0,1.0,-1.0,1.0
CHI00707,Public Rack - Austin Ave & Wrightwood Ave,41.92767,-87.77568,2,1,2.0,0.0,0.0,0.5
CHI00709,Public Rack - Harvey Ave & North Ave,41.90926,-87.78227,2,1,2.0,1.0,0.0,0.5
1091.0,Public Rack - Mulligan Ave & 56th St,41.7904,-87.78004,2,1,3.0,1.0,1.0,0.5
1190.0,Public Rack - Neenah & Dakin,41.95171,-87.79075,2,0,0.0,0.0,-2.0,0.0
1080.0,Public Rack - Spaulding Ave & 71st St,41.76451,-87.70647,2,2,2.0,2.0,0.0,1.0
1162.0,Public Rack - Leoti Ave & Central Ave (north),41.99826,-87.76366,2,2,2.0,2.0,0.0,1.0
1170.0,Public Rack - Ottowa Ave & Touhy Ave,42.01149,-87.8182,2,2,2.0,2.0,0.0,1.0
1171.0,Public Rack - Overhill Ave & Touhy Ave,42.01146,-87.81901,2,2,3.0,2.0,1.0,1.0
1174.0,Public Rack - Osceola Ave & Touhy Ave,42.01192,-87.81264,2,2,2.0,2.0,0.0,1.0
1176.0,Public Rack - Imlay & Milwaukee,41.99898,-87.78956,2,1,2.0,2.0,0.0,0.5
1161.0,Public Rack - Kinzua Ave & Devon Ave,41.99792,-87.76537,2,1,2.0,1.0,0.0,0.5
1154.0,Public Rack - Ozanam Ave & Devon Ave,41.997,-87.82134,2,2,2.0,2.0,0.0,1.0
1156.0,Public Rack - Northwest Hwy & Overhill Ave,42.01149,-87.81264,2,2,2.0,2.0,0.0,1.0
1165.0,Public Rack - Devon Ave & Central Ave,41.99746,-87.76406,2,2,3.0,3.0,1.0,1.0
CHI00726,Public Rack - Baltimore Ave & 132nd St,41.6552,-87.54694,2,1,2.0,1.0,0.0,0.5
1117.0,Public Rack - Nordica Ave & Higgins Ave,41.98013,-87.80209,2,2,2.0,1.0,0.0,1.0
1074.0,Public Rack - Pulaski Rd & 83rd St,41.74139,-87.72182,1,1,1.0,1.0,0.0,1.0
1036,Public Rack - Kedzie Ave & 60th St,41.78524,-87.70313,1,1,2.0,1.0,1.0,1.0
1039,Public Rack - Kedzie Ave & 61st Pl W,41.78201,-87.7034,1,1,1.0,1.0,0.0,1.0
1042,Public Rack - Laflin St &51st ST,41.80135,-87.66208,1,1,0.0,0.0,-1.0,1.0
1043,Public Rack - Loomis Blvd & 47th St,41.80875,-87.66026,1,0,1.0,1.0,0.0,0.0
1050,Public Rack - Kedzie Ave & 54th Pl,41.79464,-87.70377,1,1,1.0,1.0,0.0,1.0
CHI00673,Public Rack - Central Park Ave & Ogden Ave,41.85434,-87.71516,1,1,2.0,1.0,1.0,1.0
1146.0,Public Rack - Bryn Mawr Ave & Milwaukee Ave,41.98293,-87.77443,1,1,2.0,1.0,1.0,1.0
1147.0,Public Rack - Kedvale Ave & Peterson Ave,41.99022,-87.73231,1,0,1.0,0.0,0.0,0.0
1150.0,Public Rack - Bryn Mawr Ave & Spaulding Ave,41.98311,-87.71159,1,0,2.0,1.0,1.0,0.0
1232.0,Public Rack - Rutherford & 53rd,41.79512,-87.79052,1,1,1.0,1.0,0.0,1.0
1233.0,Public Rack - McVicker & 52nd,41.79798,-87.77324,1,1,1.0,1.0,0.0,1.0
1167.0,Public Rack - Leoti Ave & Central Ave (south),41.99832,-87.76338,1,1,1.0,1.0,0.0,1.0
1168.0,Public Rack - Hiawatha Ave & Minnehaha Ave,41.99952,-87.76049,1,1,1.0,1.0,0.0,1.0
1159.0,Public Rack - Devon Ave & Minnehaha Ave (east),41.99743,-87.76282,1,1,1.0,1.0,0.0,1.0
1163.0,Public Rack - Devon Ave & Minnehaha Ave (west),41.99738,-87.76306,1,1,1.0,1.0,0.0,1.0
1164.0,Public Rack - Devon Ave & Kinzua Ave,41.99746,-87.76456,1,1,1.0,1.0,0.0,1.0
824,Public Rack - Avers Ave & Archer Ave,41.80449,-87.71958,1,1,2.0,1.0,1.0,1.0
826,Public Rack - Harding Ave & 47th St,41.80775,-87.72258,1,1,1.0,1.0,0.0,1.0
828,Public Rack - Archer Park,41.80382,-87.73551,1,1,2.0,1.0,1.0,1.0
829,Public Rack - Pulaski Rd & 51st Rd,41.80011,-87.72354,1,1,1.0,1.0,0.0,1.0
831,Public Rack - Kolin Ave & Archer Ave,41.80051,-87.7318,1,1,3.0,1.0,2.0,1.0
832,Public Rack - Christiana Ave & Archer Ave,41.81175,-87.70758,1,1,1.0,1.0,0.0,1.0
746,Public Rack - Martin Luther King Dr & 69th St,41.76923,-87.61521,1,1,1.0,1.0,0.0,1.0
747,Public Rack - Keef Ave & South Chicago Ave,41.7707,-87.61171,1,1,1.0,1.0,0.0,1.0
1184.0,Public Rack - Ozman & Talcott,41.99303,-87.82166,1,1,1.0,1.0,0.0,1.0
1185.0,Public Rack - W. Talcott & N. Oriole,41.99064,-87.81694,1,1,1.0,1.0,0.0,1.0
1122.0,Public Rack - Winona St & Elston Ave,41.97434,-87.75039,1,1,1.0,1.0,0.0,1.0
CHI01492,Public Rack - Kedzie Ave & 62nd Pl,41.78015,-87.70334,1,1,1.0,1.0,0.0,1.0
CHI01192,Public Rack - Kildare Ave & 63rd St,41.77844,-87.73047,1,0,1.0,0.0,0.0,0.0
CHI01210,Public Rack - Menard Ave & Adams Blvd,41.87768,-87.76936,1,0,2.0,1.0,1.0,0.0
809,Public Rack - Newcastle Ave & Belmont Ave,41.93802,-87.7961,1,0,1.0,0.0,0.0,0.0
817,Public Rack - Lowe Park,41.79961,-87.64146,1,1,3.0,3.0,2.0,1.0
CHI01456,Public Rack - Western Ave & 107th Pl,41.69802,-87.68118,1,1,2.0,1.0,1.0,1.0
CHI01458,Public Rack - Western Ave & 98th St,41.71525,-87.6817,1,1,1.0,1.0,0.0,1.0
740,Public Rack - William Rainey Harper High School,41.77527,-87.66916,1,1,1.0,1.0,0.0,1.0
1098.0,Public Rack - New England Ave & Irving Park Rd,41.7985,-87.7985,1,1,1.0,1.0,0.0,1.0
1101.0,Public Rack - Menard Ave & Leland Ave,41.96541,-87.77242,1,1,1.0,1.0,0.0,1.0
1106.0,Public Rack - Irving Park Rd & Melvina Ave,41.95287,-87.78073,1,0,5.0,1.0,4.0,0.0
CHI01626,Public Rack - Brooks Park,42.00442,-87.80706,1,0,1.0,0.0,0.0,0.0
1183.0,Public Rack - Canfield & Victoria,41.98507,-87.82317,1,1,1.0,1.0,0.0,1.0
1268.0,Public Rack - Mozart & 79th,41.74971,-87.69393,1,1,1.0,1.0,0.0,1.0
CHI01436,Public Rack - Jeffery Blvd & 81st St,41.74928,-87.57585,1,1,1.0,1.0,0.0,1.0
CHI01437,Public Rack - Crandon Ave & 80th St,41.74952,-87.56883,1,1,1.0,0.0,0.0,1.0
CHI01447,Public Rack - Ave L & 105th St,41.70354,-87.53663,1,1,1.0,1.0,0.0,1.0
CHI01448,Public Rack - Ewing Ave & 95th St,41.72238,-87.53583,1,1,1.0,1.0,0.0,1.0
CHI01450,Public Rack - Ashland Ave & 91st St,41.72827,-87.66267,1,1,1.0,1.0,0.0,1.0
CHI01453,Public Rack - Western Ave & 107th St,41.69873,-87.68156,1,1,1.0,1.0,0.0,1.0
CHI01455,Public Rack - 10557 S Western Ave,41.70172,-87.68128,1,0,2.0,0.0,1.0,0.0
870,Public Rack - Corliss Ave & 133rd St,41.65314,-87.60106,1,1,1.0,1.0,0.0,1.0
871,Public Rack - Ellis Ave & 132nd Pl,41.65514,-87.5976,1,1,1.0,1.0,0.0,1.0
878,Public Rack - Green St & 103rd St,41.70665,-87.64342,1,0,1.0,0.0,0.0,0.0
881,Public Rack - Greenwood Ave & 87th St,41.73626,-87.59663,1,1,1.0,1.0,0.0,1.0
CHI00987,Public Rack - Washtenaw Ave & 63rd St,41.77928,-87.69143,1,0,1.0,0.0,0.0,0.0
CHI00993,Public Rack - Oketo Ave & Belmont Ave,41.93812,-87.81186,1,1,2.0,1.0,1.0,1.0
CHI00998,Public Rack - Western Ave & 104th St - West,41.70395,-87.68195,1,1,1.0,1.0,0.0,1.0
CHI01000,Public Rack - Kedzie Ave & Pershing Rd,41.8229,-87.70415,1,0,1.0,0.0,0.0,0.0
CHI01597,Public Rack - Nina Ave & Avondale Ave,41.99115,-87.7991,1,1,0.0,0.0,-1.0,1.0
CHI01601,Public Rack - Holbrook St & Milwaukee Ave,41.99204,-87.78303,1,0,0.0,0.0,-1.0,0.0
CHI01611,Public Rack - Pratt Ave & Odell Ave,42.00443,-87.811,1,0,1.0,0.0,0.0,0.0
CHI01614,Public Rack - Northwest Hwy & Overhill Ave,42.01149,-87.81264,1,0,0.0,0.0,-1.0,0.0
CHI01617,Public Rack - Devon Ave & Minnehaha Ave (east),41.99743,-87.76282,1,1,1.0,0.0,0.0,1.0
865,Public Rack - Kilbourn Ave & Fullerton Ave,41.92445,-87.73998,1,1,1.0,1.0,0.0,1.0
867,Public Rack - Grand Ave & North Ave,41.90961,-87.73472,1,1,1.0,1.0,0.0,1.0
868,Public Rack - Kildare Ave & Division Ave,41.90241,-87.7327,1,0,1.0,1.0,0.0,0.0
CHI01034,Public Rack - Kedzie & 103rd St - East,41.70544,-87.70123,1,1,1.0,1.0,0.0,1.0
CHI01039,Public Rack - Central Ave & Congress Pkwy,41.87369,-87.76475,1,1,1.0,1.0,0.0,1.0
CHI01408,Public Rack - Saginaw Ave & 93rd St,41.7262,-87.55925,1,1,1.0,1.0,0.0,1.0
CHI01409,Public Rack - Halsted St & 113th St,41.68851,-87.64251,1,0,2.0,0.0,1.0,0.0
CHI01412,Public Rack - 53rd St & Indiana Ave,41.79802,-87.62075,1,0,1.0,0.0,0.0,0.0
CHI01478,Public Rack - Brainerd Park,41.72694,-87.6549,1,1,0.0,0.0,-1.0,1.0
CHI01479,Public Rack - May St & 87th St,41.73556,-87.6517,1,0,1.0,0.0,0.0,0.0
CHI01595,Public Rack - Higgins Ave & Neva Ave,41.9806,-87.80605,1,1,1.0,1.0,0.0,1.0
CHI01365,Public Rack - Western Ave & 118th St,41.67835,-87.68092,1,0,1.0,0.0,0.0,0.0
CHI01107,Public Rack - Albany Ave & 103rd St,41.70675,-87.70005,1,1,2.0,1.0,1.0,1.0
CHI01113,Public Rack - Brighton Park Branch Chicago Library,41.81524,-87.70265,1,0,1.0,0.0,0.0,0.0
CHI01116,Public Rack - Peoria St & 60th St,41.78487,-87.64748,1,1,1.0,0.0,0.0,1.0
CHI01023,Public Rack - Mt Greenwood Library N,41.69303,-87.70105,1,1,2.0,1.0,1.0,1.0
CHI01024,Public Rack - Strohacker Park,41.79482,-87.73211,1,1,1.0,1.0,0.0,1.0
CHI01026,Public Rack - Baltimore Ave & 134th St,41.65142,-87.54732,1,1,1.0,1.0,0.0,1.0
CHI01028,Public Rack - Newcastle Ave & Wellington Ave,41.935,-87.79578,1,1,1.0,1.0,0.0,1.0
CHI01389,Public Rack - Torrence Ave  & 106th St,41.70257,-87.55992,1,1,3.0,1.0,2.0,1.0
CHI01402,Public Rack - Houston Ave & 130th St,41.65896,-87.54853,1,1,1.0,1.0,0.0,1.0
CHI01405,Public Rack - Vincennes Ave & 91st St,41.72812,-87.64852,1,1,1.0,1.0,0.0,1.0
CHI01407,Public Rack - Cornell Ave & 87th Pl,41.73688,-87.58315,1,0,1.0,0.0,0.0,0.0
CHI01553,Public Rack - 61st St & Melvina Ave,41.78066,-87.77665,1,1,2.0,1.0,1.0,1.0
CHI01555,Public Rack - Mobile Ave & Archer Ave,41.7929,-87.78024,1,1,1.0,1.0,0.0,1.0
794,Public Rack - Austin Branch Chicago Public Library,41.88916,-87.76574,1,1,1.0,1.0,0.0,1.0
CHI01057,Public Rack - Racine Ave & 83rd St,41.74337,-87.65366,1,1,1.0,1.0,0.0,1.0
666,Public Rack - Stony Island Ave & 86th St,41.73847,-87.58585,1,1,1.0,1.0,0.0,1.0
670,Public Rack - Champlain Ave & 134th St,41.65738,-87.60644,1,1,1.0,1.0,0.0,1.0
608,Public Rack - Lawrence Ave & 103rd St,41.70767,-87.6087,1,1,1.0,1.0,0.0,1.0
609,Public Rack - Calumet Ave & 103rd St,41.70706,-87.61531,1,1,2.0,1.0,1.0,1.0
612,Public Rack - Ewing Ave & 106th St NW,41.70287,-87.53586,1,0,1.0,0.0,0.0,0.0
617,Public Rack - Morgan St & 95th St,41.72122,-87.64744,1,1,1.0,1.0,0.0,1.0
CHI01386,Public Rack - Pullman - Ross Dress for Less,41.69868,-87.597,1,0,2.0,0.0,1.0,0.0
CHI01388,Public Rack - 10101 S Stony Island Ave,41.70838,-87.58146,1,0,0.0,0.0,-1.0,0.0
CHI01520,Public Rack - Kedvale Ave & 26th St,41.84427,-87.7281,1,1,1.0,1.0,0.0,1.0
CHI01525,Public Rack - Pulaski Rd & 85th St,41.7381,-87.72172,1,0,1.0,0.0,0.0,0.0
CHI01535,Public Rack - 63rd St & Meade Ave,41.77867,-87.77484,1,1,1.0,1.0,0.0,1.0
CHI01547,Public Rack - Sayre Ave & 59th St,41.78468,-87.79581,1,1,1.0,1.0,0.0,1.0
648,Public Rack - Cottage Grove Ave & 91st St,41.72951,-87.60374,1,1,1.0,1.0,0.0,1.0
652,Rhodes Ave & 71st St,41.766,-87.61173,1,1,2.0,1.0,1.0,1.0
659,Public Rack - Rhodes Ave & 79th St,41.75106,-87.61144,1,1,1.0,1.0,0.0,1.0
663,Public Rack - Cottage Grove & 85th St,41.74009,-87.60474,1,1,3.0,2.0,2.0,1.0
CHI00979,Public Rack - S Kostner Ave & W 18th Pl,41.85519,-87.73455,1,1,1.0,1.0,0.0,1.0
CHI00983,Public Rack - Ashland Ave & 45th St,41.81196,-87.66486,1,1,2.0,1.0,1.0,1.0
834,Public Rack - Pulaski Rd & 40th St,41.81864,-87.72428,1,1,1.0,1.0,0.0,1.0
835,Public Rack - Pulaski Rd & 41st,41.81791,-87.72413,1,1,2.0,1.0,1.0,1.0
840,Public Rack - Marshfield Ave & 45th St,41.81234,-87.66624,1,1,1.0,1.0,0.0,1.0
845,Public Rack - Ashland Ave & 45th St  S,41.81142,-87.66499,1,0,1.0,0.0,0.0,0.0
CHI01509,Public Rack - Tripp Ave & North Ave,41.90995,-87.73271,1,0,1.0,0.0,0.0,0.0
CHI01519,Public Rack - Pulaski Rd & Grenshaw St,41.86703,-87.72546,1,1,0.0,0.0,-1.0,1.0
848,Public Rack - Corliss Ave & 103rd St,41.70762,-87.60355,1,1,1.0,1.0,0.0,1.0
852,Public Rack - Kildare Ave & Washignton Blvd,41.88184,-87.73366,1,1,2.0,2.0,1.0,1.0
853,Public Rack - Keeler Ave & Madison St S,41.88018,-87.73105,1,1,0.0,0.0,-1.0,1.0
CHI02183,Rockwell St & Division St,41.90275,-87.69202,1,1,1.0,1.0,0.0,1.0
CHI02184,Canal St & Lake St,41.88583,-87.64036,1,1,1.0,1.0,0.0,1.0
899,Public Rack - Longwood Dr & 111th St,41.69163,-87.67178,1,1,1.0,1.0,0.0,1.0
901,Public Rack - Hale Ave & 111th St,41.6918,-87.67135,1,1,1.0,1.0,0.0,1.0
902,Public Rack - Hoyne Ave & 110th Pl,41.69246,-87.67404,1,1,1.0,1.0,0.0,1.0
CHI01334,Public Rack - Cottage Grove Ave & 111th St,41.69265,-87.60976,1,0,1.0,0.0,0.0,0.0
CHI01340,Public Rack - Harvard Ave & 119th St,41.67823,-87.63078,1,0,2.0,0.0,1.0,0.0
CHI01341,Public Rack - Elizabeth St & 115th St,41.68494,-87.65266,1,0,1.0,1.0,0.0,0.0
CHI01350,Public Rack - East End Ave & 87th St,41.73705,-87.584,1,0,1.0,0.0,0.0,0.0
CHI01354,Public Rack - Halsted St & 80th St,41.74818,-87.64424,1,0,2.0,0.0,1.0,0.0
CHI01356,Public Rack - Ingleside Ave & 79th St,41.75145,-87.60114,1,1,1.0,1.0,0.0,1.0
CHI01557,Public Rack - Meade Ave & Archer Ave,41.79405,-87.77408,1,0,1.0,0.0,0.0,0.0
846,Public Rack - Buffalo Ave & 89th St,41.73341,-87.54454,1,0,1.0,0.0,0.0,0.0
CHI01094,Public Rack - 63rd & Western Ave N,41.77933,-87.68377,1,1,1.0,1.0,0.0,1.0
CHI01619,Public Rack - Leoti Ave & Central Ave (north),41.99826,-87.76366,1,1,1.0,0.0,0.0,1.0
CHI01622,Public Rack - Devon Ave & Central Ave,41.99746,-87.76406,1,1,1.0,1.0,0.0,1.0
CHI01431,Public Rack - Pulaski Rd & Polk St,41.87036,-87.72526,1,1,2.0,1.0,1.0,1.0
618,Public Rack - Vincennes Ave & 95th Pl,41.72056,-87.65097,1,1,1.0,1.0,0.0,1.0
619,Public Rack - Vincennes Ave & 95th St,41.72117,-87.65066,1,1,1.0,1.0,0.0,1.0
634,Public Rack - Oglesby Ave & 95th St,41.72248,-87.56574,1,0,1.0,1.0,0.0,0.0
CHI01333,Public Rack - Halsted St & 94th St,41.72344,-87.64361,1,1,1.0,1.0,0.0,1.0
CHI01060,Public Rack - Western Ave & 79th St,41.75006,-87.68278,1,0,1.0,0.0,0.0,0.0
CHI01062,Public Rack - Emil G Hirch Metropolitan High School,41.75444,-87.60175,1,1,2.0,2.0,1.0,1.0
CHI01066,Public Rack - Avenue J & 112th St,41.69184,-87.53418,1,1,1.0,1.0,0.0,1.0
CHI01067,Public Rack - Ewing Ave & 112th St,41.69198,-87.53491,1,1,1.0,1.0,0.0,1.0
CHI01075,Public Rack - Parnell Ave & 98th St,41.71598,-87.63707,1,1,1.0,1.0,0.0,1.0
CHI01077,Public Rack - Ewing Ave & 106th St NW,41.70287,-87.53586,1,1,1.0,1.0,0.0,1.0
CHI01082,Public Rack - Pulaski Rd & 51st Rd,41.80011,-87.72354,1,1,1.0,1.0,0.0,1.0
CHI01090,Public Rack - May St & 78th St,41.75245,-87.65297,1,0,1.0,0.0,0.0,0.0
701,Public Rack - Stony Island & 95th St,41.72228,-87.58494,1,0,1.0,0.0,0.0,0.0
703,Public Rack - Marshfield Ave & 87th St,41.73553,-87.66387,1,1,1.0,0.0,0.0,1.0
706,Public Rack - Winchester Ave & 87th St,41.73599,-87.67218,1,1,1.0,1.0,0.0,1.0
714,Public Rack - Western Ave & 79th St,41.75006,-87.68278,1,1,1.0,1.0,0.0,1.0
716,Public Rack - Oakley & 79th Pl,41.7491,-87.67964,1,1,1.0,1.0,0.0,1.0
725,Public Rack - Hamilton Park,41.76335,-87.6375,1,1,1.0,1.0,0.0,1.0
727,Public Rack - Normal Ave & 72nd St,41.76358,-87.63721,1,1,1.0,1.0,0.0,1.0
729,Public Rack - Emil G Hirch Metropolitan High School,41.75444,-87.60175,1,1,1.0,1.0,0.0,1.0
20240,Indiana Ave & 133rd St,41.65369,-87.6171,1,1,0.0,0.0,-1.0,1.0
671,Public Rack - Eberhart Ave & 131st St,41.65759,-87.61071,1,1,1.0,1.0,0.0,1.0
672,Public Rack - Buffalo Ave & 133rd St,41.65428,-87.54354,1,1,1.0,1.0,0.0,1.0
673,Public Rack - Avenue M & 132nd St,41.65569,-87.5376,1,1,1.0,1.0,0.0,1.0
674,Public Rack - Homan Ave & 111th St,41.69158,-87.70584,1,0,1.0,0.0,0.0,0.0
675,Public Rack - Sawyer Ave & 111th St,41.69141,-87.70229,1,0,1.0,0.0,0.0,0.0
697,Public Rack - Longwood Dr & 95th St,41.72092,-87.66959,1,0,1.0,1.0,0.0,0.0
698,Public Rack - Bell Ave & 95th St,41.72119,-87.67879,1,1,1.0,1.0,0.0,1.0
CHI00946,Public Rack - California Ave & Touhy Ave - SW,42.01187,-87.70041,1,0,2.0,0.0,1.0,0.0
883,Public Rack - East End Ave & 87th St,41.73705,-87.584,1,1,1.0,1.0,0.0,1.0
884,Public Rack - Bishop St & 81st St,41.74583,-87.65985,1,1,1.0,1.0,0.0,1.0
885,Public Rack - Ada St & 79th St,41.75052,-87.65725,1,1,1.0,1.0,0.0,1.0
891,Public Rack - Marquette Ave & 83rd St,41.74476,-87.55862,1,0,1.0,0.0,0.0,0.0
897,Public Rack - Homewood Ave & Monterey Ave,41.69169,-87.67016,1,1,1.0,1.0,0.0,1.0
898,Public Rack - Western Ave & 111th St - SE,41.69167,-87.68102,1,0,1.0,0.0,0.0,0.0
20238,Greenwood Ave & 97th St,41.7187,-87.59704,1,1,8.0,1.0,7.0,1.0
907,Public Rack - Calumet Ave & Garfield Blvd,41.79489,-87.61742,1,1,1.0,1.0,0.0,1.0
910,Public Rack - Wolcott Ave & 56th St,41.7912,-87.67195,1,1,1.0,1.0,0.0,1.0
912,Public Rack - Halsted St & 41st St,41.82015,-87.64568,1,1,2.0,1.0,1.0,1.0
915,Public Rack - Laflin St & 51st St,41.80135,-87.66208,1,1,3.0,2.0,2.0,1.0
917,Public Rack - Ada St & 119th St,41.67733,-87.65447,1,1,1.0,1.0,0.0,1.0
919,Public Rack - Pullman - Walmart,41.69696,-87.59829,1,1,1.0,1.0,0.0,1.0
920,Public Rack - Pullman - Ross Dress for Less,41.69868,-87.597,1,1,1.0,1.0,0.0,1.0
CHI00945,Public Rack - California Ave & Touhy Ave - midblock,42.01221,-87.70047,1,1,1.0,1.0,0.0,1.0
786,Public Rack - Emerald Ave & 45th St,41.81238,-87.64463,1,1,2.0,1.0,1.0,1.0
791,Public Rack - Mason Ave & Roosevelt Rd,41.86561,-87.77239,1,1,1.0,1.0,0.0,1.0
792,Public Rack - Menard Ave & Adams Blvd,41.87768,-87.76936,1,1,1.0,1.0,0.0,1.0
793,Public Rack - Central Ave & Corcoran Pl,41.88734,-87.76504,1,1,2.0,2.0,1.0,1.0
940,Public Rack - Stony Island & 87th St,41.7367,-87.58582,1,1,1.0,1.0,0.0,1.0
942,Public Rack - Saginaw Ave & 93rd St,41.7262,-87.55925,1,0,2.0,2.0,1.0,0.0
946,Public Rack - Vincennes Ave & 77th St,41.75703,-87.56497,1,1,1.0,0.0,0.0,1.0
953,Public Rack - Lawndale Ave & 63rd St,41.77872,-87.71406,1,1,1.0,1.0,0.0,1.0
CHI01138,Public Rack - Kedvale Ave & 63rd St E,41.77877,-87.72596,1,1,1.0,0.0,0.0,1.0
CHI01145,Public Rack - Roswell B. Mason Elementary School,41.85602,-87.72984,1,1,1.0,1.0,0.0,1.0
CHI01146,Public Rack - Keeler Ave & 55th St,41.79304,-87.72821,1,1,1.0,1.0,0.0,1.0
CHI01152,Public Rack - Buffalo Ave & 89th St,41.73341,-87.54454,1,0,1.0,0.0,0.0,0.0
782,Public Rack - Linder Ave & Archer Ave,41.79601,-87.75958,1,1,1.0,1.0,0.0,1.0
783,Public Rack - California Ave & Pershing Rd,41.82263,-87.69502,1,1,1.0,1.0,0.0,1.0
784,Public Rack - Brighton Park Branch Chicago Library,41.81524,-87.70265,1,1,1.0,1.0,0.0,1.0
785,Public Rack - Princeton Ave & 43rd St,41.81588,-87.63372,1,1,2.0,2.0,1.0,1.0
526,Public Rack - Legler Regional Library,41.87931,-87.72543,1,1,1.0,1.0,0.0,1.0
533,Public Rack - Avers Ave & Ogden Ave,41.85264,-87.72103,1,0,1.0,0.0,0.0,0.0
547,Public Rack - Cicero Ave & Wrightwood Ave,41.92794,-87.74664,1,0,1.0,1.0,0.0,0.0
481,Public Rack - Chase Ave & Touhy Ave - NW,42.01427,-87.69041,1,0,1.0,0.0,0.0,0.0
484,Public Rack - Sacramento Ave & Greenleaf Ave,42.00946,-87.70467,1,1,1.0,1.0,0.0,1.0
CHI01173,Public Rack - Zapata Academy,41.84166,-87.73437,1,1,1.0,1.0,0.0,1.0
CHI01127,Public Rack - Piotrowski Park,41.83668,-87.73083,1,1,1.0,1.0,0.0,1.0
CHI01130,Public Rack - Lake Park Ave & 44th St,41.81459,-87.59761,1,1,1.0,0.0,0.0,1.0
730,Public Rack - Cottage Grove Ave & 75th St,41.75874,-87.60577,1,1,1.0,1.0,0.0,1.0
736,Public Rack - Jeffrey Blvd & 71st St,41.76633,-87.57615,1,0,3.0,3.0,2.0,0.0
CHI01737,Public Rack - California & 82nd,41.74528,-87.69259,1,1,1.0,1.0,0.0,1.0
20210,State St & 123rd St,41.67064,-87.62259,1,1,1.0,1.0,0.0,1.0
924,Public Rack - Torrence Ave & 103rd St,41.70843,-87.56026,1,0,0.0,0.0,-1.0,0.0
CHI01375,Public Rack - Wolcott Ave & 61st St,41.78238,-87.67172,1,0,1.0,0.0,0.0,0.0
CHI01381,Public Rack - Laflin St & 51st St,41.80135,-87.66208,1,1,2.0,0.0,1.0,1.0
563,Public Rack - Central Ave & George St,41.93266,-87.76621,1,1,1.0,1.0,0.0,1.0
986,Public Rack - Clyde Ave & 87th St,41.73715,-87.57319,1,1,2.0,2.0,1.0,1.0
994,Public Rack - Prairie Ave & 78th St,41.75223,-87.618,1,1,1.0,1.0,0.0,1.0
995,Public Rack - King Dr & 71st St,41.76586,-87.61479,1,0,0.0,0.0,-1.0,0.0
997,Public Rack - Michigan Ave & 67th St,41.77207,-87.62169,1,1,1.0,1.0,0.0,1.0
1269.0,Public Rack - Western & 79th,41.75081,-87.68272,1,1,1.0,1.0,0.0,1.0
1271.0,Public Rack - Western & 83rd,41.74385,-87.68286,1,1,1.0,1.0,0.0,1.0
1272.0,Public Rack - Damen & 81st,41.74649,-87.67313,1,0,1.0,0.0,0.0,0.0
1283.0,Public Rack - Ashburn Metra ,41.7412,-87.71312,1,1,1.0,1.0,0.0,1.0
CHI01725,Public Rack - S. New England/ W. 65th,41.77391,-87.79348,1,1,1.0,1.0,0.0,1.0
CHI01726,Public Rack - California & 71st,41.76462,-87.69345,1,1,0.0,0.0,-1.0,1.0
CHI00758,Public Rack - Calumet Ave & 103rd St,41.70706,-87.61531,1,1,1.0,0.0,0.0,1.0
CHI00764,Public Rack - Vincennes Ave & 95th Pl,41.72056,-87.65097,1,0,2.0,1.0,1.0,0.0
CHI00770,Public Rack - Burnside Academy,41.72853,-87.60823,1,1,1.0,1.0,0.0,1.0
CHI00777,Public Rack - Champlain Ave & 134th St,41.65738,-87.60644,1,0,1.0,0.0,0.0,0.0
CHI00784,Public Rack - Buffalo Ave & 133rd St,41.65428,-87.54354,1,1,1.0,1.0,0.0,1.0
983,Public Rack - Ewing Ave & 102nd St,41.70995,-87.53537,1,1,1.0,1.0,0.0,1.0
CHI01683,Public Rack - Mason & Archer,41.79456,-87.77092,1,0,1.0,0.0,0.0,0.0
CHI01684,Public Rack - Austin & 62nd,41.77966,-87.77141,1,1,1.0,1.0,0.0,1.0
CHI01685,Public Rack - McVicker & 52nd,41.79798,-87.77324,1,0,2.0,0.0,1.0,0.0
CHI01705,Public Rack - Leader & Caldwell,41.9915,-87.75445,1,1,2.0,0.0,1.0,1.0
CHI01706,Public Rack - Artesian & 71st,41.76475,-87.68467,1,1,1.0,0.0,0.0,1.0
CHI01709,Public Rack - Lavergne & Lawrence,41.96791,-87.7525,1,0,1.0,0.0,0.0,0.0
CHI01715,Public Rack - Austin & Higgins,41.97315,-87.77791,1,0,1.0,0.0,0.0,0.0
CHI01722,Public Rack - Western & 83rd,41.74385,-87.68286,1,1,1.0,1.0,0.0,1.0
955,Public Rack - Eberhart Ave & 61st St,41.78375,-87.61292,1,1,2.0,2.0,1.0,1.0
956,Public Rack - King Dr & Oakwood Blvd,41.82283,-87.61649,1,1,1.0,1.0,0.0,1.0
959,Public Rack - 53rd St & Indiana Ave,41.79802,-87.62075,1,1,1.0,1.0,0.0,1.0
961,Public Rack - Pulaski Rd & Lexington St,41.87158,-87.72521,1,1,1.0,1.0,0.0,1.0
965,Public Rack - Fullerton Ave & Lavergne Ave,41.92398,-87.75195,1,1,1.0,0.0,0.0,1.0
BIKE FLEET ,NEW HASTINGS ,41.86361,-87.67976,1,1,2.0,0.0,1.0,1.0
CHI01660,Public Rack - Neenah & Archer,41.79214,-87.78541,1,1,3.0,1.0,2.0,1.0
CHI01670,Public Rack - Mozart & 79th,41.74971,-87.69393,1,1,1.0,1.0,0.0,1.0
CHI01326,Public Rack - Oakley & 79th Pl,41.7491,-87.67964,1,1,1.0,1.0,0.0,1.0
CHI01368,Public Rack - Western Ave & 106th St - West,41.70138,-87.68183,1,0,2.0,0.0,1.0,0.0
1253.0,Public Rack - Hamlin & 72nd,41.76257,-87.71752,1,1,1.0,1.0,0.0,1.0
1259.0,Public Rack - Kostner & 83rd,41.74207,-87.73155,1,1,1.0,1.0,0.0,1.0
1260.0,Public Rack - Pulaski & 84th,41.73939,-87.72137,1,1,1.0,1.0,0.0,1.0
1261.0,Public Rack - St Louis & 83rd,41.74232,-87.70967,1,1,1.0,1.0,0.0,1.0
1262.0,Public Rack - St Louis & Columbus,41.74542,-87.70894,1,1,1.0,1.0,0.0,1.0
1267.0,Public Rack - California & 82nd,41.74528,-87.69259,1,1,1.0,1.0,0.0,1.0
780,Public Rack - Lamon Ave & Archer Ave,41.79823,-87.74495,1,1,1.0,1.0,0.0,1.0
781,Public Rack - Linder Ave & 51st St,41.79946,-87.75985,1,1,1.0,1.0,0.0,1.0
CHI01460,Public Rack - Prairie Ave & 78th St,41.75223,-87.618,1,1,1.0,1.0,0.0,1.0
496,Public Rack - Kedvale Ave & Avondale Ave,41.95287,-87.73123,1,1,1.0,1.0,0.0,1.0
CHI01295,Public Rack - Western Ave & 111th St - NW,41.69197,-87.68166,1,0,1.0,0.0,0.0,0.0
CHI01302,Public Rack - Loomis Blvd & 83rd St,41.74327,-87.65877,1,0,0.0,0.0,-1.0,0.0
CHI01318,Public Rack - Eggleston Ave & 92nd St,41.72618,-87.63466,1,1,1.0,1.0,0.0,1.0
CHI01325,Public Rack - Calumet Ave & 71st St,41.76554,-87.61731,1,1,4.0,2.0,3.0,1.0
756,Public Rack - Albany Ave & 63rd St,41.77891,-87.70084,1,1,1.0,1.0,0.0,1.0
757,Public Rack - Kedzie Ave & 63rd St,41.77887,-87.70303,1,1,1.0,0.0,0.0,1.0
758,Public Rack - Washtenaw Ave & 63rd St,41.77924,-87.69112,1,1,1.0,1.0,0.0,1.0
759,Public Rack - Springfield Ave & 63rd St,41.77858,-87.71893,1,1,2.0,1.0,1.0,1.0
764,Public Rack - Kedvale Ave & 63rd St E,41.77877,-87.72596,1,1,1.0,1.0,0.0,1.0
772,Public Rack - Kedzie Ave & 61st Pl E,41.78228,-87.70305,1,1,1.0,1.0,0.0,1.0
774,Public Rack - Christiana Ave & 55th St,41.79331,-87.7077,1,0,1.0,0.0,0.0,0.0
779,Public Rack - Keeler Ave & 55th St,41.79304,-87.72821,1,1,1.0,1.0,0.0,1.0
1234.0,Public Rack - Linder & 51st,41.79998,-87.76,1,1,1.0,1.0,0.0,1.0
1236.0,Public Rack - Parkside & Archer,41.7957,-87.76348,1,1,1.0,1.0,0.0,1.0
1237.0,Public Rack - Mason & Archer,41.79456,-87.77092,1,1,1.0,1.0,0.0,1.0
1238.0,Public Rack - Austin & 62nd,41.77966,-87.77141,1,1,1.0,1.0,0.0,1.0
1241.0,Public Rack - Harlem and W. 59th,41.78495,-87.8011,1,1,3.0,1.0,2.0,1.0
1243.0,Public Rack - Ford City Mall,41.75715,-87.74141,1,1,2.0,1.0,1.0,1.0
1244.0,Public Rack - Western & 74th,41.7593,-87.68334,1,1,1.0,1.0,0.0,1.0
CHI01156,Public Rack - Avenue O & 118th St,41.68114,-87.54029,1,1,1.0,1.0,0.0,1.0
CHI01261,Public Rack - Oglesby Ave & 105th St,41.70467,-87.56552,1,1,1.0,1.0,0.0,1.0
1030,Public Rack - Lawndale & 63rd St,41.77773,-87.71388,1,1,1.0,1.0,0.0,1.0
CHI01263,Public Rack - Corliss Ave & 103rd St,41.70762,-87.60355,1,1,1.0,1.0,0.0,1.0
CHI01273,Public Rack - Western Ave & 104th St - East,41.70437,-87.68173,1,1,1.0,1.0,0.0,1.0
1029,Public Rack - Maplewood Ave & 63rd St,41.77934,-87.68676,1,1,1.0,1.0,0.0,1.0
CHI00731,Public Rack - Lafayette Ave & 119th St,41.67785,-87.62345,1,0,1.0,0.0,0.0,0.0
CHI01186,Public Rack - Lowe Ave & 98th St,41.71589,-87.63923,1,1,1.0,1.0,0.0,1.0
1093.0,Public Rack - 61st St & Melvina Ave,41.78066,-87.77665,1,1,1.0,1.0,0.0,1.0
1022,Public Rack - Ewing Ave & 96th St S,41.72063,-87.53517,1,1,1.0,1.0,0.0,1.0
CHI00671,Public Rack - Franklin Park,41.86149,-87.7334,1,1,1.0,1.0,0.0,1.0
1021,Public Rack - Pulaski Rd & Flournoy St,41.87243,-87.72534,1,1,1.0,1.0,0.0,1.0
CHI01248,Public Rack - Whipple St & 26th St,41.84364,-87.70193,1,1,1.0,1.0,0.0,1.0
CHI01249,Public Rack - Princeton Ave & 43rd St,41.81588,-87.63372,1,1,0.0,0.0,-1.0,1.0
CHI01257,Public Rack - Harriet E Sayre Public School,41.91355,-87.79876,1,1,2.0,1.0,1.0,1.0
1035,Public Rack - Western Ave & 62nd St,41.78096,-87.68376,1,1,1.0,1.0,0.0,1.0
CHI01259,Public Rack - Ashland Ave & 45th St  S,41.81117,-87.66474,1,1,1.0,1.0,0.0,1.0
1063,Public Rack - Independence Blvd & Roosevelt,41.86621,-87.7185,1,1,1.0,0.0,0.0,1.0
1069,Public Rack - Komensky Ave & 26th St,41.84417,-87.72632,1,1,3.0,2.0,2.0,1.0
1070,Public Rack - Lawndale Ave & 23rd St,41.84996,-87.71671,1,1,1.0,1.0,0.0,1.0
1071,Public Rack - Ashland Ave & 74th St,41.75974,-87.66374,1,0,0.0,0.0,-1.0,0.0
1073.0,Public Rack - Pulaski Rd & 85th St,41.7381,-87.72172,1,1,1.0,1.0,0.0,1.0
1158.0,Public Rack - Northwest Hwy & Highland Ave,41.99587,-87.80522,1,1,1.0,1.0,0.0,1.0
CHI01481,Public Rack - Fairfield Ave & 63rd St,41.77926,-87.6927,1,1,1.0,1.0,0.0,1.0
1023,Public Rack - Brainerd Park,41.72694,-87.6549,1,1,1.0,1.0,0.0,1.0
748,Public Rack - Park Manor Elementary School,41.76686,-87.61147,1,1,1.0,1.0,0.0,1.0
1218.0,Public Rack - Central Park & Peterson,41.99009,-87.71875,1,1,1.0,1.0,0.0,1.0
1220.0,Public Rack - Kostner & Bryn Mawr,41.98274,-87.73755,1,1,7.0,5.0,6.0,1.0
1228.0,Public Rack - S. New England/ W. 65th,41.77391,-87.79348,1,1,1.0,1.0,0.0,1.0
1230.0,Public Rack - Newcastle & Archer,41.79231,-87.79288,1,1,1.0,1.0,0.0,1.0
1231.0,Public Rack - Neenah & Archer,41.79214,-87.78541,1,1,1.0,1.0,0.0,1.0
1056,Public Rack - Sawyer Ave & Chicago Ave,41.89546,-87.70809,1,1,1.0,0.0,0.0,1.0
1061,Public Rack - Central Park Ave & Fulton Blvd,41.88615,-87.71551,1,1,1.0,1.0,0.0,1.0
CHI01230,Public Rack - Avers Ave & Archer Ave,41.80449,-87.71958,1,0,1.0,0.0,0.0,0.0
CHI01231,Public Rack - Western Blvd & 53rd St,41.79678,-87.68336,1,0,1.0,0.0,0.0,0.0
CHI01239,Public Rack - Stewart Ave & 123rd St,41.67056,-87.63219,1,0,1.0,0.0,0.0,0.0
CHI01240,Public Rack - Kedvale Ave & Addison St,41.94717,-87.73084,1,1,1.0,1.0,0.0,1.0
CHI01242,Public Rack - Exchange Ave & 131st St,41.65717,-87.55259,1,1,1.0,1.0,0.0,1.0
CHI01360,Public Rack - Christiana Ave & 111th St,41.69137,-87.70481,1,1,1.0,1.0,0.0,1.0
CHI01362,Public Rack - Homewood Ave & Monterey Ave,41.69175,-87.6703,1,0,1.0,1.0,0.0,0.0
CHI01363,Public Rack - Western Ave & 111th St - SE,41.69167,-87.68102,1,1,1.0,1.0,0.0,1.0
1136.0,Public Rack - William J Onahan Public School,41.99377,-87.79256,1,1,3.0,1.0,2.0,1.0
1138.0,Public Rack - Normandy Ave & Raven St,41.99387,-87.79254,1,1,1.0,1.0,0.0,1.0
1139.0,Public Rack - Northwest Hwy & Raven St,41.99279,-87.79928,1,1,1.0,1.0,0.0,1.0
1143.0,Public Rack - Mason Ave & Milwaukee Ave,41.98568,-87.77707,1,1,1.0,1.0,0.0,1.0
CHI00687,Public Rack - Cicero Ave & Wellington Ave,41.93578,-87.74658,1,1,1.0,1.0,0.0,1.0
1027,Public Rack - Fairfield Ave & 63rd St,41.77926,-87.6927,1,1,1.0,1.0,0.0,1.0
477,Public Rack - California Ave & Touhy Ave - midblock,42.01221,-87.70047,1,1,1.0,1.0,0.0,1.0
478,Public Rack - California Ave & Touhy Ave - SW,42.01187,-87.70041,1,1,1.0,1.0,0.0,1.0
1085.0,Public Rack - 63rd Pl & Narraganssett Ave,41.77659,-87.78208,1,1,2.0,1.0,1.0,1.0
1014,Public Rack - Richmond St & Thorndale Ave,41.98893,-87.70279,1,1,1.0,1.0,0.0,1.0
1087.0,Public Rack - Sayre Ave & 59th St,41.78468,-87.79581,1,1,1.0,1.0,0.0,1.0
1088.0,Public Rack - Natoma Ave & 61st St,41.78094,-87.78764,1,1,1.0,1.0,0.0,1.0
1089.0,Public Rack - Normandy Ave & Archer Ave,41.7923,-87.78879,1,1,1.0,1.0,0.0,1.0
1090.0,Public Rack - Minuteman Park,41.78533,-87.7626,1,1,3.0,1.0,2.0,1.0
CHI01496,Public Rack - Laflin St &51st ST,41.80135,-87.66208,1,1,5.0,3.0,4.0,1.0
1135.0,Public Rack - Higgins Ave & Neva Ave,41.9806,-87.80605,1,1,1.0,1.0,0.0,1.0
1094.0,Public Rack - Mason Ave & Archer Ave,41.7942,-87.77139,1,1,1.0,1.0,0.0,1.0
1095.0,Public Rack - Mobile Ave & Archer Ave,41.7929,-87.78024,1,1,1.0,1.0,0.0,1.0
1096.0,Public Rack - Austin Ave & Archer Ave,41.79421,-87.77162,1,1,1.0,1.0,0.0,1.0
1097.0,Public Rack - Meade Ave & Archer Ave,41.79405,-87.77408,1,1,1.0,1.0,0.0,1.0
1018,Public Rack - Kostner Ave & Wrightwood Ave,41.92786,-87.73576,1,1,1.0,1.0,0.0,1.0
1082.0,Public Rack - 63rd St and Natoma Ave,41.77793,-87.78758,1,1,1.0,1.0,0.0,1.0
1083.0,Public Rack - 63rd St & Meade Ave,41.77867,-87.77484,1,1,1.0,1.0,0.0,1.0
1016,Public Rack - Peterson Ave & Bernard Ave,41.99023,-87.71563,1,1,1.0,1.0,0.0,1.0
